date;categorie;montant_ht;tva_20pct;montant_ttc;justificatif;statut
21/04/2022;Restaurant;5000,00;1000,00;6000,00;oui;en attente
13/06/2022;Deplacement;650,99;130,20;781,19;non;en attente
23/03/2023;Deplacement;500,00;100,00;600,00;oui;rejete
15/04/2022;Formation;600,50;120,10;720,60;oui;valide
17/03/2023;Transport;80,00;16,00;96,00;photo floue;en attente
10/05/2023;Telecom;2699,00;539,80;3238,80;non;rejete
24/10/2023;Deplacement;600,00;120,00;720,00;photo floue;rejete
13/05/2023;Deplacement;2500,00;500,00;3000,00;photo floue;en attente
26/03/2022;Deplacement;5000,50;1000,10;6000,60;photo floue;rejete
17/03/2022;Fournitures;650,00;130,00;780,00;photo floue;en attente
01/04/2022;Representation;80,00;16,00;96,00;perdu;valide
03/03/2022;Informatique;3523,00;704,60;4227,60;perdu;en attente
04/07/2023;Taxi/VTC;350,00;70,00;420,00;photo floue;en attente
22/01/2022;Telecom;250,00;50,00;300,00;perdu;en attente
25/09/2023;Fournitures;3643,00;728,60;4371,60;oui;rejete
09/01/2022;Informatique;150,00;30,00;180,00;photo floue;valide
27/11/2022;Deplacement;750,00;150,00;900,00;perdu;en attente
25/01/2022;Restaurant;650,00;130,00;780,00;non;en attente
16/11/2023;Hotel;3000,00;600,00;3600,00;non;rejete
01/02/2023;Hotel;668,50;133,70;802,20;perdu;valide
02/07/2023;Fournitures;750,00;150,00;900,00;perdu;rejete
19/03/2023;Hotel;6000,00;1200,00;7200,00;oui;rejete
30/12/2023;Transport;80,00;16,00;96,00;photo floue;en attente
29/11/2022;Formation;90,00;18,00;108,00;non;en attente
07/08/2023;Deplacement;4000,00;800,00;4800,00;perdu;valide
26/11/2022;Fournitures;2192,00;438,40;2630,40;perdu;en attente
02/06/2023;Restaurant;858,99;171,80;1030,79;non;valide
21/11/2022;Taxi/VTC;450,00;90,00;540,00;oui;en attente
19/05/2022;Deplacement;7000,99;1400,20;8401,19;photo floue;en attente
15/08/2023;Formation;500,50;100,10;600,60;photo floue;en attente
17/09/2023;Formation;4306,99;861,40;5168,39;oui;rejete
06/05/2022;Representation;3013,50;602,70;3616,20;oui;en attente
20/11/2022;Telecom;2500,99;500,20;3001,19;perdu;valide
05/07/2022;Telecom;4500,00;900,00;5400,00;photo floue;valide
29/06/2022;Formation;500,99;100,20;601,19;photo floue;en attente
30/05/2023;Hotel;1202,99;240,60;1443,59;perdu;valide
22/04/2023;Formation;750,00;150,00;900,00;perdu;valide
19/12/2022;Telecom;800,00;160,00;960,00;non;rejete
19/02/2022;Telecom;550,00;110,00;660,00;non;valide
04/05/2023;Restaurant;900,50;180,10;1080,60;oui;en attente
15/08/2022;Deplacement;9500,00;1900,00;11400,00;oui;en attente
15/01/2022;Deplacement;2565,50;513,10;3078,60;perdu;rejete
19/10/2022;Formation;100,99;20,20;121,19;non;en attente
21/11/2023;Informatique;1800,00;360,00;2160,00;non;valide
28/06/2023;Restaurant;300,50;60,10;360,60;non;en attente
25/06/2023;Telecom;4028,00;805,60;4833,60;oui;valide
19/07/2022;Telecom;1000,00;200,00;1200,00;oui;rejete
03/03/2022;Formation;6000,00;1200,00;7200,00;photo floue;rejete
19/07/2022;Formation;300,00;60,00;360,00;non;valide
27/01/2022;Restaurant;400,00;80,00;480,00;oui;en attente
10/09/2022;Informatique;95,99;19,20;115,19;photo floue;rejete
19/11/2023;Fournitures;2691,00;538,20;3229,20;perdu;valide
23/04/2023;Deplacement;700,50;140,10;840,60;non;en attente
13/07/2022;Taxi/VTC;800,00;160,00;960,00;photo floue;valide
20/04/2022;Telecom;2549,00;509,80;3058,80;non;valide
18/01/2022;Telecom;3090,00;618,00;3708,00;photo floue;rejete
18/02/2022;Informatique;400,00;80,00;480,00;oui;rejete
16/11/2023;Hotel;650,50;130,10;780,60;non;en attente
06/01/2022;Transport;9999,00;1999,80;11998,80;non;valide
17/03/2023;Informatique;250,00;50,00;300,00;non;rejete
14/12/2023;Formation;300,00;60,00;360,00;oui;valide
02/09/2022;Restaurant;7000,99;1400,20;8401,19;non;en attente
26/10/2022;Informatique;150,50;30,10;180,60;perdu;rejete
01/03/2022;Formation;450,99;90,20;541,19;oui;valide
01/01/2022;Taxi/VTC;250,00;50,00;300,00;perdu;en attente
03/03/2023;Deplacement;2000,00;400,00;2400,00;oui;rejete
25/12/2022;Fournitures;3000,99;600,20;3601,19;oui;rejete
30/11/2022;Fournitures;4000,00;800,00;4800,00;photo floue;valide
13/10/2023;Representation;4574,00;914,80;5488,80;oui;valide
18/10/2022;Taxi/VTC;800,50;160,10;960,60;non;en attente
03/10/2023;Restaurant;90,50;18,10;108,60;non;valide
12/09/2023;Informatique;250,99;50,20;301,19;oui;en attente
18/09/2022;Hotel;802,00;160,40;962,40;perdu;valide
22/07/2023;Fournitures;1800,00;360,00;2160,00;oui;rejete
16/10/2023;Deplacement;650,00;130,00;780,00;perdu;en attente
14/04/2022;Taxi/VTC;8000,00;1600,00;9600,00;photo floue;en attente
16/05/2022;Informatique;1676,99;335,40;2012,39;photo floue;valide
13/05/2022;Formation;50,99;10,20;61,19;oui;valide
04/02/2023;Deplacement;300,50;60,10;360,60;perdu;valide
06/08/2023;Restaurant;1200,00;240,00;1440,00;oui;rejete
04/09/2023;Deplacement;9999,00;1999,80;11998,80;perdu;valide
25/05/2023;Transport;400,00;80,00;480,00;oui;en attente
18/02/2022;Hotel;1461,00;292,20;1753,20;non;valide
21/03/2023;Telecom;350,00;70,00;420,00;perdu;valide
15/11/2022;Taxi/VTC;95,99;19,20;115,19;oui;valide
21/02/2022;Restaurant;2000,00;400,00;2400,00;photo floue;rejete
21/10/2023;Telecom;650,50;130,10;780,60;photo floue;en attente
22/10/2023;Hotel;450,00;90,00;540,00;non;rejete
27/09/2022;Representation;950,00;190,00;1140,00;perdu;en attente
17/07/2023;Transport;8500,50;1700,10;10200,60;oui;valide
04/09/2023;Representation;250,00;50,00;300,00;oui;en attente
31/01/2022;Taxi/VTC;7500,00;1500,00;9000,00;perdu;en attente
06/07/2023;Telecom;4500,00;900,00;5400,00;perdu;valide
18/05/2023;Transport;100,00;20,00;120,00;perdu;en attente
28/01/2023;Transport;796,00;159,20;955,20;non;rejete
26/08/2022;Hotel;900,99;180,20;1081,19;photo floue;en attente
27/10/2023;Informatique;3609,50;721,90;4331,40;perdu;en attente
24/02/2022;Telecom;175,50;35,10;210,60;non;en attente
03/12/2023;Restaurant;7000,50;1400,10;8400,60;photo floue;rejete
01/11/2023;Transport;500,00;100,00;600,00;non;en attente
25/12/2022;Deplacement;900,00;180,00;1080,00;photo floue;valide
10/02/2023;Hotel;8500,99;1700,20;10201,19;perdu;valide
31/03/2023;Formation;922,99;184,60;1107,59;photo floue;valide
02/09/2022;Hotel;700,00;140,00;840,00;photo floue;rejete
09/07/2022;Representation;2500,00;500,00;3000,00;non;rejete
15/03/2023;Telecom;3000,99;600,20;3601,19;oui;en attente
22/11/2023;Transport;700,00;140,00;840,00;oui;en attente
14/06/2023;Taxi/VTC;200,00;40,00;240,00;oui;rejete
07/03/2022;Telecom;750,50;150,10;900,60;non;valide
16/05/2023;Informatique;3000,00;600,00;3600,00;oui;en attente
21/09/2022;Hotel;750,00;150,00;900,00;oui;rejete
08/03/2022;Hotel;350,00;70,00;420,00;photo floue;rejete
11/02/2022;Telecom;3778,99;755,80;4534,79;photo floue;valide
07/12/2022;Hotel;4357,00;871,40;5228,40;perdu;en attente
01/04/2023;Hotel;350,00;70,00;420,00;photo floue;rejete
20/11/2022;Informatique;400,99;80,20;481,19;perdu;valide
05/02/2022;Informatique;700,00;140,00;840,00;photo floue;valide
15/08/2022;Taxi/VTC;3500,00;700,00;4200,00;perdu;valide
04/10/2023;Taxi/VTC;5500,00;1100,00;6600,00;photo floue;en attente
08/02/2023;Fournitures;600,00;120,00;720,00;photo floue;valide
20/09/2023;Representation;3335,00;667,00;4002,00;non;valide
31/03/2023;Restaurant;800,50;160,10;960,60;perdu;rejete
01/09/2022;Taxi/VTC;350,99;70,20;421,19;photo floue;rejete
22/04/2023;Hotel;1000,00;200,00;1200,00;non;valide
08/11/2022;Informatique;250,00;50,00;300,00;photo floue;valide
20/07/2022;Transport;1800,00;360,00;2160,00;perdu;valide
16/07/2022;Representation;4500,99;900,20;5401,19;photo floue;valide
15/06/2022;Transport;650,50;130,10;780,60;perdu;valide
28/06/2022;Hotel;700,00;140,00;840,00;photo floue;en attente
13/09/2023;Transport;1000,00;200,00;1200,00;non;rejete
11/11/2022;Hotel;300,00;60,00;360,00;non;en attente
24/01/2022;Transport;4500,00;900,00;5400,00;photo floue;en attente
07/08/2023;Formation;1500,00;300,00;1800,00;non;valide
02/06/2023;Taxi/VTC;2500,50;500,10;3000,60;non;rejete
27/06/2023;Representation;6000,00;1200,00;7200,00;non;valide
06/10/2023;Telecom;1172,00;234,40;1406,40;non;rejete
16/11/2023;Restaurant;5000,50;1000,10;6000,60;photo floue;valide
19/03/2023;Deplacement;450,50;90,10;540,60;oui;en attente
05/06/2022;Fournitures;500,00;100,00;600,00;non;valide
06/11/2022;Restaurant;150,00;30,00;180,00;photo floue;valide
12/07/2023;Transport;950,00;190,00;1140,00;perdu;valide
11/05/2022;Telecom;250,00;50,00;300,00;photo floue;rejete
07/05/2023;Telecom;1153,50;230,70;1384,20;perdu;en attente
21/12/2023;Hotel;700,99;140,20;841,19;perdu;en attente
22/12/2022;Representation;175,00;35,00;210,00;perdu;en attente
27/10/2023;Telecom;350,00;70,00;420,00;perdu;valide
16/07/2023;Telecom;7000,50;1400,10;8400,60;non;rejete
10/08/2023;Formation;300,00;60,00;360,00;perdu;en attente
25/12/2023;Deplacement;3000,50;600,10;3600,60;non;en attente
06/09/2023;Taxi/VTC;450,00;90,00;540,00;perdu;en attente
23/04/2023;Representation;3500,00;700,00;4200,00;perdu;en attente
05/10/2022;Restaurant;500,00;100,00;600,00;non;en attente
05/09/2022;Transport;2500,99;500,20;3001,19;non;valide
26/01/2023;Fournitures;1000,00;200,00;1200,00;photo floue;en attente
25/03/2023;Informatique;120,00;24,00;144,00;perdu;valide
14/04/2023;Informatique;800,00;160,00;960,00;photo floue;rejete
15/03/2023;Restaurant;250,00;50,00;300,00;non;valide
29/09/2023;Deplacement;9000,50;1800,10;10800,60;perdu;valide
16/03/2022;Taxi/VTC;3000,99;600,20;3601,19;photo floue;rejete
06/02/2023;Telecom;400,00;80,00;480,00;non;rejete
25/11/2023;Representation;400,00;80,00;480,00;non;rejete
06/07/2023;Fournitures;900,00;180,00;1080,00;photo floue;en attente
12/10/2023;Transport;120,99;24,20;145,19;non;en attente
22/01/2022;Hotel;9000,00;1800,00;10800,00;perdu;rejete
14/12/2022;Representation;1800,00;360,00;2160,00;oui;valide
09/09/2022;Taxi/VTC;2683,50;536,70;3220,20;photo floue;rejete
08/05/2023;Fournitures;650,00;130,00;780,00;perdu;rejete
14/04/2023;Telecom;1500,00;300,00;1800,00;photo floue;rejete
20/02/2022;Hotel;250,50;50,10;300,60;perdu;en attente
03/08/2022;Telecom;400,00;80,00;480,00;non;valide
20/08/2023;Representation;500,00;100,00;600,00;photo floue;en attente
11/10/2023;Taxi/VTC;723,50;144,70;868,20;non;rejete
12/12/2022;Transport;9000,00;1800,00;10800,00;non;rejete
15/11/2022;Formation;100,00;20,00;120,00;photo floue;rejete
19/08/2022;Transport;3668,00;733,60;4401,60;perdu;rejete
24/03/2023;Representation;90,00;18,00;108,00;perdu;en attente
13/12/2023;Hotel;80,50;16,10;96,60;oui;en attente
25/10/2023;Hotel;150,00;30,00;180,00;non;en attente
07/02/2022;Taxi/VTC;500,00;100,00;600,00;oui;rejete
18/06/2022;Taxi/VTC;1000,00;200,00;1200,00;photo floue;rejete
28/04/2022;Telecom;2500,50;500,10;3000,60;photo floue;valide
08/11/2023;Telecom;4500,00;900,00;5400,00;oui;valide
24/05/2022;Telecom;450,99;90,20;541,19;non;valide
02/10/2023;Taxi/VTC;9500,99;1900,20;11401,19;perdu;valide
07/01/2023;Taxi/VTC;3000,00;600,00;3600,00;oui;valide
21/12/2023;Deplacement;315,99;63,20;379,19;perdu;valide
12/01/2023;Deplacement;950,00;190,00;1140,00;perdu;en attente
17/03/2022;Representation;800,00;160,00;960,00;oui;valide
18/12/2023;Hotel;3401,00;680,20;4081,20;oui;rejete
17/12/2023;Taxi/VTC;1450,00;290,00;1740,00;non;rejete
06/03/2022;Representation;600,99;120,20;721,19;photo floue;valide
25/02/2023;Hotel;900,00;180,00;1080,00;photo floue;en attente
29/09/2023;Hotel;2500,00;500,00;3000,00;perdu;rejete
13/08/2023;Deplacement;4279,50;855,90;5135,40;perdu;valide
19/11/2022;Taxi/VTC;5500,50;1100,10;6600,60;oui;valide
29/08/2022;Telecom;2232,00;446,40;2678,40;photo floue;en attente
15/10/2022;Informatique;1000,50;200,10;1200,60;oui;rejete
07/05/2023;Deplacement;3000,00;600,00;3600,00;photo floue;valide
08/10/2022;Telecom;200,99;40,20;241,19;non;valide
16/10/2022;Hotel;8000,00;1600,00;9600,00;perdu;valide
10/09/2022;Informatique;3780,00;756,00;4536,00;oui;rejete
05/02/2022;Formation;5000,99;1000,20;6001,19;perdu;valide
14/03/2022;Fournitures;1000,00;200,00;1200,00;non;valide
18/11/2022;Transport;3000,00;600,00;3600,00;non;en attente
05/04/2023;Hotel;7500,00;1500,00;9000,00;non;valide
16/08/2022;Fournitures;50,99;10,20;61,19;photo floue;en attente
27/02/2022;Transport;2757,00;551,40;3308,40;non;en attente
26/05/2022;Taxi/VTC;95,00;19,00;114,00;photo floue;rejete
22/06/2022;Representation;5000,00;1000,00;6000,00;oui;rejete
21/07/2023;Transport;350,99;70,20;421,19;oui;valide
24/06/2023;Hotel;900,50;180,10;1080,60;perdu;valide
11/12/2023;Formation;969,00;193,80;1162,80;perdu;valide
14/08/2023;Formation;650,50;130,10;780,60;oui;rejete
27/05/2023;Transport;550,50;110,10;660,60;oui;en attente
05/07/2023;Transport;900,50;180,10;1080,60;photo floue;rejete
22/08/2023;Fournitures;1118,50;223,70;1342,20;photo floue;rejete
24/01/2022;Informatique;1876,00;375,20;2251,20;non;en attente
25/12/2023;Telecom;3547,00;709,40;4256,40;photo floue;en attente
19/07/2023;Taxi/VTC;750,00;150,00;900,00;photo floue;en attente
22/06/2023;Hotel;400,00;80,00;480,00;non;valide
24/11/2023;Fournitures;5000,50;1000,10;6000,60;non;rejete
13/11/2023;Hotel;1200,00;240,00;1440,00;oui;valide
28/10/2023;Informatique;800,99;160,20;961,19;perdu;rejete
05/07/2022;Fournitures;4250,00;850,00;5100,00;oui;en attente
06/01/2022;Hotel;4000,00;800,00;4800,00;photo floue;valide
10/11/2023;Representation;175,00;35,00;210,00;perdu;rejete
18/06/2023;Fournitures;600,00;120,00;720,00;photo floue;rejete
01/11/2023;Restaurant;550,00;110,00;660,00;oui;rejete
15/03/2022;Restaurant;150,99;30,20;181,19;non;valide
16/04/2023;Deplacement;4362,50;872,50;5235,00;oui;valide
06/10/2022;Fournitures;650,00;130,00;780,00;non;rejete
15/04/2023;Taxi/VTC;1961,99;392,40;2354,39;photo floue;valide
27/05/2023;Restaurant;500,00;100,00;600,00;oui;en attente
18/05/2022;Fournitures;90,00;18,00;108,00;perdu;rejete
08/01/2023;Informatique;9500,00;1900,00;11400,00;oui;valide
09/06/2023;Representation;650,00;130,00;780,00;perdu;rejete
29/07/2023;Taxi/VTC;3500,00;700,00;4200,00;non;en attente
11/03/2023;Telecom;700,99;140,20;841,19;perdu;en attente
22/07/2023;Telecom;1029,99;206,00;1235,99;non;rejete
21/10/2022;Fournitures;4243,00;848,60;5091,60;oui;valide
21/11/2023;Transport;3126,00;625,20;3751,20;perdu;rejete
31/12/2022;Hotel;2500,99;500,20;3001,19;oui;en attente
27/03/2023;Hotel;3736,00;747,20;4483,20;non;rejete
03/07/2022;Taxi/VTC;400,00;80,00;480,00;oui;rejete
02/05/2022;Restaurant;4683,99;936,80;5620,79;non;en attente
05/05/2023;Restaurant;7500,99;1500,20;9001,19;photo floue;en attente
31/08/2022;Transport;250,00;50,00;300,00;oui;en attente
19/07/2023;Representation;4590,00;918,00;5508,00;oui;en attente
21/06/2023;Transport;5000,50;1000,10;6000,60;photo floue;en attente
19/01/2022;Restaurant;100,50;20,10;120,60;photo floue;valide
31/10/2022;Taxi/VTC;9000,99;1800,20;10801,19;oui;en attente
05/04/2022;Telecom;850,00;170,00;1020,00;non;en attente
11/03/2023;Telecom;500,00;100,00;600,00;perdu;rejete
15/04/2022;Taxi/VTC;700,00;140,00;840,00;oui;en attente
21/11/2022;Hotel;500,00;100,00;600,00;photo floue;rejete
21/02/2023;Hotel;90,00;18,00;108,00;photo floue;rejete
16/01/2023;Telecom;600,50;120,10;720,60;photo floue;valide
10/10/2022;Representation;2500,00;500,00;3000,00;perdu;valide
16/12/2022;Taxi/VTC;400,50;80,10;480,60;photo floue;rejete
07/12/2022;Restaurant;350,00;70,00;420,00;oui;valide
20/05/2022;Telecom;150,00;30,00;180,00;perdu;valide
17/04/2022;Fournitures;250,50;50,10;300,60;non;rejete
16/07/2022;Hotel;650,00;130,00;780,00;photo floue;en attente
23/09/2022;Fournitures;4596,00;919,20;5515,20;non;en attente
06/05/2022;Fournitures;2500,00;500,00;3000,00;non;rejete
25/08/2022;Telecom;633,99;126,80;760,79;non;en attente
01/05/2022;Representation;7000,00;1400,00;8400,00;perdu;valide
17/12/2022;Restaurant;4684,00;936,80;5620,80;perdu;rejete
23/04/2023;Informatique;650,00;130,00;780,00;perdu;rejete
25/07/2022;Hotel;800,00;160,00;960,00;perdu;en attente
23/05/2022;Transport;750,00;150,00;900,00;non;rejete
25/06/2023;Informatique;8000,00;1600,00;9600,00;perdu;rejete
18/09/2022;Deplacement;4428,99;885,80;5314,79;perdu;rejete
19/01/2023;Deplacement;4500,50;900,10;5400,60;oui;valide
09/05/2022;Telecom;2000,00;400,00;2400,00;non;valide
26/08/2022;Telecom;7000,99;1400,20;8401,19;oui;valide
25/04/2022;Representation;1264,00;252,80;1516,80;photo floue;rejete
06/02/2022;Representation;400,00;80,00;480,00;oui;en attente
06/04/2022;Informatique;2174,50;434,90;2609,40;photo floue;en attente
19/01/2022;Informatique;90,00;18,00;108,00;perdu;rejete
04/05/2023;Deplacement;4148,00;829,60;4977,60;perdu;rejete
08/04/2023;Formation;600,00;120,00;720,00;perdu;rejete
22/01/2022;Informatique;453,00;90,60;543,60;non;en attente
10/06/2023;Restaurant;2500,00;500,00;3000,00;non;en attente
22/09/2023;Formation;2500,00;500,00;3000,00;photo floue;rejete
29/10/2022;Informatique;700,50;140,10;840,60;perdu;rejete
26/01/2023;Informatique;9500,50;1900,10;11400,60;non;rejete
09/07/2022;Transport;90,50;18,10;108,60;perdu;valide
25/03/2022;Representation;3500,00;700,00;4200,00;perdu;en attente
12/06/2022;Representation;1800,99;360,20;2161,19;perdu;en attente
29/12/2022;Restaurant;100,00;20,00;120,00;non;en attente
25/06/2023;Restaurant;3608,50;721,70;4330,20;perdu;valide
13/12/2023;Transport;500,00;100,00;600,00;perdu;valide
24/04/2022;Restaurant;650,00;130,00;780,00;photo floue;rejete
17/10/2023;Taxi/VTC;500,00;100,00;600,00;perdu;rejete
13/11/2023;Formation;4500,00;900,00;5400,00;non;valide
14/12/2023;Informatique;500,00;100,00;600,00;perdu;valide
04/11/2022;Informatique;900,50;180,10;1080,60;non;valide
10/09/2022;Representation;900,00;180,00;1080,00;photo floue;en attente
22/12/2022;Hotel;8500,00;1700,00;10200,00;photo floue;valide
18/08/2023;Deplacement;5000,00;1000,00;6000,00;photo floue;valide
18/03/2022;Formation;3176,00;635,20;3811,20;photo floue;en attente
30/05/2023;Fournitures;3500,00;700,00;4200,00;photo floue;rejete
14/09/2023;Telecom;50,00;10,00;60,00;perdu;en attente
30/08/2023;Representation;750,00;150,00;900,00;perdu;valide
08/09/2022;Restaurant;3000,00;600,00;3600,00;non;rejete
28/07/2022;Hotel;950,00;190,00;1140,00;photo floue;rejete
01/05/2022;Hotel;9500,00;1900,00;11400,00;perdu;en attente
05/02/2022;Transport;450,99;90,20;541,19;perdu;rejete
30/04/2022;Transport;500,99;100,20;601,19;non;en attente
09/08/2022;Hotel;8000,00;1600,00;9600,00;perdu;rejete
23/07/2022;Formation;800,99;160,20;961,19;oui;en attente
24/05/2022;Hotel;2060,00;412,00;2472,00;oui;en attente
03/06/2022;Formation;800,99;160,20;961,19;photo floue;en attente
21/05/2023;Informatique;650,00;130,00;780,00;non;en attente
01/03/2022;Fournitures;600,99;120,20;721,19;photo floue;en attente
06/06/2023;Representation;500,00;100,00;600,00;non;valide
12/09/2022;Hotel;570,00;114,00;684,00;non;en attente
24/05/2023;Informatique;900,00;180,00;1080,00;perdu;valide
22/08/2023;Telecom;2961,00;592,20;3553,20;oui;en attente
20/08/2022;Representation;1190,50;238,10;1428,60;non;valide
08/03/2023;Representation;450,00;90,00;540,00;oui;rejete
07/04/2023;Telecom;7000,00;1400,00;8400,00;perdu;valide
29/12/2022;Fournitures;100,50;20,10;120,60;non;en attente
11/08/2022;Restaurant;2000,00;400,00;2400,00;photo floue;valide
01/05/2022;Representation;1379,00;275,80;1654,80;oui;en attente
18/11/2022;Telecom;9000,00;1800,00;10800,00;non;rejete
01/05/2023;Taxi/VTC;450,50;90,10;540,60;oui;rejete
13/03/2023;Restaurant;1982,99;396,60;2379,59;photo floue;en attente
15/05/2022;Restaurant;120,50;24,10;144,60;perdu;en attente
27/05/2022;Taxi/VTC;6000,50;1200,10;7200,60;non;en attente
11/03/2022;Hotel;2829,00;565,80;3394,80;oui;en attente
30/03/2022;Fournitures;4000,00;800,00;4800,00;non;rejete
03/10/2022;Formation;8000,99;1600,20;9601,19;non;rejete
12/01/2022;Informatique;4000,00;800,00;4800,00;non;en attente
24/10/2022;Restaurant;1999,99;400,00;2399,99;non;valide
31/07/2022;Formation;1500,00;300,00;1800,00;photo floue;rejete
11/12/2022;Deplacement;473,50;94,70;568,20;oui;en attente
15/08/2022;Hotel;4208,50;841,70;5050,20;photo floue;rejete
15/10/2022;Deplacement;5000,00;1000,00;6000,00;non;rejete
13/09/2023;Fournitures;2451,50;490,30;2941,80;perdu;valide
26/12/2023;Restaurant;3997,00;799,40;4796,40;non;en attente
11/11/2022;Hotel;2000,99;400,20;2401,19;perdu;en attente
15/08/2022;Taxi/VTC;95,50;19,10;114,60;photo floue;rejete
29/07/2022;Transport;2500,50;500,10;3000,60;non;valide
19/03/2022;Representation;500,50;100,10;600,60;perdu;valide
26/04/2022;Restaurant;900,50;180,10;1080,60;perdu;valide
05/04/2023;Transport;300,99;60,20;361,19;photo floue;en attente
15/12/2023;Taxi/VTC;150,00;30,00;180,00;perdu;rejete
23/12/2023;Formation;6000,00;1200,00;7200,00;oui;en attente
02/05/2022;Transport;2202,00;440,40;2642,40;non;en attente
10/08/2023;Representation;700,00;140,00;840,00;perdu;en attente
20/06/2022;Hotel;550,00;110,00;660,00;non;rejete
19/10/2022;Hotel;2500,99;500,20;3001,19;photo floue;rejete
14/05/2022;Taxi/VTC;80,00;16,00;96,00;non;rejete
20/04/2023;Formation;7000,99;1400,20;8401,19;oui;en attente
01/03/2022;Restaurant;1215,99;243,20;1459,19;perdu;valide
30/04/2023;Taxi/VTC;300,50;60,10;360,60;non;rejete
17/08/2022;Deplacement;800,00;160,00;960,00;perdu;rejete
09/08/2023;Taxi/VTC;5500,00;1100,00;6600,00;non;valide
20/03/2022;Transport;400,00;80,00;480,00;oui;en attente
20/05/2023;Transport;800,00;160,00;960,00;non;rejete
31/01/2022;Formation;3500,00;700,00;4200,00;oui;en attente
07/07/2022;Informatique;4278,00;855,60;5133,60;photo floue;valide
01/04/2023;Deplacement;1000,00;200,00;1200,00;photo floue;en attente
15/06/2023;Informatique;9999,00;1999,80;11998,80;non;en attente
01/03/2022;Fournitures;1404,00;280,80;1684,80;non;en attente
11/05/2023;Fournitures;6000,50;1200,10;7200,60;oui;rejete
28/10/2023;Restaurant;5000,99;1000,20;6001,19;oui;rejete
17/08/2023;Formation;700,00;140,00;840,00;non;rejete
10/08/2022;Hotel;700,00;140,00;840,00;photo floue;rejete
09/01/2022;Taxi/VTC;8000,00;1600,00;9600,00;photo floue;en attente
29/09/2023;Telecom;250,00;50,00;300,00;non;rejete
24/11/2023;Fournitures;1000,99;200,20;1201,19;photo floue;en attente
01/06/2023;Formation;5000,00;1000,00;6000,00;photo floue;valide
23/11/2023;Transport;5500,00;1100,00;6600,00;oui;valide
05/09/2023;Fournitures;3346,00;669,20;4015,20;perdu;en attente
15/10/2023;Informatique;1574,00;314,80;1888,80;non;valide
15/02/2023;Restaurant;600,00;120,00;720,00;photo floue;en attente
21/06/2023;Formation;2393,00;478,60;2871,60;perdu;valide
21/06/2022;Representation;300,50;60,10;360,60;non;rejete
05/06/2022;Telecom;9000,00;1800,00;10800,00;perdu;rejete
31/08/2022;Formation;150,00;30,00;180,00;perdu;en attente
27/02/2023;Hotel;1000,50;200,10;1200,60;photo floue;en attente
04/10/2023;Deplacement;150,00;30,00;180,00;perdu;rejete
16/01/2023;Taxi/VTC;588,00;117,60;705,60;oui;en attente
10/03/2023;Hotel;150,99;30,20;181,19;perdu;valide
09/10/2022;Transport;5000,99;1000,20;6001,19;photo floue;valide
18/03/2022;Fournitures;900,00;180,00;1080,00;oui;rejete
20/04/2022;Deplacement;1584,50;316,90;1901,40;oui;valide
12/02/2023;Informatique;750,00;150,00;900,00;oui;valide
29/03/2023;Telecom;800,99;160,20;961,19;non;valide
27/01/2023;Deplacement;1800,00;360,00;2160,00;oui;rejete
23/09/2022;Taxi/VTC;850,50;170,10;1020,60;oui;valide
12/08/2022;Transport;550,50;110,10;660,60;non;en attente
15/06/2022;Deplacement;600,00;120,00;720,00;perdu;valide
05/07/2023;Representation;800,00;160,00;960,00;perdu;rejete
08/12/2022;Deplacement;3000,00;600,00;3600,00;perdu;en attente
25/03/2022;Restaurant;2500,00;500,00;3000,00;non;rejete
23/02/2022;Formation;426,99;85,40;512,39;photo floue;valide
01/05/2023;Fournitures;850,00;170,00;1020,00;photo floue;rejete
19/07/2022;Formation;75,00;15,00;90,00;oui;en attente
31/08/2022;Fournitures;4372,00;874,40;5246,40;perdu;en attente
05/12/2022;Fournitures;750,99;150,20;901,19;non;valide
11/09/2023;Hotel;4000,00;800,00;4800,00;oui;rejete
02/07/2023;Hotel;800,99;160,20;961,19;photo floue;valide
22/01/2022;Telecom;4500,00;900,00;5400,00;oui;en attente
29/09/2022;Restaurant;500,00;100,00;600,00;perdu;en attente
14/02/2023;Deplacement;5000,00;1000,00;6000,00;photo floue;en attente
08/09/2023;Formation;1500,99;300,20;1801,19;photo floue;valide
10/04/2023;Transport;2500,00;500,00;3000,00;oui;rejete
28/01/2022;Fournitures;1500,00;300,00;1800,00;oui;rejete
27/11/2022;Taxi/VTC;450,50;90,10;540,60;perdu;valide
22/05/2023;Taxi/VTC;8000,50;1600,10;9600,60;non;en attente
01/07/2022;Representation;900,00;180,00;1080,00;oui;valide
02/08/2023;Taxi/VTC;7000,00;1400,00;8400,00;photo floue;rejete
02/10/2022;Hotel;1200,00;240,00;1440,00;photo floue;valide
23/10/2022;Informatique;5000,50;1000,10;6000,60;photo floue;en attente
29/10/2022;Transport;75,00;15,00;90,00;photo floue;en attente
07/02/2022;Fournitures;95,99;19,20;115,19;non;rejete
28/12/2023;Hotel;500,99;100,20;601,19;perdu;en attente
11/11/2022;Fournitures;50,00;10,00;60,00;perdu;rejete
05/11/2022;Transport;650,99;130,20;781,19;photo floue;en attente
21/11/2023;Telecom;1007,00;201,40;1208,40;perdu;rejete
04/10/2022;Transport;100,00;20,00;120,00;perdu;valide
20/11/2022;Transport;550,00;110,00;660,00;oui;valide
30/05/2022;Taxi/VTC;8000,00;1600,00;9600,00;non;valide
09/11/2023;Deplacement;350,00;70,00;420,00;photo floue;rejete
11/03/2023;Transport;3872,00;774,40;4646,40;perdu;valide
18/07/2022;Representation;95,00;19,00;114,00;perdu;en attente
26/07/2023;Fournitures;4500,99;900,20;5401,19;non;en attente
06/11/2023;Fournitures;850,00;170,00;1020,00;photo floue;en attente
18/11/2023;Transport;2838,00;567,60;3405,60;perdu;valide
16/04/2022;Deplacement;120,00;24,00;144,00;perdu;en attente
25/10/2023;Hotel;95,00;19,00;114,00;non;rejete
26/12/2023;Representation;5000,99;1000,20;6001,19;oui;valide
02/05/2022;Deplacement;3000,99;600,20;3601,19;photo floue;rejete
08/02/2022;Representation;800,00;160,00;960,00;photo floue;valide
04/05/2022;Representation;2999,99;600,00;3599,99;photo floue;en attente
24/10/2022;Hotel;100,99;20,20;121,19;photo floue;en attente
29/12/2022;Fournitures;400,00;80,00;480,00;oui;rejete
14/11/2022;Restaurant;1000,50;200,10;1200,60;oui;valide
27/10/2022;Representation;350,99;70,20;421,19;perdu;rejete
04/10/2022;Representation;1200,50;240,10;1440,60;photo floue;en attente
03/08/2022;Restaurant;4000,99;800,20;4801,19;photo floue;valide
13/07/2022;Deplacement;900,00;180,00;1080,00;oui;valide
16/04/2023;Telecom;650,00;130,00;780,00;perdu;valide
24/08/2023;Representation;5000,00;1000,00;6000,00;photo floue;rejete
14/12/2022;Hotel;1395,00;279,00;1674,00;photo floue;rejete
17/12/2022;Hotel;4500,50;900,10;5400,60;perdu;valide
03/07/2022;Transport;750,50;150,10;900,60;photo floue;valide
14/01/2022;Informatique;4523,00;904,60;5427,60;photo floue;valide
10/09/2022;Restaurant;120,99;24,20;145,19;oui;en attente
29/03/2022;Hotel;800,00;160,00;960,00;non;en attente
30/10/2023;Hotel;900,50;180,10;1080,60;perdu;valide
22/07/2023;Informatique;750,00;150,00;900,00;non;en attente
04/01/2022;Representation;1200,00;240,00;1440,00;oui;rejete
01/10/2023;Transport;350,00;70,00;420,00;oui;en attente
27/10/2022;Restaurant;400,00;80,00;480,00;oui;rejete
03/04/2023;Telecom;400,00;80,00;480,00;perdu;rejete
11/01/2022;Hotel;8000,50;1600,10;9600,60;photo floue;rejete
10/12/2022;Fournitures;200,00;40,00;240,00;perdu;rejete
12/08/2022;Representation;3000,00;600,00;3600,00;non;en attente
26/07/2022;Hotel;2086,00;417,20;2503,20;photo floue;en attente
15/07/2022;Representation;95,00;19,00;114,00;oui;valide
30/12/2023;Telecom;4539,99;908,00;5447,99;photo floue;valide
26/03/2023;Telecom;175,50;35,10;210,60;non;valide
12/12/2022;Formation;2500,00;500,00;3000,00;perdu;valide
18/05/2023;Representation;4500,00;900,00;5400,00;photo floue;valide
13/10/2022;Telecom;75,00;15,00;90,00;perdu;en attente
08/07/2022;Formation;400,99;80,20;481,19;perdu;valide
10/06/2022;Telecom;600,00;120,00;720,00;non;rejete
11/08/2022;Telecom;600,00;120,00;720,00;perdu;en attente
04/04/2023;Telecom;2500,00;500,00;3000,00;non;en attente
08/11/2023;Deplacement;6000,99;1200,20;7201,19;photo floue;valide
17/10/2023;Transport;800,00;160,00;960,00;perdu;rejete
17/08/2023;Restaurant;900,99;180,20;1081,19;oui;rejete
29/05/2022;Fournitures;4000,00;800,00;4800,00;oui;valide
25/09/2022;Informatique;250,99;50,20;301,19;non;en attente
25/09/2023;Transport;3000,00;600,00;3600,00;photo floue;rejete
14/02/2022;Representation;4258,00;851,60;5109,60;oui;en attente
15/04/2023;Transport;800,50;160,10;960,60;oui;valide
20/08/2023;Formation;650,00;130,00;780,00;oui;en attente
02/12/2023;Telecom;1000,00;200,00;1200,00;photo floue;en attente
15/09/2023;Hotel;600,50;120,10;720,60;photo floue;valide
05/07/2023;Deplacement;7000,00;1400,00;8400,00;perdu;en attente
22/02/2023;Informatique;2819,99;564,00;3383,99;oui;en attente
26/03/2023;Deplacement;900,00;180,00;1080,00;photo floue;valide
02/12/2023;Representation;3793,00;758,60;4551,60;oui;valide
26/01/2022;Deplacement;800,50;160,10;960,60;non;valide
04/05/2023;Transport;1500,00;300,00;1800,00;photo floue;rejete
10/04/2022;Telecom;1000,99;200,20;1201,19;oui;en attente
11/08/2022;Deplacement;4571,00;914,20;5485,20;perdu;en attente
14/01/2022;Formation;550,50;110,10;660,60;perdu;rejete
04/11/2023;Telecom;600,00;120,00;720,00;photo floue;en attente
02/03/2022;Restaurant;8000,00;1600,00;9600,00;photo floue;rejete
22/09/2022;Representation;800,99;160,20;961,19;non;rejete
08/11/2022;Fournitures;1000,00;200,00;1200,00;oui;rejete
17/12/2023;Taxi/VTC;750,00;150,00;900,00;non;en attente
11/09/2022;Taxi/VTC;9500,00;1900,00;11400,00;oui;rejete
20/10/2023;Transport;1200,00;240,00;1440,00;oui;rejete
22/02/2023;Restaurant;800,00;160,00;960,00;oui;valide
29/10/2023;Transport;1081,50;216,30;1297,80;photo floue;rejete
19/09/2022;Fournitures;4858,00;971,60;5829,60;oui;valide
28/12/2022;Transport;350,50;70,10;420,60;oui;valide
11/06/2022;Hotel;1292,50;258,50;1551,00;non;en attente
03/09/2023;Restaurant;750,50;150,10;900,60;photo floue;valide
24/12/2023;Taxi/VTC;450,00;90,00;540,00;non;en attente
16/11/2023;Informatique;800,00;160,00;960,00;non;valide
24/03/2023;Transport;9999,00;1999,80;11998,80;non;en attente
15/02/2023;Formation;2193,00;438,60;2631,60;photo floue;rejete
11/01/2022;Taxi/VTC;400,00;80,00;480,00;oui;rejete
06/01/2023;Informatique;80,99;16,20;97,19;non;valide
18/07/2023;Telecom;5500,00;1100,00;6600,00;oui;en attente
28/09/2022;Telecom;150,00;30,00;180,00;perdu;rejete
12/11/2022;Taxi/VTC;80,00;16,00;96,00;oui;rejete
16/08/2023;Restaurant;800,50;160,10;960,60;perdu;en attente
25/03/2023;Hotel;7500,00;1500,00;9000,00;photo floue;rejete
17/12/2023;Informatique;7500,00;1500,00;9000,00;non;valide
03/05/2022;Deplacement;250,99;50,20;301,19;oui;valide
20/01/2022;Fournitures;4000,50;800,10;4800,60;perdu;rejete
22/04/2022;Fournitures;2500,99;500,20;3001,19;non;en attente
02/04/2023;Taxi/VTC;800,00;160,00;960,00;perdu;rejete
17/02/2023;Telecom;9000,00;1800,00;10800,00;photo floue;en attente
06/08/2022;Deplacement;700,00;140,00;840,00;photo floue;valide
10/07/2023;Restaurant;900,99;180,20;1081,19;perdu;rejete
11/04/2022;Fournitures;800,99;160,20;961,19;perdu;valide
12/11/2022;Telecom;4795,00;959,00;5754,00;photo floue;valide
26/09/2022;Fournitures;400,00;80,00;480,00;non;rejete
21/12/2022;Representation;900,99;180,20;1081,19;perdu;valide
09/02/2022;Representation;854,50;170,90;1025,40;oui;valide
21/03/2022;Restaurant;550,00;110,00;660,00;oui;valide
11/02/2023;Informatique;2000,50;400,10;2400,60;oui;valide
18/10/2022;Hotel;850,00;170,00;1020,00;oui;en attente
16/11/2023;Fournitures;650,99;130,20;781,19;photo floue;rejete
06/05/2023;Transport;550,50;110,10;660,60;oui;rejete
14/11/2022;Restaurant;4500,00;900,00;5400,00;photo floue;valide
12/04/2022;Transport;6000,00;1200,00;7200,00;photo floue;valide
15/08/2022;Deplacement;750,00;150,00;900,00;non;rejete
02/07/2022;Deplacement;2574,00;514,80;3088,80;photo floue;valide
17/10/2022;Formation;9000,00;1800,00;10800,00;photo floue;rejete
20/10/2022;Telecom;1000,99;200,20;1201,19;non;valide
13/03/2023;Hotel;450,00;90,00;540,00;non;en attente
24/04/2023;Formation;680,00;136,00;816,00;perdu;en attente
06/08/2022;Telecom;850,00;170,00;1020,00;perdu;en attente
01/07/2022;Representation;1800,99;360,20;2161,19;non;rejete
25/03/2023;Fournitures;1000,00;200,00;1200,00;perdu;valide
09/05/2022;Transport;618,00;123,60;741,60;non;rejete
09/02/2023;Telecom;6000,00;1200,00;7200,00;non;rejete
09/06/2022;Informatique;350,99;70,20;421,19;photo floue;valide
26/10/2022;Deplacement;800,50;160,10;960,60;non;rejete
05/03/2023;Restaurant;700,00;140,00;840,00;non;rejete
15/12/2023;Telecom;600,00;120,00;720,00;non;rejete
03/06/2023;Informatique;1539,00;307,80;1846,80;photo floue;valide
12/11/2022;Hotel;4500,00;900,00;5400,00;non;rejete
29/03/2023;Informatique;650,50;130,10;780,60;non;valide
29/12/2022;Formation;500,00;100,00;600,00;oui;rejete
04/10/2022;Fournitures;1500,00;300,00;1800,00;perdu;valide
12/04/2022;Informatique;1616,00;323,20;1939,20;non;valide
21/03/2022;Informatique;900,00;180,00;1080,00;perdu;valide
01/11/2023;Fournitures;2000,00;400,00;2400,00;oui;valide
15/04/2022;Fournitures;1172,50;234,50;1407,00;non;en attente
27/05/2023;Deplacement;4048,00;809,60;4857,60;perdu;en attente
28/03/2022;Fournitures;9999,00;1999,80;11998,80;non;valide
02/01/2022;Informatique;2894,00;578,80;3472,80;oui;en attente
24/07/2022;Taxi/VTC;9999,50;1999,90;11999,40;oui;en attente
08/05/2022;Taxi/VTC;2500,99;500,20;3001,19;non;valide
12/08/2023;Formation;500,99;100,20;601,19;non;en attente
22/12/2022;Telecom;50,00;10,00;60,00;perdu;valide
15/07/2022;Taxi/VTC;2665,50;533,10;3198,60;perdu;rejete
05/05/2023;Transport;100,00;20,00;120,00;perdu;rejete
22/07/2022;Telecom;750,00;150,00;900,00;oui;rejete
03/10/2022;Telecom;1030,99;206,20;1237,19;perdu;en attente
10/06/2022;Fournitures;508,00;101,60;609,60;non;valide
19/11/2022;Restaurant;750,50;150,10;900,60;oui;rejete
31/05/2022;Representation;700,00;140,00;840,00;oui;rejete
25/09/2022;Taxi/VTC;1000,00;200,00;1200,00;perdu;en attente
04/01/2023;Taxi/VTC;821,00;164,20;985,20;oui;valide
10/09/2023;Fournitures;150,50;30,10;180,60;non;en attente
05/06/2022;Transport;80,99;16,20;97,19;oui;valide
03/07/2022;Fournitures;450,00;90,00;540,00;oui;en attente
27/05/2023;Deplacement;1499,00;299,80;1798,80;oui;valide
09/03/2022;Deplacement;90,00;18,00;108,00;photo floue;en attente
29/05/2022;Fournitures;1500,00;300,00;1800,00;non;rejete
09/07/2022;Informatique;3000,50;600,10;3600,60;non;valide
11/03/2022;Transport;250,00;50,00;300,00;perdu;valide
09/07/2022;Fournitures;80,00;16,00;96,00;non;valide
03/11/2023;Formation;400,50;80,10;480,60;perdu;rejete
08/10/2023;Transport;300,00;60,00;360,00;non;rejete
07/10/2023;Representation;2658,50;531,70;3190,20;photo floue;en attente
07/02/2023;Telecom;9000,00;1800,00;10800,00;non;valide
09/09/2023;Hotel;550,00;110,00;660,00;non;rejete
17/12/2023;Fournitures;1000,99;200,20;1201,19;oui;valide
31/03/2023;Telecom;9000,00;1800,00;10800,00;perdu;rejete
12/07/2022;Informatique;1500,00;300,00;1800,00;photo floue;valide
31/05/2023;Informatique;2000,50;400,10;2400,60;non;rejete
07/08/2022;Hotel;900,50;180,10;1080,60;perdu;en attente
21/12/2022;Informatique;4500,99;900,20;5401,19;photo floue;valide
09/11/2023;Formation;800,99;160,20;961,19;photo floue;valide
12/11/2022;Telecom;1500,00;300,00;1800,00;oui;rejete
01/01/2023;Restaurant;100,00;20,00;120,00;photo floue;valide
19/05/2023;Telecom;300,99;60,20;361,19;oui;rejete
01/04/2023;Representation;700,00;140,00;840,00;non;rejete
12/04/2023;Telecom;400,50;80,10;480,60;photo floue;en attente
21/08/2022;Formation;1966,00;393,20;2359,20;perdu;en attente
12/12/2022;Transport;1500,50;300,10;1800,60;perdu;rejete
26/07/2023;Telecom;500,00;100,00;600,00;perdu;rejete
05/08/2023;Deplacement;3000,00;600,00;3600,00;non;rejete
04/07/2023;Deplacement;600,50;120,10;720,60;oui;en attente
15/09/2023;Hotel;90,00;18,00;108,00;oui;valide
26/08/2023;Hotel;2000,99;400,20;2401,19;perdu;en attente
23/03/2022;Restaurant;900,50;180,10;1080,60;photo floue;valide
21/08/2022;Transport;3798,00;759,60;4557,60;photo floue;rejete
25/09/2022;Deplacement;3586,99;717,40;4304,39;oui;en attente
02/02/2022;Restaurant;7500,00;1500,00;9000,00;perdu;en attente
18/11/2022;Hotel;250,00;50,00;300,00;oui;valide
11/02/2023;Restaurant;2386,00;477,20;2863,20;oui;valide
09/03/2022;Hotel;300,00;60,00;360,00;perdu;valide
14/01/2023;Deplacement;850,00;170,00;1020,00;non;valide
23/04/2022;Formation;3351,99;670,40;4022,39;non;valide
14/09/2022;Hotel;800,50;160,10;960,60;oui;rejete
15/10/2022;Fournitures;900,00;180,00;1080,00;perdu;rejete
25/02/2022;Formation;7500,00;1500,00;9000,00;non;valide
04/08/2022;Transport;9500,50;1900,10;11400,60;perdu;en attente
09/05/2022;Fournitures;4427,00;885,40;5312,40;non;rejete
23/07/2022;Informatique;150,00;30,00;180,00;perdu;valide
01/09/2023;Deplacement;7000,00;1400,00;8400,00;non;rejete
18/02/2022;Deplacement;1273,00;254,60;1527,60;oui;en attente
21/08/2023;Telecom;650,99;130,20;781,19;photo floue;en attente
15/08/2023;Restaurant;3236,00;647,20;3883,20;oui;rejete
09/10/2023;Fournitures;1200,00;240,00;1440,00;perdu;rejete
09/07/2023;Transport;350,50;70,10;420,60;oui;en attente
08/01/2022;Restaurant;4500,99;900,20;5401,19;non;en attente
29/10/2022;Hotel;300,50;60,10;360,60;photo floue;en attente
27/11/2023;Deplacement;750,50;150,10;900,60;photo floue;rejete
08/06/2022;Telecom;900,99;180,20;1081,19;photo floue;rejete
10/08/2022;Representation;6000,00;1200,00;7200,00;perdu;rejete
17/11/2023;Taxi/VTC;550,00;110,00;660,00;photo floue;en attente
10/08/2022;Representation;923,00;184,60;1107,60;perdu;valide
29/04/2023;Formation;700,00;140,00;840,00;photo floue;en attente
17/10/2022;Taxi/VTC;3245,50;649,10;3894,60;perdu;rejete
07/06/2022;Telecom;1352,00;270,40;1622,40;oui;valide
04/02/2022;Transport;9500,50;1900,10;11400,60;perdu;valide
14/03/2022;Hotel;200,00;40,00;240,00;perdu;rejete
26/11/2023;Formation;250,50;50,10;300,60;perdu;rejete
14/01/2023;Hotel;75,00;15,00;90,00;oui;valide
23/08/2023;Taxi/VTC;900,99;180,20;1081,19;photo floue;en attente
14/01/2022;Hotel;1383,00;276,60;1659,60;perdu;rejete
16/04/2022;Representation;6000,99;1200,20;7201,19;oui;valide
08/09/2023;Taxi/VTC;900,00;180,00;1080,00;oui;rejete
17/04/2023;Deplacement;500,00;100,00;600,00;photo floue;valide
28/02/2022;Transport;4757,00;951,40;5708,40;non;valide
23/02/2022;Formation;300,50;60,10;360,60;perdu;en attente
04/09/2023;Representation;90,00;18,00;108,00;oui;en attente
02/01/2022;Deplacement;4122,00;824,40;4946,40;perdu;rejete
05/07/2023;Transport;1500,00;300,00;1800,00;perdu;rejete
10/03/2022;Transport;600,99;120,20;721,19;non;valide
02/11/2022;Formation;761,50;152,30;913,80;photo floue;valide
11/04/2023;Taxi/VTC;650,50;130,10;780,60;non;valide
06/02/2023;Telecom;850,50;170,10;1020,60;non;valide
24/12/2023;Informatique;4938,00;987,60;5925,60;oui;en attente
18/11/2022;Deplacement;6000,99;1200,20;7201,19;perdu;en attente
14/10/2022;Taxi/VTC;4500,50;900,10;5400,60;oui;rejete
02/05/2023;Fournitures;2500,00;500,00;3000,00;oui;en attente
30/11/2023;Transport;9999,50;1999,90;11999,40;oui;valide
11/07/2022;Formation;3118,50;623,70;3742,20;non;en attente
01/04/2022;Formation;95,00;19,00;114,00;photo floue;en attente
29/07/2023;Transport;400,00;80,00;480,00;oui;en attente
02/12/2022;Telecom;80,00;16,00;96,00;photo floue;rejete
04/05/2022;Formation;1200,00;240,00;1440,00;perdu;rejete
17/05/2023;Informatique;850,00;170,00;1020,00;photo floue;rejete
24/08/2023;Informatique;800,00;160,00;960,00;perdu;rejete
14/05/2022;Representation;700,00;140,00;840,00;photo floue;en attente
01/08/2022;Hotel;7000,50;1400,10;8400,60;perdu;en attente
13/03/2022;Telecom;120,00;24,00;144,00;non;valide
27/08/2023;Restaurant;3955,00;791,00;4746,00;non;rejete
06/07/2022;Representation;4500,00;900,00;5400,00;non;valide
03/11/2023;Representation;5500,00;1100,00;6600,00;photo floue;rejete
21/08/2022;Telecom;4500,00;900,00;5400,00;oui;rejete
02/12/2023;Informatique;1500,00;300,00;1800,00;photo floue;rejete
30/04/2023;Deplacement;150,99;30,20;181,19;perdu;rejete
11/01/2022;Telecom;800,50;160,10;960,60;non;en attente
11/11/2023;Restaurant;4000,50;800,10;4800,60;non;en attente
16/05/2023;Deplacement;1500,00;300,00;1800,00;oui;rejete
08/11/2022;Fournitures;565,00;113,00;678,00;oui;valide
02/05/2023;Representation;750,00;150,00;900,00;perdu;en attente
03/06/2023;Representation;2739,00;547,80;3286,80;photo floue;en attente
04/06/2023;Fournitures;700,00;140,00;840,00;oui;en attente
29/07/2022;Deplacement;1800,00;360,00;2160,00;perdu;valide
30/10/2023;Taxi/VTC;9000,00;1800,00;10800,00;perdu;en attente
09/06/2023;Formation;3500,00;700,00;4200,00;perdu;valide
12/06/2023;Telecom;1280,00;256,00;1536,00;oui;valide
21/06/2023;Informatique;950,50;190,10;1140,60;oui;valide
12/04/2022;Representation;2608,99;521,80;3130,79;oui;valide
13/10/2023;Deplacement;200,00;40,00;240,00;non;rejete
05/01/2023;Hotel;7000,00;1400,00;8400,00;perdu;valide
05/01/2023;Transport;750,99;150,20;901,19;oui;rejete
20/02/2023;Restaurant;4895,00;979,00;5874,00;perdu;valide
23/10/2023;Informatique;1314,00;262,80;1576,80;perdu;valide
18/12/2022;Deplacement;900,99;180,20;1081,19;photo floue;rejete
15/04/2022;Taxi/VTC;700,50;140,10;840,60;non;rejete
12/05/2022;Formation;4821,00;964,20;5785,20;oui;valide
07/07/2022;Taxi/VTC;500,00;100,00;600,00;perdu;valide
24/03/2022;Hotel;9000,00;1800,00;10800,00;non;valide
25/07/2023;Restaurant;95,50;19,10;114,60;oui;en attente
20/01/2022;Informatique;4497,00;899,40;5396,40;non;rejete
16/09/2022;Hotel;1200,00;240,00;1440,00;oui;rejete
24/01/2023;Telecom;1944,50;388,90;2333,40;perdu;rejete
24/05/2022;Fournitures;600,00;120,00;720,00;perdu;rejete
01/11/2022;Transport;2000,99;400,20;2401,19;perdu;en attente
27/07/2023;Hotel;3000,50;600,10;3600,60;non;rejete
31/07/2022;Formation;4163,00;832,60;4995,60;non;rejete
09/01/2023;Telecom;80,00;16,00;96,00;perdu;en attente
23/04/2023;Fournitures;4357,99;871,60;5229,59;oui;valide
20/05/2022;Representation;400,50;80,10;480,60;perdu;valide
22/06/2023;Restaurant;300,99;60,20;361,19;non;rejete
19/06/2022;Formation;600,99;120,20;721,19;oui;valide
14/05/2023;Informatique;1200,00;240,00;1440,00;non;en attente
20/12/2022;Telecom;500,00;100,00;600,00;oui;en attente
05/01/2023;Hotel;250,00;50,00;300,00;photo floue;rejete
09/06/2023;Transport;4500,00;900,00;5400,00;photo floue;rejete
12/11/2022;Representation;3500,50;700,10;4200,60;non;en attente
21/05/2023;Taxi/VTC;250,00;50,00;300,00;oui;rejete
25/03/2023;Fournitures;7000,00;1400,00;8400,00;photo floue;en attente
14/03/2023;Fournitures;7500,99;1500,20;9001,19;perdu;rejete
27/01/2022;Transport;650,00;130,00;780,00;oui;valide
31/03/2023;Deplacement;500,00;100,00;600,00;photo floue;rejete
15/03/2023;Fournitures;80,00;16,00;96,00;oui;en attente
24/09/2022;Taxi/VTC;500,99;100,20;601,19;perdu;rejete
27/03/2022;Formation;175,00;35,00;210,00;photo floue;en attente
30/07/2023;Transport;8000,99;1600,20;9601,19;perdu;valide
21/04/2022;Representation;700,99;140,20;841,19;non;valide
16/09/2023;Transport;1667,00;333,40;2000,40;photo floue;rejete
15/08/2022;Informatique;1800,00;360,00;2160,00;oui;rejete
11/07/2023;Deplacement;80,99;16,20;97,19;oui;en attente
16/10/2022;Informatique;3000,00;600,00;3600,00;non;rejete
30/08/2022;Taxi/VTC;250,99;50,20;301,19;non;valide
24/01/2022;Restaurant;9000,00;1800,00;10800,00;oui;rejete
18/03/2022;Telecom;4114,50;822,90;4937,40;non;rejete
11/05/2022;Fournitures;1000,00;200,00;1200,00;non;valide
12/08/2022;Formation;5500,50;1100,10;6600,60;photo floue;en attente
08/08/2023;Hotel;3000,50;600,10;3600,60;non;en attente
12/05/2023;Transport;950,00;190,00;1140,00;non;rejete
23/12/2023;Fournitures;4830,00;966,00;5796,00;perdu;en attente
23/02/2022;Informatique;200,00;40,00;240,00;non;en attente
26/03/2022;Restaurant;365,50;73,10;438,60;photo floue;rejete
27/09/2023;Hotel;650,00;130,00;780,00;perdu;valide
31/10/2022;Transport;250,50;50,10;300,60;photo floue;rejete
11/04/2022;Hotel;650,50;130,10;780,60;perdu;en attente
20/02/2023;Hotel;1500,50;300,10;1800,60;non;en attente
08/11/2023;Restaurant;300,50;60,10;360,60;oui;rejete
11/10/2023;Representation;8500,00;1700,00;10200,00;photo floue;en attente
30/07/2022;Deplacement;1500,99;300,20;1801,19;oui;en attente
13/12/2022;Taxi/VTC;2000,50;400,10;2400,60;photo floue;en attente
22/05/2023;Representation;1000,00;200,00;1200,00;non;en attente
22/10/2023;Representation;1800,00;360,00;2160,00;non;rejete
14/12/2022;Deplacement;700,00;140,00;840,00;photo floue;rejete
03/12/2022;Telecom;2810,99;562,20;3373,19;photo floue;rejete
03/09/2022;Telecom;3500,00;700,00;4200,00;photo floue;valide
11/03/2022;Representation;2000,00;400,00;2400,00;photo floue;rejete
06/06/2022;Deplacement;75,99;15,20;91,19;non;valide
10/02/2023;Fournitures;2000,50;400,10;2400,60;photo floue;en attente
28/01/2023;Deplacement;900,99;180,20;1081,19;photo floue;en attente
07/02/2022;Taxi/VTC;175,00;35,00;210,00;photo floue;rejete
09/09/2022;Taxi/VTC;500,00;100,00;600,00;photo floue;valide
12/11/2023;Informatique;450,50;90,10;540,60;photo floue;valide
14/07/2022;Deplacement;550,00;110,00;660,00;perdu;en attente
05/04/2023;Deplacement;950,00;190,00;1140,00;non;valide
01/11/2022;Representation;400,00;80,00;480,00;photo floue;valide
20/05/2023;Restaurant;650,99;130,20;781,19;non;valide
17/12/2023;Deplacement;2911,50;582,30;3493,80;oui;rejete
15/10/2023;Hotel;750,99;150,20;901,19;photo floue;rejete
07/03/2023;Formation;1200,00;240,00;1440,00;perdu;rejete
25/09/2023;Transport;500,00;100,00;600,00;oui;en attente
02/01/2023;Deplacement;9000,99;1800,20;10801,19;perdu;valide
23/03/2022;Telecom;4370,00;874,00;5244,00;oui;rejete
16/11/2023;Taxi/VTC;300,99;60,20;361,19;perdu;valide
03/07/2023;Taxi/VTC;650,99;130,20;781,19;non;en attente
02/02/2022;Representation;6000,99;1200,20;7201,19;non;en attente
17/10/2022;Fournitures;4178,00;835,60;5013,60;photo floue;en attente
10/12/2023;Fournitures;1500,99;300,20;1801,19;oui;valide
14/08/2022;Fournitures;200,00;40,00;240,00;non;valide
14/05/2023;Formation;1122,99;224,60;1347,59;photo floue;en attente
29/10/2023;Deplacement;200,00;40,00;240,00;oui;rejete
11/03/2022;Restaurant;7000,00;1400,00;8400,00;perdu;valide
10/05/2022;Deplacement;4780,50;956,10;5736,60;non;rejete
27/08/2023;Informatique;4659,99;932,00;5591,99;non;rejete
19/08/2022;Representation;2510,00;502,00;3012,00;photo floue;en attente
26/12/2023;Deplacement;2759,99;552,00;3311,99;photo floue;en attente
12/02/2022;Representation;150,00;30,00;180,00;photo floue;valide
18/11/2022;Restaurant;100,00;20,00;120,00;oui;valide
23/02/2023;Deplacement;800,99;160,20;961,19;non;valide
28/08/2022;Hotel;3000,00;600,00;3600,00;photo floue;rejete
18/11/2022;Hotel;1398,00;279,60;1677,60;non;rejete
19/04/2023;Representation;500,00;100,00;600,00;photo floue;en attente
23/11/2022;Hotel;450,50;90,10;540,60;non;valide
13/07/2022;Restaurant;300,50;60,10;360,60;oui;rejete
01/08/2022;Representation;600,00;120,00;720,00;non;valide
07/02/2023;Representation;90,50;18,10;108,60;oui;en attente
23/08/2022;Formation;2551,99;510,40;3062,39;non;valide
08/08/2022;Hotel;600,00;120,00;720,00;oui;en attente
22/01/2022;Telecom;700,00;140,00;840,00;oui;rejete
01/06/2023;Taxi/VTC;4561,00;912,20;5473,20;perdu;valide
10/04/2023;Restaurant;250,00;50,00;300,00;photo floue;valide
01/11/2022;Hotel;202,00;40,40;242,40;oui;rejete
03/08/2023;Deplacement;500,00;100,00;600,00;oui;en attente
13/03/2023;Informatique;2000,50;400,10;2400,60;non;rejete
09/06/2022;Fournitures;200,00;40,00;240,00;photo floue;en attente
01/08/2023;Taxi/VTC;2091,50;418,30;2509,80;perdu;rejete
08/02/2022;Restaurant;500,00;100,00;600,00;non;valide
25/10/2022;Deplacement;250,50;50,10;300,60;perdu;rejete
07/11/2023;Formation;9000,00;1800,00;10800,00;oui;en attente
31/10/2022;Formation;1888,50;377,70;2266,20;perdu;rejete
03/01/2022;Fournitures;500,99;100,20;601,19;photo floue;valide
12/04/2022;Hotel;6000,99;1200,20;7201,19;non;rejete
27/08/2022;Transport;350,00;70,00;420,00;non;en attente
21/11/2023;Telecom;9500,00;1900,00;11400,00;non;valide
02/07/2023;Telecom;5000,00;1000,00;6000,00;non;valide
12/06/2022;Informatique;950,00;190,00;1140,00;non;en attente
23/04/2023;Taxi/VTC;500,99;100,20;601,19;oui;rejete
29/08/2023;Telecom;850,00;170,00;1020,00;oui;valide
19/12/2023;Representation;1000,50;200,10;1200,60;perdu;rejete
07/04/2022;Deplacement;4869,00;973,80;5842,80;photo floue;rejete
29/03/2022;Deplacement;7000,00;1400,00;8400,00;non;rejete
18/01/2022;Restaurant;950,00;190,00;1140,00;photo floue;en attente
04/01/2022;Informatique;150,50;30,10;180,60;perdu;en attente
20/03/2022;Fournitures;650,50;130,10;780,60;perdu;en attente
01/02/2022;Taxi/VTC;120,50;24,10;144,60;non;valide
06/01/2023;Formation;1800,00;360,00;2160,00;oui;en attente
04/01/2022;Formation;600,00;120,00;720,00;oui;rejete
05/05/2023;Fournitures;9999,50;1999,90;11999,40;photo floue;rejete
14/03/2022;Fournitures;900,00;180,00;1080,00;photo floue;en attente
22/11/2022;Fournitures;1500,00;300,00;1800,00;non;en attente
30/11/2022;Restaurant;1800,00;360,00;2160,00;oui;rejete
29/01/2022;Restaurant;7500,00;1500,00;9000,00;perdu;rejete
04/05/2022;Informatique;500,00;100,00;600,00;photo floue;rejete
17/06/2022;Deplacement;1000,00;200,00;1200,00;non;rejete
02/03/2023;Transport;2290,50;458,10;2748,60;non;rejete
04/06/2023;Hotel;650,00;130,00;780,00;perdu;en attente
30/03/2023;Representation;450,00;90,00;540,00;non;en attente
17/12/2022;Restaurant;5000,00;1000,00;6000,00;oui;rejete
09/11/2023;Telecom;750,99;150,20;901,19;non;rejete
29/12/2023;Transport;400,00;80,00;480,00;perdu;valide
17/02/2022;Representation;850,00;170,00;1020,00;perdu;valide
17/05/2023;Formation;2353,00;470,60;2823,60;perdu;en attente
23/09/2022;Formation;550,00;110,00;660,00;perdu;valide
11/03/2022;Restaurant;1000,00;200,00;1200,00;non;en attente
07/10/2023;Restaurant;4000,50;800,10;4800,60;non;rejete
19/01/2023;Restaurant;450,00;90,00;540,00;photo floue;valide
06/12/2023;Representation;50,00;10,00;60,00;non;valide
31/07/2022;Fournitures;400,50;80,10;480,60;photo floue;rejete
08/12/2023;Representation;650,00;130,00;780,00;non;valide
01/12/2022;Taxi/VTC;850,50;170,10;1020,60;photo floue;en attente
15/04/2022;Telecom;400,00;80,00;480,00;perdu;en attente
13/02/2023;Representation;650,50;130,10;780,60;photo floue;en attente
15/09/2023;Fournitures;900,00;180,00;1080,00;photo floue;en attente
09/01/2023;Telecom;1266,00;253,20;1519,20;photo floue;valide
16/07/2023;Telecom;600,00;120,00;720,00;perdu;rejete
17/02/2022;Fournitures;150,50;30,10;180,60;non;valide
31/07/2022;Informatique;900,99;180,20;1081,19;perdu;rejete
18/03/2022;Taxi/VTC;900,50;180,10;1080,60;non;valide
11/03/2023;Restaurant;350,00;70,00;420,00;non;en attente
11/08/2023;Fournitures;200,99;40,20;241,19;photo floue;en attente
29/07/2022;Informatique;850,50;170,10;1020,60;perdu;rejete
04/10/2023;Taxi/VTC;5000,00;1000,00;6000,00;non;en attente
06/11/2023;Informatique;2000,99;400,20;2401,19;perdu;rejete
07/03/2022;Restaurant;150,00;30,00;180,00;perdu;valide
11/09/2023;Telecom;400,50;80,10;480,60;oui;valide
26/05/2023;Deplacement;900,00;180,00;1080,00;oui;valide
16/10/2022;Deplacement;1000,00;200,00;1200,00;oui;en attente
29/10/2023;Formation;1000,00;200,00;1200,00;photo floue;valide
03/09/2022;Telecom;900,00;180,00;1080,00;non;en attente
15/11/2022;Hotel;5000,50;1000,10;6000,60;photo floue;en attente
10/08/2023;Hotel;750,00;150,00;900,00;photo floue;rejete
18/10/2022;Transport;4652,00;930,40;5582,40;non;rejete
21/02/2023;Representation;9500,00;1900,00;11400,00;photo floue;valide
22/02/2023;Taxi/VTC;1000,99;200,20;1201,19;photo floue;valide
29/11/2023;Transport;3000,00;600,00;3600,00;non;rejete
21/09/2023;Formation;5500,50;1100,10;6600,60;oui;en attente
28/12/2023;Formation;1500,99;300,20;1801,19;photo floue;en attente
29/03/2023;Telecom;120,00;24,00;144,00;oui;valide
19/05/2022;Taxi/VTC;1000,00;200,00;1200,00;photo floue;valide
16/05/2022;Formation;900,50;180,10;1080,60;photo floue;valide
27/05/2022;Deplacement;1345,00;269,00;1614,00;oui;valide
24/04/2022;Transport;250,00;50,00;300,00;oui;en attente
22/11/2022;Fournitures;400,00;80,00;480,00;perdu;rejete
19/04/2022;Transport;2286,00;457,20;2743,20;non;valide
15/02/2023;Hotel;1800,99;360,20;2161,19;non;en attente
14/02/2023;Representation;900,00;180,00;1080,00;oui;en attente
09/12/2023;Informatique;2000,00;400,00;2400,00;non;rejete
17/08/2023;Taxi/VTC;1692,00;338,40;2030,40;oui;valide
08/10/2023;Fournitures;600,50;120,10;720,60;oui;en attente
13/02/2023;Representation;2908,00;581,60;3489,60;photo floue;en attente
26/07/2023;Hotel;500,99;100,20;601,19;non;valide
10/11/2023;Taxi/VTC;500,00;100,00;600,00;perdu;en attente
22/03/2023;Taxi/VTC;400,00;80,00;480,00;oui;en attente
08/01/2023;Representation;3870,50;774,10;4644,60;perdu;en attente
12/02/2023;Transport;4000,00;800,00;4800,00;perdu;valide
13/12/2022;Representation;250,50;50,10;300,60;photo floue;en attente
14/02/2022;Formation;5500,00;1100,00;6600,00;non;valide
10/09/2023;Representation;9500,00;1900,00;11400,00;non;rejete
15/03/2023;Hotel;80,50;16,10;96,60;oui;en attente
07/10/2023;Hotel;1500,00;300,00;1800,00;oui;rejete
06/04/2022;Taxi/VTC;950,00;190,00;1140,00;oui;valide
18/10/2023;Representation;150,50;30,10;180,60;perdu;en attente
04/09/2023;Informatique;4000,00;800,00;4800,00;oui;en attente
28/04/2022;Transport;3000,00;600,00;3600,00;perdu;valide
16/04/2023;Fournitures;2500,00;500,00;3000,00;non;valide
08/06/2023;Telecom;600,50;120,10;720,60;photo floue;rejete
05/04/2023;Fournitures;4500,99;900,20;5401,19;perdu;en attente
29/08/2022;Restaurant;700,00;140,00;840,00;oui;en attente
15/04/2023;Hotel;4500,00;900,00;5400,00;oui;rejete
25/10/2023;Deplacement;7000,99;1400,20;8401,19;non;rejete
28/06/2023;Telecom;5500,00;1100,00;6600,00;non;valide
04/03/2022;Taxi/VTC;2943,00;588,60;3531,60;perdu;en attente
23/11/2023;Hotel;2500,00;500,00;3000,00;non;valide
06/05/2022;Fournitures;850,50;170,10;1020,60;oui;en attente
17/07/2023;Telecom;150,50;30,10;180,60;photo floue;rejete
14/09/2022;Hotel;75,99;15,20;91,19;photo floue;valide
16/04/2022;Restaurant;6000,99;1200,20;7201,19;perdu;valide
02/07/2023;Fournitures;3279,50;655,90;3935,40;oui;valide
09/05/2022;Formation;500,99;100,20;601,19;non;rejete
01/05/2022;Formation;700,00;140,00;840,00;photo floue;rejete
10/06/2022;Fournitures;250,99;50,20;301,19;perdu;en attente
23/05/2023;Fournitures;3563,99;712,80;4276,79;perdu;valide
10/08/2022;Representation;500,99;100,20;601,19;oui;valide
23/06/2023;Hotel;900,99;180,20;1081,19;photo floue;rejete
25/03/2023;Deplacement;600,99;120,20;721,19;non;en attente
11/05/2023;Restaurant;1000,50;200,10;1200,60;photo floue;en attente
03/05/2022;Deplacement;8000,50;1600,10;9600,60;perdu;valide
26/02/2023;Representation;2730,50;546,10;3276,60;oui;en attente
19/12/2023;Telecom;4516,00;903,20;5419,20;perdu;en attente
30/09/2023;Transport;850,00;170,00;1020,00;perdu;rejete
28/05/2023;Representation;400,00;80,00;480,00;oui;valide
14/01/2023;Telecom;1500,00;300,00;1800,00;oui;rejete
12/08/2023;Informatique;3331,50;666,30;3997,80;oui;valide
24/04/2023;Restaurant;3500,00;700,00;4200,00;non;valide
02/01/2022;Telecom;9000,00;1800,00;10800,00;non;valide
30/09/2022;Taxi/VTC;1800,00;360,00;2160,00;non;valide
08/03/2022;Restaurant;900,50;180,10;1080,60;non;rejete
03/09/2023;Deplacement;3500,50;700,10;4200,60;perdu;en attente
16/10/2023;Telecom;4067,99;813,60;4881,59;oui;en attente
06/10/2023;Formation;1200,00;240,00;1440,00;oui;en attente
08/05/2022;Fournitures;600,00;120,00;720,00;non;valide
26/01/2022;Fournitures;800,00;160,00;960,00;photo floue;en attente
17/11/2022;Deplacement;600,00;120,00;720,00;non;en attente
04/04/2023;Restaurant;850,50;170,10;1020,60;perdu;en attente
02/04/2023;Informatique;4744,99;949,00;5693,99;photo floue;en attente
18/04/2023;Fournitures;3507,99;701,60;4209,59;perdu;valide
05/08/2023;Fournitures;100,50;20,10;120,60;oui;en attente
16/08/2023;Restaurant;500,00;100,00;600,00;oui;valide
27/08/2023;Restaurant;3000,00;600,00;3600,00;non;rejete
21/08/2022;Informatique;1568,00;313,60;1881,60;photo floue;en attente
23/11/2023;Restaurant;2500,50;500,10;3000,60;perdu;en attente
08/01/2022;Taxi/VTC;2851,50;570,30;3421,80;photo floue;en attente
29/05/2023;Fournitures;2443,00;488,60;2931,60;perdu;en attente
06/03/2022;Restaurant;2500,50;500,10;3000,60;perdu;valide
10/09/2022;Fournitures;3500,99;700,20;4201,19;oui;en attente
09/01/2022;Representation;1200,50;240,10;1440,60;oui;valide
09/02/2023;Representation;800,00;160,00;960,00;non;en attente
24/05/2023;Restaurant;3530,50;706,10;4236,60;photo floue;rejete
02/03/2022;Telecom;1663,00;332,60;1995,60;perdu;en attente
30/12/2023;Deplacement;750,00;150,00;900,00;photo floue;en attente
05/08/2023;Hotel;175,00;35,00;210,00;non;rejete
31/08/2023;Representation;550,00;110,00;660,00;photo floue;valide
27/07/2022;Taxi/VTC;1857,00;371,40;2228,40;oui;en attente
29/07/2022;Hotel;950,99;190,20;1141,19;photo floue;rejete
08/03/2022;Taxi/VTC;3700,00;740,00;4440,00;perdu;rejete
21/05/2023;Telecom;2500,50;500,10;3000,60;perdu;rejete
06/05/2022;Telecom;3393,50;678,70;4072,20;non;en attente
29/11/2022;Deplacement;1576,00;315,20;1891,20;oui;rejete
13/05/2022;Transport;500,50;100,10;600,60;perdu;valide
26/06/2023;Hotel;300,99;60,20;361,19;perdu;valide
24/08/2022;Taxi/VTC;600,00;120,00;720,00;oui;valide
05/02/2022;Fournitures;200,50;40,10;240,60;non;en attente
24/08/2022;Taxi/VTC;3500,00;700,00;4200,00;non;rejete
22/08/2023;Informatique;4000,99;800,20;4801,19;oui;rejete
11/10/2022;Formation;150,00;30,00;180,00;oui;valide
09/09/2023;Informatique;2000,50;400,10;2400,60;perdu;en attente
09/10/2022;Fournitures;500,00;100,00;600,00;oui;rejete
06/05/2023;Restaurant;350,00;70,00;420,00;non;en attente
15/08/2022;Transport;550,99;110,20;661,19;non;en attente
04/03/2023;Hotel;5000,00;1000,00;6000,00;oui;rejete
24/12/2022;Deplacement;2000,00;400,00;2400,00;non;valide
20/06/2023;Formation;2873,99;574,80;3448,79;photo floue;en attente
31/08/2023;Taxi/VTC;8500,00;1700,00;10200,00;photo floue;valide
23/06/2022;Hotel;2000,00;400,00;2400,00;non;valide
10/12/2023;Informatique;5500,99;1100,20;6601,19;photo floue;valide
17/07/2022;Fournitures;80,00;16,00;96,00;photo floue;rejete
14/09/2022;Restaurant;4500,00;900,00;5400,00;perdu;en attente
26/09/2022;Representation;1500,99;300,20;1801,19;perdu;rejete
26/11/2022;Transport;450,00;90,00;540,00;photo floue;valide
24/03/2023;Fournitures;900,00;180,00;1080,00;perdu;rejete
11/07/2023;Representation;3000,00;600,00;3600,00;perdu;en attente
08/05/2023;Formation;3500,99;700,20;4201,19;photo floue;en attente
14/07/2023;Taxi/VTC;3652,99;730,60;4383,59;non;en attente
02/08/2023;Transport;6000,00;1200,00;7200,00;photo floue;en attente
10/02/2023;Fournitures;600,00;120,00;720,00;oui;en attente
30/11/2022;Restaurant;4500,00;900,00;5400,00;oui;en attente
15/01/2023;Taxi/VTC;4000,00;800,00;4800,00;photo floue;en attente
15/04/2022;Formation;4474,99;895,00;5369,99;photo floue;en attente
05/04/2023;Deplacement;1500,00;300,00;1800,00;photo floue;rejete
04/12/2022;Telecom;900,00;180,00;1080,00;non;rejete
21/05/2022;Informatique;850,00;170,00;1020,00;photo floue;rejete
10/09/2023;Taxi/VTC;2000,50;400,10;2400,60;perdu;valide
04/04/2023;Taxi/VTC;1547,00;309,40;1856,40;oui;valide
29/09/2022;Formation;1574,00;314,80;1888,80;perdu;en attente
12/12/2022;Transport;800,00;160,00;960,00;oui;rejete
07/10/2022;Taxi/VTC;200,00;40,00;240,00;oui;valide
12/11/2022;Fournitures;4500,00;900,00;5400,00;photo floue;en attente
16/07/2023;Deplacement;800,99;160,20;961,19;photo floue;rejete
27/07/2023;Transport;2500,00;500,00;3000,00;non;valide
08/02/2023;Formation;1000,99;200,20;1201,19;oui;valide
17/10/2023;Hotel;8000,00;1600,00;9600,00;photo floue;valide
03/04/2023;Deplacement;3180,99;636,20;3817,19;non;en attente
30/10/2022;Restaurant;3000,99;600,20;3601,19;oui;en attente
18/07/2023;Representation;900,00;180,00;1080,00;oui;rejete
06/05/2022;Representation;500,00;100,00;600,00;photo floue;en attente
13/07/2022;Telecom;2500,00;500,00;3000,00;photo floue;rejete
25/10/2023;Deplacement;1500,00;300,00;1800,00;photo floue;valide
25/11/2022;Representation;450,99;90,20;541,19;perdu;rejete
15/02/2022;Representation;1214,50;242,90;1457,40;oui;valide
14/10/2023;Deplacement;900,00;180,00;1080,00;oui;valide
28/05/2022;Restaurant;7500,50;1500,10;9000,60;oui;rejete
04/12/2022;Deplacement;1200,00;240,00;1440,00;non;en attente
21/12/2023;Telecom;1800,00;360,00;2160,00;photo floue;valide
17/05/2023;Informatique;2500,50;500,10;3000,60;oui;en attente
03/11/2023;Informatique;1200,50;240,10;1440,60;oui;en attente
02/06/2023;Taxi/VTC;3000,00;600,00;3600,00;perdu;en attente
02/12/2023;Hotel;90,50;18,10;108,60;oui;valide
07/03/2022;Informatique;4000,99;800,20;4801,19;oui;rejete
24/04/2023;Hotel;565,00;113,00;678,00;non;en attente
13/12/2022;Fournitures;2000,99;400,20;2401,19;photo floue;valide
07/11/2023;Informatique;2971,50;594,30;3565,80;oui;valide
19/11/2023;Informatique;4904,00;980,80;5884,80;photo floue;rejete
26/10/2023;Taxi/VTC;1800,00;360,00;2160,00;oui;valide
27/04/2023;Taxi/VTC;3500,00;700,00;4200,00;perdu;en attente
22/01/2022;Transport;4000,00;800,00;4800,00;oui;valide
16/03/2022;Telecom;5500,00;1100,00;6600,00;perdu;rejete
24/02/2023;Deplacement;6000,00;1200,00;7200,00;oui;en attente
03/02/2023;Transport;350,00;70,00;420,00;photo floue;en attente
08/07/2023;Formation;650,00;130,00;780,00;perdu;valide
05/11/2023;Deplacement;4974,00;994,80;5968,80;photo floue;en attente
25/05/2022;Deplacement;2000,00;400,00;2400,00;oui;en attente
08/02/2022;Representation;2088,99;417,80;2506,79;oui;valide
02/09/2023;Informatique;900,00;180,00;1080,00;non;rejete
09/05/2023;Taxi/VTC;400,00;80,00;480,00;oui;rejete
14/04/2023;Fournitures;4000,99;800,20;4801,19;photo floue;en attente
05/08/2022;Taxi/VTC;150,00;30,00;180,00;oui;en attente
02/03/2022;Taxi/VTC;1218,00;243,60;1461,60;non;valide
15/02/2022;Telecom;8000,99;1600,20;9601,19;oui;rejete
08/02/2022;Fournitures;2000,00;400,00;2400,00;non;rejete
06/02/2022;Formation;6000,00;1200,00;7200,00;perdu;rejete
19/07/2022;Restaurant;2000,00;400,00;2400,00;non;en attente
14/03/2022;Telecom;5000,99;1000,20;6001,19;non;valide
25/11/2022;Informatique;914,00;182,80;1096,80;perdu;en attente
29/03/2023;Informatique;2500,99;500,20;3001,19;oui;en attente
05/11/2022;Representation;3000,00;600,00;3600,00;oui;en attente
30/10/2023;Transport;800,00;160,00;960,00;non;rejete
11/04/2022;Deplacement;800,00;160,00;960,00;oui;en attente
25/02/2022;Telecom;3000,50;600,10;3600,60;non;rejete
30/11/2022;Fournitures;600,00;120,00;720,00;perdu;valide
27/10/2022;Taxi/VTC;4121,00;824,20;4945,20;photo floue;en attente
25/11/2022;Taxi/VTC;900,50;180,10;1080,60;photo floue;en attente
01/08/2022;Deplacement;9000,00;1800,00;10800,00;oui;valide
06/12/2023;Representation;1200,00;240,00;1440,00;non;valide
06/05/2023;Restaurant;850,00;170,00;1020,00;photo floue;en attente
28/09/2022;Telecom;1852,50;370,50;2223,00;non;en attente
22/10/2022;Restaurant;600,50;120,10;720,60;non;valide
09/10/2023;Representation;2500,50;500,10;3000,60;photo floue;valide
29/07/2022;Informatique;100,00;20,00;120,00;non;en attente
29/07/2023;Telecom;3697,00;739,40;4436,40;oui;rejete
13/08/2022;Hotel;1000,00;200,00;1200,00;oui;rejete
03/07/2023;Taxi/VTC;75,50;15,10;90,60;photo floue;en attente
01/09/2023;Transport;650,00;130,00;780,00;photo floue;en attente
16/09/2023;Informatique;850,50;170,10;1020,60;non;rejete
26/03/2023;Deplacement;2000,00;400,00;2400,00;photo floue;valide
28/01/2023;Representation;700,00;140,00;840,00;non;rejete
13/04/2022;Restaurant;400,00;80,00;480,00;photo floue;rejete
05/03/2022;Taxi/VTC;1629,00;325,80;1954,80;oui;valide
15/02/2022;Hotel;2996,50;599,30;3595,80;perdu;en attente
05/10/2022;Telecom;919,00;183,80;1102,80;photo floue;valide
14/10/2023;Telecom;600,99;120,20;721,19;oui;en attente
04/08/2023;Deplacement;450,99;90,20;541,19;perdu;valide
29/09/2022;Telecom;9999,00;1999,80;11998,80;non;valide
20/10/2023;Telecom;6000,00;1200,00;7200,00;photo floue;valide
15/10/2023;Fournitures;300,00;60,00;360,00;non;en attente
05/01/2023;Transport;800,50;160,10;960,60;oui;valide
16/10/2023;Formation;500,00;100,00;600,00;perdu;valide
27/01/2022;Formation;9500,50;1900,10;11400,60;non;en attente
19/12/2022;Telecom;4500,00;900,00;5400,00;non;en attente
16/10/2022;Restaurant;1200,99;240,20;1441,19;perdu;en attente
29/05/2022;Hotel;500,00;100,00;600,00;oui;rejete
30/12/2022;Fournitures;700,00;140,00;840,00;perdu;valide
17/12/2023;Fournitures;2854,00;570,80;3424,80;non;valide
16/04/2023;Deplacement;650,99;130,20;781,19;perdu;rejete
25/05/2023;Formation;1014,00;202,80;1216,80;oui;valide
09/10/2023;Representation;3000,00;600,00;3600,00;photo floue;rejete
26/09/2023;Representation;300,00;60,00;360,00;non;valide
04/01/2022;Representation;600,50;120,10;720,60;perdu;en attente
15/12/2022;Fournitures;900,99;180,20;1081,19;non;en attente
16/11/2022;Telecom;600,00;120,00;720,00;oui;valide
16/02/2022;Taxi/VTC;550,00;110,00;660,00;photo floue;en attente
15/05/2022;Fournitures;1848,00;369,60;2217,60;photo floue;rejete
10/09/2023;Fournitures;7500,00;1500,00;9000,00;oui;en attente
04/05/2022;Taxi/VTC;350,00;70,00;420,00;photo floue;valide
28/08/2023;Informatique;9500,99;1900,20;11401,19;oui;en attente
23/10/2022;Fournitures;500,50;100,10;600,60;oui;rejete
27/01/2023;Hotel;800,00;160,00;960,00;oui;valide
26/12/2023;Formation;4500,00;900,00;5400,00;non;rejete
19/02/2023;Informatique;120,00;24,00;144,00;photo floue;rejete
20/02/2022;Taxi/VTC;300,99;60,20;361,19;photo floue;rejete
14/03/2022;Deplacement;550,00;110,00;660,00;perdu;rejete
06/04/2022;Hotel;300,00;60,00;360,00;oui;en attente
17/06/2022;Informatique;3500,00;700,00;4200,00;photo floue;rejete
10/10/2022;Fournitures;900,00;180,00;1080,00;photo floue;rejete
08/06/2023;Formation;2500,00;500,00;3000,00;non;en attente
13/04/2023;Representation;1000,99;200,20;1201,19;oui;valide
25/07/2023;Hotel;4000,99;800,20;4801,19;photo floue;rejete
22/08/2023;Taxi/VTC;800,00;160,00;960,00;non;valide
08/05/2022;Telecom;900,00;180,00;1080,00;oui;valide
04/04/2023;Taxi/VTC;350,99;70,20;421,19;photo floue;rejete
21/01/2023;Taxi/VTC;100,00;20,00;120,00;oui;rejete
20/10/2023;Telecom;600,99;120,20;721,19;oui;en attente
10/09/2023;Deplacement;4638,50;927,70;5566,20;oui;en attente
03/08/2022;Fournitures;80,00;16,00;96,00;perdu;valide
22/11/2023;Deplacement;2000,99;400,20;2401,19;oui;en attente
19/03/2023;Telecom;4000,99;800,20;4801,19;perdu;rejete
16/11/2022;Taxi/VTC;9999,00;1999,80;11998,80;non;valide
18/06/2022;Deplacement;1000,50;200,10;1200,60;non;rejete
01/05/2023;Formation;2500,00;500,00;3000,00;perdu;rejete
15/05/2022;Telecom;3410,00;682,00;4092,00;perdu;valide
22/09/2022;Fournitures;800,00;160,00;960,00;non;rejete
02/02/2022;Restaurant;900,50;180,10;1080,60;photo floue;rejete
28/04/2023;Hotel;200,00;40,00;240,00;photo floue;en attente
21/03/2023;Fournitures;2500,00;500,00;3000,00;photo floue;en attente
16/07/2023;Hotel;3500,00;700,00;4200,00;perdu;en attente
07/03/2023;Taxi/VTC;4376,00;875,20;5251,20;photo floue;en attente
19/05/2022;Transport;8000,00;1600,00;9600,00;oui;valide
24/10/2023;Telecom;650,00;130,00;780,00;perdu;en attente
21/03/2023;Formation;4500,00;900,00;5400,00;oui;rejete
14/04/2022;Telecom;3000,00;600,00;3600,00;non;rejete
12/11/2023;Deplacement;250,99;50,20;301,19;oui;rejete
01/11/2023;Restaurant;1310,00;262,00;1572,00;photo floue;valide
25/07/2023;Formation;550,00;110,00;660,00;perdu;rejete
24/04/2022;Representation;1200,50;240,10;1440,60;oui;rejete
27/03/2023;Fournitures;6000,50;1200,10;7200,60;photo floue;rejete
02/05/2023;Deplacement;7500,00;1500,00;9000,00;oui;en attente
16/02/2022;Hotel;75,00;15,00;90,00;perdu;valide
17/12/2022;Taxi/VTC;100,00;20,00;120,00;oui;rejete
16/02/2022;Informatique;300,00;60,00;360,00;non;rejete
10/02/2023;Transport;700,00;140,00;840,00;perdu;rejete
04/11/2023;Representation;700,99;140,20;841,19;non;en attente
21/12/2022;Deplacement;652,50;130,50;783,00;photo floue;rejete
12/09/2023;Hotel;700,99;140,20;841,19;non;valide
11/11/2022;Formation;750,00;150,00;900,00;oui;en attente
03/10/2022;Telecom;150,99;30,20;181,19;oui;valide
24/09/2023;Deplacement;1338,99;267,80;1606,79;perdu;rejete
08/12/2022;Fournitures;450,00;90,00;540,00;photo floue;valide
25/02/2022;Hotel;400,99;80,20;481,19;perdu;en attente
17/01/2022;Fournitures;700,50;140,10;840,60;non;en attente
13/02/2023;Informatique;450,50;90,10;540,60;photo floue;rejete
20/05/2022;Transport;7000,00;1400,00;8400,00;oui;en attente
26/06/2022;Taxi/VTC;7000,50;1400,10;8400,60;oui;en attente
17/06/2023;Representation;950,00;190,00;1140,00;oui;rejete
31/08/2022;Hotel;7000,50;1400,10;8400,60;non;rejete
10/07/2023;Transport;2500,00;500,00;3000,00;perdu;rejete
17/08/2022;Formation;7000,00;1400,00;8400,00;oui;en attente
06/07/2022;Deplacement;90,00;18,00;108,00;photo floue;rejete
20/01/2022;Fournitures;550,50;110,10;660,60;non;rejete
26/09/2022;Hotel;4500,00;900,00;5400,00;perdu;rejete
14/07/2022;Taxi/VTC;2500,00;500,00;3000,00;non;valide
31/07/2023;Informatique;75,50;15,10;90,60;oui;en attente
29/09/2023;Informatique;425,00;85,00;510,00;perdu;rejete
02/02/2023;Taxi/VTC;4000,99;800,20;4801,19;non;en attente
18/03/2022;Restaurant;2451,99;490,40;2942,39;photo floue;en attente
13/02/2022;Representation;2000,99;400,20;2401,19;oui;valide
05/09/2022;Hotel;800,50;160,10;960,60;perdu;rejete
05/04/2022;Restaurant;249,00;49,80;298,80;non;rejete
06/10/2022;Formation;900,00;180,00;1080,00;photo floue;rejete
20/01/2023;Restaurant;800,00;160,00;960,00;oui;en attente
04/04/2022;Taxi/VTC;700,50;140,10;840,60;non;valide
07/06/2023;Transport;550,99;110,20;661,19;non;valide
27/08/2023;Telecom;175,99;35,20;211,19;photo floue;en attente
02/12/2023;Restaurant;2000,99;400,20;2401,19;oui;en attente
05/07/2022;Restaurant;4500,50;900,10;5400,60;photo floue;en attente
16/10/2023;Formation;650,00;130,00;780,00;perdu;valide
29/11/2023;Transport;500,50;100,10;600,60;non;rejete
16/05/2023;Telecom;120,00;24,00;144,00;non;en attente
08/12/2023;Informatique;2500,00;500,00;3000,00;photo floue;en attente
06/06/2023;Informatique;95,50;19,10;114,60;oui;rejete
28/10/2023;Transport;924,50;184,90;1109,40;oui;en attente
03/05/2022;Deplacement;800,00;160,00;960,00;photo floue;rejete
22/11/2023;Hotel;7000,00;1400,00;8400,00;perdu;valide
06/01/2023;Informatique;150,00;30,00;180,00;oui;rejete
09/03/2023;Taxi/VTC;4174,00;834,80;5008,80;oui;valide
05/11/2022;Telecom;750,00;150,00;900,00;oui;rejete
22/02/2023;Telecom;2500,99;500,20;3001,19;photo floue;valide
06/07/2023;Fournitures;550,00;110,00;660,00;oui;en attente
19/08/2022;Fournitures;75,99;15,20;91,19;perdu;valide
23/01/2023;Formation;900,00;180,00;1080,00;photo floue;rejete
02/06/2023;Representation;2522,50;504,50;3027,00;oui;en attente
31/05/2023;Telecom;1396,00;279,20;1675,20;oui;en attente
22/04/2023;Transport;4500,00;900,00;5400,00;perdu;rejete
16/07/2023;Restaurant;750,99;150,20;901,19;photo floue;en attente
15/02/2023;Taxi/VTC;200,00;40,00;240,00;oui;en attente
07/01/2022;Representation;1200,00;240,00;1440,00;non;en attente
16/11/2023;Telecom;4678,00;935,60;5613,60;oui;rejete
15/03/2023;Hotel;175,50;35,10;210,60;perdu;en attente
10/05/2022;Deplacement;3602,00;720,40;4322,40;perdu;rejete
06/03/2023;Hotel;1000,99;200,20;1201,19;non;valide
30/09/2022;Formation;1500,00;300,00;1800,00;perdu;valide
11/09/2023;Taxi/VTC;600,00;120,00;720,00;perdu;rejete
11/11/2023;Informatique;1200,99;240,20;1441,19;perdu;en attente
19/01/2023;Formation;1000,00;200,00;1200,00;photo floue;rejete
02/04/2022;Restaurant;400,00;80,00;480,00;perdu;valide
11/04/2022;Transport;900,50;180,10;1080,60;oui;valide
15/02/2022;Hotel;1800,00;360,00;2160,00;photo floue;rejete
06/10/2022;Restaurant;200,99;40,20;241,19;oui;valide
02/08/2022;Restaurant;229,00;45,80;274,80;photo floue;en attente
09/05/2023;Hotel;1478,50;295,70;1774,20;non;en attente
01/08/2023;Telecom;1200,00;240,00;1440,00;oui;en attente
18/12/2022;Informatique;90,00;18,00;108,00;oui;valide
07/11/2023;Telecom;4120,99;824,20;4945,19;non;rejete
08/07/2022;Representation;950,50;190,10;1140,60;photo floue;rejete
23/04/2022;Deplacement;4116,00;823,20;4939,20;oui;valide
20/01/2022;Formation;1500,00;300,00;1800,00;perdu;rejete
01/03/2022;Deplacement;2286,00;457,20;2743,20;perdu;valide
30/09/2022;Deplacement;3187,00;637,40;3824,40;non;en attente
12/04/2022;Hotel;750,50;150,10;900,60;oui;rejete
07/07/2022;Representation;120,00;24,00;144,00;oui;rejete
11/12/2022;Transport;5000,00;1000,00;6000,00;photo floue;valide
25/06/2023;Fournitures;1800,00;360,00;2160,00;perdu;rejete
25/01/2022;Informatique;2366,99;473,40;2840,39;perdu;en attente
09/04/2022;Taxi/VTC;800,99;160,20;961,19;oui;en attente
30/08/2023;Formation;7500,50;1500,10;9000,60;photo floue;en attente
07/12/2022;Transport;750,00;150,00;900,00;non;en attente
19/11/2023;Formation;80,00;16,00;96,00;perdu;en attente
23/12/2022;Transport;550,99;110,20;661,19;perdu;valide
24/06/2023;Deplacement;583,50;116,70;700,20;oui;rejete
20/08/2023;Taxi/VTC;850,99;170,20;1021,19;photo floue;en attente
30/05/2023;Informatique;750,00;150,00;900,00;oui;en attente
13/08/2023;Deplacement;650,50;130,10;780,60;perdu;en attente
09/06/2023;Fournitures;4203,00;840,60;5043,60;photo floue;en attente
29/06/2022;Informatique;150,00;30,00;180,00;oui;en attente
09/03/2022;Formation;600,00;120,00;720,00;photo floue;valide
24/11/2022;Telecom;500,00;100,00;600,00;photo floue;en attente
12/02/2022;Informatique;300,00;60,00;360,00;perdu;en attente
27/09/2023;Hotel;7500,50;1500,10;9000,60;perdu;rejete
08/07/2023;Transport;4440,99;888,20;5329,19;oui;rejete
24/12/2023;Taxi/VTC;8000,50;1600,10;9600,60;non;rejete
16/11/2022;Restaurant;3137,00;627,40;3764,40;photo floue;rejete
16/09/2022;Deplacement;1500,00;300,00;1800,00;non;en attente
30/08/2022;Taxi/VTC;750,00;150,00;900,00;perdu;valide
30/05/2023;Transport;100,00;20,00;120,00;oui;en attente
18/10/2023;Taxi/VTC;4500,99;900,20;5401,19;photo floue;rejete
21/09/2023;Deplacement;850,99;170,20;1021,19;non;rejete
09/04/2022;Fournitures;950,00;190,00;1140,00;photo floue;valide
25/08/2022;Representation;2348,00;469,60;2817,60;non;valide
09/04/2022;Hotel;700,99;140,20;841,19;perdu;rejete
03/10/2022;Fournitures;1000,99;200,20;1201,19;oui;rejete
07/04/2023;Representation;1200,00;240,00;1440,00;non;rejete
02/07/2023;Restaurant;4000,00;800,00;4800,00;photo floue;rejete
08/01/2022;Fournitures;750,99;150,20;901,19;non;valide
18/03/2022;Representation;2500,00;500,00;3000,00;oui;en attente
21/02/2022;Hotel;937,00;187,40;1124,40;photo floue;valide
13/12/2022;Restaurant;250,00;50,00;300,00;non;rejete
02/12/2023;Representation;447,50;89,50;537,00;photo floue;valide
03/11/2022;Restaurant;4500,99;900,20;5401,19;oui;valide
31/07/2022;Representation;6000,00;1200,00;7200,00;photo floue;rejete
17/04/2022;Representation;1014,50;202,90;1217,40;photo floue;rejete
21/05/2022;Informatique;650,00;130,00;780,00;non;rejete
04/06/2023;Informatique;75,50;15,10;90,60;non;rejete
27/02/2023;Restaurant;3797,50;759,50;4557,00;perdu;valide
01/09/2023;Hotel;3500,50;700,10;4200,60;non;rejete
09/10/2022;Deplacement;2422,99;484,60;2907,59;non;en attente
08/09/2022;Telecom;3274,00;654,80;3928,80;perdu;en attente
17/08/2023;Fournitures;800,00;160,00;960,00;perdu;valide
22/08/2023;Telecom;750,00;150,00;900,00;photo floue;valide
15/01/2022;Hotel;400,00;80,00;480,00;perdu;valide
18/02/2022;Fournitures;4434,50;886,90;5321,40;perdu;rejete
07/05/2023;Fournitures;700,50;140,10;840,60;perdu;valide
17/01/2022;Formation;450,00;90,00;540,00;non;valide
14/12/2022;Informatique;550,00;110,00;660,00;photo floue;valide
09/04/2022;Representation;7500,99;1500,20;9001,19;non;en attente
14/10/2023;Taxi/VTC;450,99;90,20;541,19;photo floue;valide
12/02/2023;Informatique;200,00;40,00;240,00;oui;en attente
17/09/2023;Restaurant;1200,00;240,00;1440,00;photo floue;en attente
21/04/2023;Hotel;4500,00;900,00;5400,00;photo floue;rejete
27/09/2022;Hotel;500,50;100,10;600,60;perdu;valide
23/02/2023;Restaurant;4500,50;900,10;5400,60;non;rejete
29/05/2023;Telecom;3000,00;600,00;3600,00;oui;valide
28/12/2022;Transport;120,00;24,00;144,00;non;rejete
24/03/2022;Informatique;8500,00;1700,00;10200,00;perdu;rejete
13/06/2023;Informatique;550,00;110,00;660,00;perdu;valide
26/01/2022;Telecom;448,50;89,70;538,20;photo floue;valide
24/05/2023;Taxi/VTC;750,99;150,20;901,19;non;en attente
06/06/2023;Transport;7500,50;1500,10;9000,60;non;rejete
04/04/2023;Informatique;900,00;180,00;1080,00;photo floue;valide
26/12/2022;Representation;4000,00;800,00;4800,00;non;en attente
08/06/2023;Restaurant;496,50;99,30;595,80;photo floue;en attente
30/01/2023;Informatique;215,00;43,00;258,00;oui;rejete
09/04/2023;Hotel;200,00;40,00;240,00;photo floue;valide
13/05/2022;Deplacement;1800,99;360,20;2161,19;perdu;en attente
14/10/2022;Hotel;700,00;140,00;840,00;perdu;en attente
16/06/2023;Transport;702,00;140,40;842,40;oui;rejete
03/04/2023;Hotel;250,00;50,00;300,00;photo floue;en attente
22/09/2023;Taxi/VTC;2000,99;400,20;2401,19;perdu;en attente
29/05/2022;Telecom;300,00;60,00;360,00;perdu;rejete
05/03/2023;Representation;2452,99;490,60;2943,59;non;rejete
23/12/2022;Transport;1000,00;200,00;1200,00;oui;en attente
20/07/2023;Formation;600,00;120,00;720,00;oui;valide
13/02/2023;Fournitures;700,00;140,00;840,00;photo floue;rejete
12/10/2023;Taxi/VTC;1500,50;300,10;1800,60;non;valide
15/08/2023;Taxi/VTC;1012,00;202,40;1214,40;photo floue;rejete
24/02/2023;Informatique;150,00;30,00;180,00;photo floue;en attente
08/01/2022;Taxi/VTC;950,00;190,00;1140,00;non;valide
03/03/2023;Formation;1500,50;300,10;1800,60;non;valide
14/10/2022;Restaurant;4000,99;800,20;4801,19;non;en attente
10/12/2022;Formation;500,00;100,00;600,00;photo floue;valide
17/07/2022;Restaurant;2971,00;594,20;3565,20;non;rejete
30/03/2023;Representation;848,99;169,80;1018,79;oui;valide
30/11/2023;Representation;2229,99;446,00;2675,99;oui;en attente
26/04/2022;Transport;5000,00;1000,00;6000,00;non;en attente
04/05/2022;Hotel;750,99;150,20;901,19;non;rejete
08/02/2022;Taxi/VTC;400,00;80,00;480,00;non;en attente
15/02/2023;Representation;650,50;130,10;780,60;oui;valide
12/07/2023;Formation;5500,00;1100,00;6600,00;oui;en attente
09/12/2022;Transport;120,00;24,00;144,00;oui;valide
26/03/2023;Taxi/VTC;550,00;110,00;660,00;perdu;rejete
18/11/2022;Deplacement;900,00;180,00;1080,00;non;valide
21/12/2022;Deplacement;4000,00;800,00;4800,00;perdu;rejete
21/10/2023;Fournitures;1000,50;200,10;1200,60;oui;en attente
15/03/2022;Taxi/VTC;8000,99;1600,20;9601,19;oui;rejete
23/06/2022;Fournitures;95,00;19,00;114,00;oui;valide
25/05/2022;Transport;4500,50;900,10;5400,60;oui;valide
07/02/2022;Fournitures;600,99;120,20;721,19;perdu;en attente
28/05/2022;Formation;250,50;50,10;300,60;non;rejete
03/03/2022;Taxi/VTC;3639,00;727,80;4366,80;perdu;en attente
30/06/2022;Transport;2032,00;406,40;2438,40;photo floue;valide
11/10/2023;Telecom;350,50;70,10;420,60;perdu;en attente
08/06/2023;Transport;832,99;166,60;999,59;oui;en attente
30/08/2022;Informatique;3000,00;600,00;3600,00;oui;valide
13/09/2022;Transport;300,99;60,20;361,19;perdu;rejete
23/09/2023;Deplacement;4500,99;900,20;5401,19;perdu;rejete
08/01/2023;Deplacement;650,00;130,00;780,00;oui;valide
09/01/2022;Transport;800,50;160,10;960,60;perdu;en attente
04/04/2022;Representation;1167,00;233,40;1400,40;oui;rejete
14/05/2023;Formation;3265,00;653,00;3918,00;oui;en attente
04/07/2023;Informatique;90,50;18,10;108,60;oui;valide
08/09/2022;Fournitures;1800,00;360,00;2160,00;non;rejete
29/04/2023;Hotel;900,00;180,00;1080,00;perdu;valide
19/03/2022;Deplacement;4147,00;829,40;4976,40;photo floue;rejete
23/06/2022;Fournitures;400,00;80,00;480,00;photo floue;rejete
07/06/2022;Informatique;900,00;180,00;1080,00;oui;valide
20/03/2022;Representation;8500,50;1700,10;10200,60;non;valide
15/06/2023;Fournitures;2192,00;438,40;2630,40;photo floue;en attente
16/03/2022;Representation;550,00;110,00;660,00;perdu;valide
13/08/2022;Hotel;2402,00;480,40;2882,40;oui;rejete
01/08/2023;Deplacement;9999,99;2000,00;11999,99;oui;valide
30/07/2023;Restaurant;90,00;18,00;108,00;photo floue;rejete
25/08/2022;Taxi/VTC;5500,00;1100,00;6600,00;non;valide
27/02/2023;Transport;300,00;60,00;360,00;photo floue;valide
30/03/2023;Formation;100,50;20,10;120,60;oui;en attente
01/06/2022;Deplacement;500,00;100,00;600,00;oui;en attente
11/03/2023;Informatique;4552,99;910,60;5463,59;oui;valide
10/07/2023;Taxi/VTC;950,00;190,00;1140,00;perdu;rejete
05/04/2022;Hotel;550,00;110,00;660,00;non;rejete
07/10/2023;Restaurant;7000,00;1400,00;8400,00;oui;valide
18/11/2023;Restaurant;4135,00;827,00;4962,00;non;en attente
23/05/2022;Transport;150,00;30,00;180,00;photo floue;rejete
27/12/2022;Fournitures;100,99;20,20;121,19;photo floue;valide
25/05/2023;Representation;800,99;160,20;961,19;non;en attente
14/09/2022;Taxi/VTC;750,00;150,00;900,00;photo floue;rejete
29/06/2022;Transport;4338,00;867,60;5205,60;oui;valide
05/12/2022;Fournitures;3000,50;600,10;3600,60;perdu;rejete
19/03/2023;Taxi/VTC;1500,99;300,20;1801,19;perdu;en attente
19/06/2022;Formation;1000,00;200,00;1200,00;perdu;en attente
22/01/2023;Hotel;3830,00;766,00;4596,00;non;en attente
20/11/2023;Representation;800,50;160,10;960,60;oui;valide
18/02/2023;Hotel;200,00;40,00;240,00;photo floue;en attente
21/12/2022;Deplacement;3000,99;600,20;3601,19;photo floue;en attente
09/08/2022;Deplacement;4997,50;999,50;5997,00;perdu;valide
21/03/2023;Fournitures;600,00;120,00;720,00;oui;en attente
12/11/2022;Telecom;350,00;70,00;420,00;oui;en attente
28/12/2023;Transport;95,00;19,00;114,00;oui;en attente
06/12/2023;Telecom;1800,00;360,00;2160,00;photo floue;en attente
11/02/2023;Formation;300,99;60,20;361,19;photo floue;valide
16/04/2023;Hotel;800,00;160,00;960,00;non;rejete
27/07/2022;Telecom;5500,50;1100,10;6600,60;non;rejete
16/09/2022;Restaurant;900,00;180,00;1080,00;non;valide
21/06/2023;Telecom;2678,00;535,60;3213,60;perdu;valide
14/12/2023;Restaurant;800,00;160,00;960,00;perdu;en attente
13/10/2023;Deplacement;500,00;100,00;600,00;perdu;rejete
23/02/2022;Taxi/VTC;200,00;40,00;240,00;non;en attente
22/11/2023;Telecom;4808,00;961,60;5769,60;perdu;rejete
08/08/2022;Formation;1800,00;360,00;2160,00;photo floue;en attente
10/01/2023;Restaurant;350,00;70,00;420,00;perdu;en attente
04/08/2022;Deplacement;5000,00;1000,00;6000,00;photo floue;en attente
27/04/2023;Taxi/VTC;175,00;35,00;210,00;photo floue;valide
25/11/2023;Formation;400,00;80,00;480,00;photo floue;rejete
13/10/2022;Deplacement;4500,00;900,00;5400,00;oui;valide
14/11/2023;Informatique;300,00;60,00;360,00;non;valide
06/11/2022;Telecom;650,99;130,20;781,19;photo floue;valide
04/01/2023;Telecom;850,00;170,00;1020,00;photo floue;valide
15/01/2023;Transport;400,00;80,00;480,00;perdu;valide
10/01/2022;Informatique;4613,00;922,60;5535,60;non;valide
30/06/2022;Formation;7000,00;1400,00;8400,00;oui;en attente
02/12/2022;Representation;5000,00;1000,00;6000,00;photo floue;en attente
11/02/2023;Taxi/VTC;4713,99;942,80;5656,79;non;en attente
08/04/2022;Informatique;5500,00;1100,00;6600,00;oui;rejete
05/09/2023;Formation;80,50;16,10;96,60;oui;en attente
15/02/2023;Telecom;8500,00;1700,00;10200,00;oui;en attente
13/01/2023;Fournitures;400,00;80,00;480,00;photo floue;valide
03/06/2022;Representation;2000,99;400,20;2401,19;photo floue;en attente
17/07/2023;Hotel;800,99;160,20;961,19;oui;en attente
26/04/2022;Restaurant;500,00;100,00;600,00;non;valide
10/07/2022;Restaurant;8000,00;1600,00;9600,00;photo floue;rejete
07/11/2022;Taxi/VTC;9999,99;2000,00;11999,99;perdu;rejete
16/01/2022;Fournitures;250,50;50,10;300,60;perdu;valide
08/12/2022;Representation;600,00;120,00;720,00;oui;en attente
23/01/2023;Restaurant;4000,00;800,00;4800,00;photo floue;valide
16/09/2022;Restaurant;250,99;50,20;301,19;oui;valide
23/11/2022;Transport;750,00;150,00;900,00;non;rejete
05/03/2023;Formation;300,50;60,10;360,60;perdu;en attente
08/07/2023;Hotel;750,50;150,10;900,60;photo floue;en attente
21/01/2023;Fournitures;8000,50;1600,10;9600,60;non;en attente
19/07/2023;Transport;4837,50;967,50;5805,00;non;en attente
26/07/2022;Restaurant;4392,50;878,50;5271,00;perdu;en attente
14/06/2023;Informatique;7500,00;1500,00;9000,00;oui;en attente
03/08/2023;Fournitures;2000,50;400,10;2400,60;oui;rejete
04/04/2023;Taxi/VTC;2500,00;500,00;3000,00;photo floue;en attente
31/10/2022;Transport;1133,00;226,60;1359,60;photo floue;en attente
11/06/2023;Taxi/VTC;1000,00;200,00;1200,00;oui;valide
02/03/2023;Transport;1800,00;360,00;2160,00;perdu;rejete
15/10/2022;Hotel;120,00;24,00;144,00;perdu;valide
09/03/2023;Formation;1200,50;240,10;1440,60;oui;en attente
06/12/2023;Deplacement;4500,99;900,20;5401,19;non;rejete
15/09/2022;Taxi/VTC;3000,99;600,20;3601,19;non;rejete
06/12/2023;Informatique;1500,00;300,00;1800,00;perdu;en attente
08/01/2023;Transport;9999,00;1999,80;11998,80;oui;rejete
19/11/2022;Transport;350,99;70,20;421,19;non;en attente
26/12/2022;Restaurant;2000,00;400,00;2400,00;perdu;en attente
17/05/2022;Deplacement;4000,00;800,00;4800,00;non;valide
13/08/2022;Informatique;7500,00;1500,00;9000,00;photo floue;en attente
14/11/2022;Representation;4700,99;940,20;5641,19;oui;rejete
21/04/2023;Hotel;400,00;80,00;480,00;oui;rejete
11/12/2022;Taxi/VTC;400,00;80,00;480,00;perdu;en attente
08/05/2023;Formation;743,00;148,60;891,60;oui;valide
12/10/2022;Hotel;1200,99;240,20;1441,19;perdu;en attente
03/08/2023;Informatique;750,00;150,00;900,00;photo floue;en attente
18/11/2022;Transport;3791,00;758,20;4549,20;oui;en attente
28/06/2023;Informatique;350,00;70,00;420,00;photo floue;valide
25/07/2022;Deplacement;100,00;20,00;120,00;non;valide
19/05/2023;Transport;2500,00;500,00;3000,00;oui;valide
22/10/2023;Transport;650,00;130,00;780,00;photo floue;en attente
14/01/2023;Hotel;150,00;30,00;180,00;perdu;valide
12/04/2023;Transport;700,00;140,00;840,00;oui;valide
10/06/2023;Telecom;1500,00;300,00;1800,00;oui;rejete
01/10/2023;Deplacement;500,00;100,00;600,00;non;valide
27/11/2022;Deplacement;300,00;60,00;360,00;photo floue;en attente
04/12/2022;Transport;7000,00;1400,00;8400,00;oui;en attente
04/07/2022;Hotel;75,50;15,10;90,60;non;valide
19/04/2022;Representation;250,00;50,00;300,00;non;en attente
17/06/2022;Fournitures;800,50;160,10;960,60;photo floue;valide
29/07/2023;Hotel;3000,00;600,00;3600,00;oui;rejete
01/02/2022;Taxi/VTC;500,00;100,00;600,00;non;en attente
13/11/2023;Restaurant;3000,99;600,20;3601,19;non;rejete
09/02/2022;Deplacement;300,50;60,10;360,60;perdu;rejete
25/06/2022;Restaurant;4933,99;986,80;5920,79;oui;en attente
02/02/2022;Telecom;1000,50;200,10;1200,60;oui;rejete
11/12/2022;Formation;90,99;18,20;109,19;perdu;en attente
03/10/2022;Representation;4422,99;884,60;5307,59;non;en attente
01/06/2023;Restaurant;850,00;170,00;1020,00;non;valide
24/10/2023;Representation;2773,00;554,60;3327,60;non;rejete
09/06/2023;Deplacement;300,99;60,20;361,19;perdu;valide
03/07/2023;Transport;2021,99;404,40;2426,39;perdu;valide
12/01/2022;Representation;600,00;120,00;720,00;photo floue;valide
29/09/2023;Deplacement;175,00;35,00;210,00;perdu;valide
11/02/2023;Taxi/VTC;850,00;170,00;1020,00;perdu;rejete
01/07/2022;Formation;750,99;150,20;901,19;photo floue;valide
14/07/2023;Restaurant;2000,99;400,20;2401,19;non;rejete
03/10/2022;Taxi/VTC;6000,00;1200,00;7200,00;perdu;en attente
21/04/2023;Fournitures;600,00;120,00;720,00;photo floue;valide
18/01/2022;Representation;3000,99;600,20;3601,19;photo floue;en attente
24/12/2022;Representation;7000,00;1400,00;8400,00;oui;valide
08/07/2023;Fournitures;95,00;19,00;114,00;photo floue;rejete
28/01/2023;Telecom;3422,99;684,60;4107,59;non;en attente
20/04/2022;Taxi/VTC;4000,00;800,00;4800,00;non;en attente
20/05/2023;Deplacement;3445,00;689,00;4134,00;photo floue;en attente
27/11/2023;Telecom;900,00;180,00;1080,00;perdu;rejete
08/09/2022;Formation;200,00;40,00;240,00;photo floue;en attente
23/11/2022;Transport;1000,00;200,00;1200,00;photo floue;rejete
23/12/2022;Telecom;349,50;69,90;419,40;perdu;valide
10/12/2022;Hotel;120,00;24,00;144,00;non;valide
30/04/2023;Informatique;80,99;16,20;97,19;photo floue;valide
08/08/2022;Restaurant;2308,00;461,60;2769,60;photo floue;valide
29/04/2023;Representation;150,00;30,00;180,00;perdu;rejete
25/11/2023;Restaurant;1659,50;331,90;1991,40;photo floue;en attente
08/09/2023;Formation;100,00;20,00;120,00;non;en attente
15/02/2023;Deplacement;950,50;190,10;1140,60;photo floue;en attente
30/01/2023;Taxi/VTC;450,99;90,20;541,19;photo floue;en attente
11/03/2023;Taxi/VTC;7000,00;1400,00;8400,00;perdu;valide
27/02/2022;Restaurant;250,00;50,00;300,00;photo floue;en attente
26/07/2023;Restaurant;2524,00;504,80;3028,80;perdu;en attente
03/07/2023;Transport;7500,00;1500,00;9000,00;oui;valide
16/09/2023;Informatique;700,50;140,10;840,60;photo floue;en attente
07/08/2023;Taxi/VTC;5000,00;1000,00;6000,00;photo floue;en attente
14/11/2023;Deplacement;1200,00;240,00;1440,00;non;valide
21/10/2023;Taxi/VTC;950,50;190,10;1140,60;perdu;en attente
08/01/2022;Representation;4302,50;860,50;5163,00;non;en attente
09/07/2023;Deplacement;1341,99;268,40;1610,39;non;en attente
14/05/2023;Taxi/VTC;2500,99;500,20;3001,19;perdu;valide
06/12/2023;Informatique;3000,50;600,10;3600,60;perdu;valide
23/06/2022;Deplacement;100,00;20,00;120,00;oui;valide
08/04/2022;Deplacement;9000,00;1800,00;10800,00;non;valide
28/02/2023;Telecom;2020,00;404,00;2424,00;non;rejete
24/09/2022;Informatique;1800,00;360,00;2160,00;oui;rejete
06/03/2023;Restaurant;250,50;50,10;300,60;oui;en attente
11/01/2023;Formation;2624,50;524,90;3149,40;non;en attente
22/03/2022;Representation;7000,50;1400,10;8400,60;non;en attente
07/01/2022;Restaurant;450,50;90,10;540,60;perdu;en attente
30/12/2022;Fournitures;1672,99;334,60;2007,59;non;valide
04/01/2022;Transport;800,99;160,20;961,19;non;en attente
01/12/2022;Formation;4212,00;842,40;5054,40;perdu;en attente
01/12/2023;Restaurant;200,00;40,00;240,00;photo floue;en attente
13/02/2022;Representation;3623,00;724,60;4347,60;non;en attente
07/09/2023;Restaurant;700,00;140,00;840,00;non;en attente
15/03/2022;Hotel;2500,00;500,00;3000,00;photo floue;valide
19/09/2022;Informatique;400,99;80,20;481,19;photo floue;en attente
05/12/2022;Restaurant;850,00;170,00;1020,00;non;valide
23/08/2023;Restaurant;750,00;150,00;900,00;oui;en attente
27/04/2023;Transport;350,00;70,00;420,00;perdu;rejete
03/10/2022;Transport;850,00;170,00;1020,00;photo floue;valide
10/10/2022;Restaurant;800,00;160,00;960,00;photo floue;rejete
06/11/2022;Informatique;80,99;16,20;97,19;non;en attente
20/03/2022;Telecom;550,99;110,20;661,19;photo floue;en attente
16/07/2022;Fournitures;400,00;80,00;480,00;non;valide
09/09/2022;Telecom;4500,99;900,20;5401,19;perdu;rejete
02/02/2023;Fournitures;3000,00;600,00;3600,00;perdu;rejete
24/05/2022;Restaurant;1526,00;305,20;1831,20;non;valide
12/05/2023;Telecom;2500,00;500,00;3000,00;perdu;valide
23/08/2023;Hotel;9999,99;2000,00;11999,99;non;valide
02/06/2023;Transport;2367,50;473,50;2841,00;non;rejete
06/07/2023;Informatique;350,50;70,10;420,60;photo floue;valide
05/11/2023;Fournitures;4000,50;800,10;4800,60;perdu;rejete
03/01/2022;Fournitures;1000,50;200,10;1200,60;non;en attente
22/02/2022;Hotel;5500,00;1100,00;6600,00;perdu;rejete
24/04/2022;Informatique;50,00;10,00;60,00;oui;en attente
09/11/2022;Informatique;750,00;150,00;900,00;non;valide
20/01/2023;Formation;350,00;70,00;420,00;non;valide
04/01/2022;Restaurant;1000,00;200,00;1200,00;photo floue;rejete
14/03/2023;Informatique;4840,99;968,20;5809,19;oui;valide
30/04/2023;Fournitures;600,00;120,00;720,00;photo floue;en attente
17/06/2022;Deplacement;2500,50;500,10;3000,60;photo floue;valide
15/03/2023;Fournitures;6000,00;1200,00;7200,00;oui;valide
02/09/2022;Restaurant;500,00;100,00;600,00;non;rejete
19/04/2023;Hotel;900,99;180,20;1081,19;oui;en attente
03/10/2022;Informatique;175,99;35,20;211,19;non;valide
04/04/2023;Representation;2354,50;470,90;2825,40;non;en attente
24/04/2022;Transport;7000,00;1400,00;8400,00;non;en attente
21/05/2022;Informatique;5000,00;1000,00;6000,00;oui;en attente
27/01/2023;Representation;550,00;110,00;660,00;oui;rejete
03/11/2022;Taxi/VTC;1671,00;334,20;2005,20;oui;en attente
23/05/2022;Deplacement;2000,50;400,10;2400,60;non;valide
06/01/2023;Hotel;800,00;160,00;960,00;photo floue;en attente
14/10/2023;Transport;500,99;100,20;601,19;photo floue;en attente
03/07/2022;Transport;2726,99;545,40;3272,39;perdu;rejete
25/05/2022;Transport;550,00;110,00;660,00;oui;valide
09/06/2023;Informatique;900,00;180,00;1080,00;oui;en attente
29/03/2022;Deplacement;3309,50;661,90;3971,40;photo floue;rejete
26/03/2023;Transport;2000,50;400,10;2400,60;oui;en attente
24/09/2022;Representation;700,99;140,20;841,19;photo floue;valide
05/04/2022;Transport;400,50;80,10;480,60;photo floue;rejete
14/01/2023;Fournitures;9000,00;1800,00;10800,00;photo floue;en attente
16/11/2022;Hotel;1484,00;296,80;1780,80;non;valide
25/05/2022;Informatique;800,99;160,20;961,19;non;valide
25/02/2023;Deplacement;4706,00;941,20;5647,20;oui;valide
12/02/2022;Informatique;2500,00;500,00;3000,00;photo floue;valide
09/07/2023;Restaurant;5000,99;1000,20;6001,19;photo floue;en attente
20/05/2023;Taxi/VTC;4730,50;946,10;5676,60;non;valide
06/08/2023;Informatique;300,99;60,20;361,19;photo floue;en attente
02/07/2023;Restaurant;250,00;50,00;300,00;perdu;rejete
28/04/2023;Taxi/VTC;4000,00;800,00;4800,00;oui;valide
06/01/2023;Hotel;7000,99;1400,20;8401,19;non;en attente
07/05/2022;Restaurant;2000,99;400,20;2401,19;non;en attente
13/08/2022;Telecom;850,00;170,00;1020,00;photo floue;valide
04/04/2023;Deplacement;750,99;150,20;901,19;photo floue;en attente
07/05/2023;Telecom;2335,00;467,00;2802,00;perdu;en attente
24/05/2022;Fournitures;1200,50;240,10;1440,60;photo floue;rejete
14/11/2022;Restaurant;643,99;128,80;772,79;oui;rejete
16/09/2022;Transport;5500,00;1100,00;6600,00;photo floue;valide
01/12/2022;Transport;3308,50;661,70;3970,20;photo floue;rejete
18/01/2022;Transport;500,00;100,00;600,00;perdu;valide
07/09/2022;Telecom;1000,00;200,00;1200,00;non;en attente
13/05/2023;Transport;80,99;16,20;97,19;oui;en attente
21/10/2023;Representation;150,00;30,00;180,00;perdu;valide
14/09/2023;Telecom;8500,00;1700,00;10200,00;oui;rejete
02/08/2022;Formation;6000,00;1200,00;7200,00;perdu;valide
30/09/2022;Deplacement;900,00;180,00;1080,00;perdu;valide
27/05/2023;Formation;1200,00;240,00;1440,00;non;valide
04/10/2022;Transport;300,99;60,20;361,19;photo floue;rejete
29/09/2022;Hotel;95,00;19,00;114,00;photo floue;en attente
17/08/2023;Representation;450,00;90,00;540,00;non;en attente
04/11/2022;Hotel;175,00;35,00;210,00;oui;rejete
09/09/2022;Transport;850,50;170,10;1020,60;photo floue;valide
01/10/2023;Taxi/VTC;100,50;20,10;120,60;perdu;en attente
21/01/2022;Restaurant;900,00;180,00;1080,00;non;valide
18/04/2023;Deplacement;6000,50;1200,10;7200,60;oui;valide
12/07/2022;Transport;9000,00;1800,00;10800,00;oui;rejete
09/01/2022;Taxi/VTC;3404,00;680,80;4084,80;photo floue;rejete
09/11/2022;Fournitures;2257,99;451,60;2709,59;photo floue;rejete
08/04/2022;Hotel;650,00;130,00;780,00;oui;en attente
29/05/2022;Telecom;1603,00;320,60;1923,60;oui;valide
17/10/2022;Transport;800,00;160,00;960,00;photo floue;en attente
16/03/2022;Formation;700,00;140,00;840,00;oui;valide
24/07/2023;Informatique;503,50;100,70;604,20;perdu;en attente
21/09/2023;Deplacement;4834,50;966,90;5801,40;perdu;valide
07/11/2023;Representation;950,99;190,20;1141,19;photo floue;rejete
12/07/2022;Informatique;4000,99;800,20;4801,19;non;en attente
20/11/2022;Hotel;850,99;170,20;1021,19;non;en attente
06/11/2022;Telecom;1500,00;300,00;1800,00;perdu;en attente
15/07/2022;Taxi/VTC;2165,00;433,00;2598,00;perdu;rejete
07/05/2022;Taxi/VTC;1500,00;300,00;1800,00;perdu;rejete
06/11/2022;Hotel;1452,00;290,40;1742,40;oui;rejete
01/11/2023;Informatique;7000,00;1400,00;8400,00;oui;valide
24/08/2023;Telecom;5000,00;1000,00;6000,00;non;rejete
08/10/2022;Restaurant;750,00;150,00;900,00;photo floue;valide
18/05/2022;Taxi/VTC;1800,00;360,00;2160,00;perdu;rejete
02/11/2022;Restaurant;1000,99;200,20;1201,19;oui;valide
02/03/2022;Fournitures;650,00;130,00;780,00;non;rejete
17/01/2022;Restaurant;750,99;150,20;901,19;perdu;rejete
28/04/2023;Deplacement;2615,99;523,20;3139,19;non;rejete
13/08/2023;Deplacement;3324,00;664,80;3988,80;perdu;en attente
23/03/2023;Representation;1874,99;375,00;2249,99;photo floue;valide
03/05/2023;Restaurant;1199,99;240,00;1439,99;photo floue;en attente
24/01/2022;Telecom;800,99;160,20;961,19;non;en attente
09/02/2022;Transport;5000,50;1000,10;6000,60;perdu;valide
02/03/2022;Restaurant;150,00;30,00;180,00;non;en attente
02/11/2022;Taxi/VTC;850,00;170,00;1020,00;oui;en attente
09/04/2023;Representation;9000,99;1800,20;10801,19;oui;en attente
23/10/2023;Formation;4420,00;884,00;5304,00;photo floue;rejete
02/08/2023;Taxi/VTC;9000,00;1800,00;10800,00;perdu;rejete
18/05/2023;Telecom;1482,00;296,40;1778,40;perdu;en attente
26/10/2023;Formation;3474,99;695,00;4169,99;photo floue;en attente
06/01/2023;Formation;4773,00;954,60;5727,60;oui;rejete
15/05/2023;Representation;300,99;60,20;361,19;photo floue;rejete
07/05/2022;Fournitures;4275,99;855,20;5131,19;oui;en attente
18/08/2023;Telecom;300,00;60,00;360,00;perdu;en attente
02/01/2022;Taxi/VTC;800,00;160,00;960,00;photo floue;en attente
10/09/2023;Formation;1500,00;300,00;1800,00;non;rejete
17/10/2022;Telecom;75,00;15,00;90,00;non;en attente
02/03/2022;Fournitures;200,50;40,10;240,60;non;en attente
31/05/2022;Transport;1500,99;300,20;1801,19;photo floue;valide
23/12/2023;Taxi/VTC;5500,00;1100,00;6600,00;non;valide
08/02/2023;Deplacement;900,99;180,20;1081,19;non;rejete
12/10/2023;Fournitures;3500,99;700,20;4201,19;photo floue;rejete
29/06/2022;Deplacement;1274,00;254,80;1528,80;non;rejete
25/04/2022;Hotel;200,50;40,10;240,60;oui;valide
08/01/2023;Hotel;1386,99;277,40;1664,39;non;en attente
18/03/2023;Taxi/VTC;811,00;162,20;973,20;non;en attente
26/10/2023;Deplacement;2620,50;524,10;3144,60;photo floue;en attente
21/02/2023;Formation;1800,99;360,20;2161,19;oui;en attente
19/06/2023;Telecom;500,00;100,00;600,00;perdu;valide
20/09/2022;Hotel;200,00;40,00;240,00;photo floue;rejete
11/02/2022;Fournitures;2500,50;500,10;3000,60;oui;en attente
08/01/2023;Taxi/VTC;3084,50;616,90;3701,40;perdu;en attente
21/07/2022;Taxi/VTC;851,99;170,40;1022,39;oui;en attente
14/08/2022;Transport;3500,00;700,00;4200,00;oui;rejete
31/01/2022;Telecom;550,00;110,00;660,00;photo floue;valide
05/12/2023;Transport;2586,00;517,20;3103,20;non;valide
12/05/2023;Informatique;850,00;170,00;1020,00;photo floue;en attente
25/01/2023;Informatique;200,50;40,10;240,60;non;valide
09/07/2023;Restaurant;750,99;150,20;901,19;perdu;valide
03/05/2022;Hotel;900,00;180,00;1080,00;non;valide
24/08/2022;Fournitures;5000,50;1000,10;6000,60;oui;rejete
30/12/2023;Hotel;1000,00;200,00;1200,00;photo floue;en attente
07/05/2023;Informatique;1500,00;300,00;1800,00;perdu;rejete
08/03/2023;Deplacement;950,00;190,00;1140,00;perdu;valide
27/03/2023;Fournitures;3568,00;713,60;4281,60;perdu;rejete
25/01/2022;Telecom;2500,00;500,00;3000,00;perdu;en attente
27/05/2022;Hotel;2500,00;500,00;3000,00;photo floue;rejete
03/05/2023;Restaurant;2468,00;493,60;2961,60;perdu;rejete
22/11/2022;Hotel;120,00;24,00;144,00;non;rejete
25/12/2023;Fournitures;4783,00;956,60;5739,60;photo floue;rejete
20/03/2022;Representation;80,99;16,20;97,19;non;rejete
24/02/2022;Formation;9500,00;1900,00;11400,00;photo floue;rejete
29/11/2022;Transport;1000,00;200,00;1200,00;non;en attente
31/05/2023;Fournitures;8500,00;1700,00;10200,00;perdu;rejete
07/08/2022;Hotel;2500,00;500,00;3000,00;photo floue;en attente
06/11/2022;Restaurant;850,00;170,00;1020,00;non;rejete
21/05/2022;Formation;4500,00;900,00;5400,00;non;rejete
21/12/2023;Deplacement;585,50;117,10;702,60;perdu;valide
20/06/2023;Restaurant;4790,00;958,00;5748,00;non;en attente
26/05/2023;Telecom;9000,99;1800,20;10801,19;oui;en attente
06/08/2023;Informatique;3000,99;600,20;3601,19;oui;valide
01/07/2023;Deplacement;450,00;90,00;540,00;oui;en attente
18/06/2022;Restaurant;9000,00;1800,00;10800,00;photo floue;valide
21/02/2023;Fournitures;900,00;180,00;1080,00;photo floue;rejete
26/06/2022;Informatique;150,00;30,00;180,00;perdu;rejete
17/12/2023;Informatique;250,00;50,00;300,00;perdu;valide
14/11/2023;Deplacement;950,00;190,00;1140,00;perdu;rejete
25/04/2022;Fournitures;700,00;140,00;840,00;photo floue;en attente
30/05/2022;Deplacement;300,00;60,00;360,00;perdu;rejete
10/12/2022;Fournitures;1000,00;200,00;1200,00;non;en attente
16/01/2023;Transport;200,50;40,10;240,60;oui;valide
04/10/2022;Taxi/VTC;2500,50;500,10;3000,60;non;en attente
08/12/2023;Fournitures;3870,99;774,20;4645,19;oui;en attente
27/11/2023;Informatique;1504,50;300,90;1805,40;perdu;en attente
27/10/2023;Fournitures;850,99;170,20;1021,19;photo floue;valide
21/02/2022;Formation;3500,00;700,00;4200,00;non;rejete
16/08/2022;Deplacement;550,00;110,00;660,00;non;rejete
07/03/2022;Restaurant;3500,00;700,00;4200,00;oui;en attente
18/04/2023;Deplacement;1500,00;300,00;1800,00;oui;en attente
18/03/2022;Transport;1500,99;300,20;1801,19;photo floue;en attente
14/03/2022;Hotel;150,00;30,00;180,00;perdu;valide
21/04/2022;Telecom;500,99;100,20;601,19;oui;en attente
15/10/2023;Taxi/VTC;300,50;60,10;360,60;oui;en attente
05/12/2023;Telecom;500,00;100,00;600,00;oui;en attente
03/06/2022;Deplacement;3500,00;700,00;4200,00;non;en attente
03/05/2023;Transport;2000,00;400,00;2400,00;photo floue;rejete
17/11/2023;Hotel;250,00;50,00;300,00;perdu;valide
18/08/2022;Transport;100,50;20,10;120,60;oui;valide
05/06/2022;Fournitures;4500,99;900,20;5401,19;photo floue;rejete
09/06/2022;Deplacement;700,00;140,00;840,00;oui;valide
20/12/2022;Deplacement;2000,00;400,00;2400,00;oui;rejete
09/08/2022;Transport;800,50;160,10;960,60;perdu;valide
07/08/2022;Hotel;150,00;30,00;180,00;photo floue;rejete
22/06/2022;Transport;643,00;128,60;771,60;non;en attente
09/01/2022;Informatique;1500,00;300,00;1800,00;oui;rejete
13/01/2022;Formation;450,99;90,20;541,19;oui;valide
29/06/2022;Fournitures;4828,00;965,60;5793,60;perdu;rejete
07/04/2022;Informatique;850,99;170,20;1021,19;photo floue;rejete
01/12/2022;Taxi/VTC;4538,00;907,60;5445,60;photo floue;valide
15/06/2022;Deplacement;175,00;35,00;210,00;oui;valide
25/09/2022;Fournitures;4988,00;997,60;5985,60;photo floue;rejete
05/03/2023;Formation;250,99;50,20;301,19;photo floue;valide
09/09/2022;Deplacement;4500,99;900,20;5401,19;photo floue;rejete
07/03/2022;Taxi/VTC;600,99;120,20;721,19;photo floue;en attente
17/07/2023;Transport;450,00;90,00;540,00;perdu;en attente
23/02/2023;Fournitures;4505,00;901,00;5406,00;oui;en attente
23/07/2023;Formation;1500,99;300,20;1801,19;photo floue;en attente
18/10/2022;Fournitures;80,50;16,10;96,60;perdu;rejete
06/09/2022;Informatique;400,00;80,00;480,00;non;valide
04/12/2023;Restaurant;4793,99;958,80;5752,79;perdu;en attente
14/01/2022;Transport;5000,99;1000,20;6001,19;photo floue;valide
01/05/2023;Hotel;300,00;60,00;360,00;photo floue;en attente
13/10/2023;Hotel;7000,00;1400,00;8400,00;non;rejete
24/04/2023;Transport;500,00;100,00;600,00;non;valide
21/09/2022;Informatique;1000,00;200,00;1200,00;non;rejete
23/06/2023;Taxi/VTC;3273,50;654,70;3928,20;photo floue;valide
15/04/2022;Restaurant;700,50;140,10;840,60;photo floue;rejete
01/11/2022;Formation;1500,00;300,00;1800,00;oui;en attente
26/02/2022;Deplacement;2861,50;572,30;3433,80;non;rejete
04/05/2022;Restaurant;120,99;24,20;145,19;photo floue;en attente
04/01/2023;Taxi/VTC;750,99;150,20;901,19;non;valide
16/11/2022;Hotel;200,00;40,00;240,00;photo floue;rejete
16/03/2023;Taxi/VTC;150,00;30,00;180,00;oui;rejete
09/07/2023;Formation;900,00;180,00;1080,00;perdu;rejete
27/04/2023;Hotel;450,00;90,00;540,00;photo floue;rejete
26/01/2023;Telecom;1800,00;360,00;2160,00;non;rejete
13/07/2022;Transport;750,00;150,00;900,00;non;en attente
17/11/2023;Transport;200,00;40,00;240,00;non;rejete
22/12/2022;Formation;200,99;40,20;241,19;photo floue;rejete
23/05/2022;Informatique;400,00;80,00;480,00;oui;valide
30/01/2022;Transport;2331,00;466,20;2797,20;perdu;rejete
15/08/2023;Taxi/VTC;5000,99;1000,20;6001,19;oui;rejete
30/06/2022;Taxi/VTC;2809,50;561,90;3371,40;perdu;valide
12/01/2023;Fournitures;3759,00;751,80;4510,80;photo floue;rejete
17/07/2023;Telecom;400,50;80,10;480,60;photo floue;rejete
22/04/2023;Representation;1800,99;360,20;2161,19;non;rejete
22/06/2023;Telecom;2500,50;500,10;3000,60;non;en attente
19/10/2023;Informatique;4000,00;800,00;4800,00;non;en attente
08/12/2023;Formation;7500,00;1500,00;9000,00;photo floue;en attente
10/12/2023;Transport;300,00;60,00;360,00;non;valide
06/09/2022;Transport;3000,99;600,20;3601,19;non;valide
05/02/2022;Informatique;9000,00;1800,00;10800,00;perdu;en attente
02/11/2023;Representation;600,00;120,00;720,00;perdu;en attente
29/01/2022;Representation;600,50;120,10;720,60;oui;en attente
30/10/2023;Hotel;100,50;20,10;120,60;photo floue;en attente
11/12/2023;Formation;4000,00;800,00;4800,00;oui;en attente
27/05/2023;Taxi/VTC;3427,99;685,60;4113,59;oui;en attente
10/06/2022;Fournitures;1500,00;300,00;1800,00;photo floue;valide
26/12/2022;Hotel;3811,00;762,20;4573,20;non;valide
09/08/2022;Telecom;700,99;140,20;841,19;oui;valide
11/05/2023;Informatique;500,00;100,00;600,00;photo floue;valide
13/10/2023;Informatique;4000,00;800,00;4800,00;photo floue;en attente
03/12/2022;Informatique;439,50;87,90;527,40;non;rejete
27/10/2022;Taxi/VTC;250,00;50,00;300,00;non;valide
25/11/2023;Informatique;900,50;180,10;1080,60;photo floue;rejete
14/08/2023;Informatique;5000,00;1000,00;6000,00;perdu;rejete
07/09/2022;Hotel;750,00;150,00;900,00;perdu;en attente
10/01/2022;Taxi/VTC;2743,50;548,70;3292,20;perdu;rejete
11/03/2022;Informatique;3500,00;700,00;4200,00;oui;en attente
10/08/2023;Representation;550,50;110,10;660,60;perdu;en attente
27/12/2023;Hotel;650,00;130,00;780,00;perdu;en attente
01/03/2023;Formation;700,99;140,20;841,19;oui;en attente
23/07/2022;Transport;3500,50;700,10;4200,60;photo floue;valide
15/11/2022;Hotel;800,50;160,10;960,60;non;en attente
06/04/2022;Telecom;300,99;60,20;361,19;photo floue;valide
01/09/2023;Hotel;600,99;120,20;721,19;oui;valide
10/01/2022;Deplacement;350,00;70,00;420,00;non;valide
16/11/2022;Representation;1500,00;300,00;1800,00;oui;rejete
21/12/2022;Fournitures;9999,00;1999,80;11998,80;photo floue;rejete
12/09/2023;Informatique;997,50;199,50;1197,00;oui;en attente
26/09/2022;Formation;90,50;18,10;108,60;perdu;rejete
28/07/2023;Restaurant;4357,00;871,40;5228,40;perdu;rejete
16/05/2022;Representation;5000,00;1000,00;6000,00;perdu;valide
25/02/2023;Telecom;8500,00;1700,00;10200,00;oui;valide
31/12/2023;Telecom;1200,50;240,10;1440,60;perdu;en attente
03/06/2022;Informatique;1131,99;226,40;1358,39;oui;rejete
11/03/2023;Deplacement;200,99;40,20;241,19;oui;en attente
30/08/2022;Representation;900,99;180,20;1081,19;non;en attente
23/08/2022;Transport;50,99;10,20;61,19;perdu;rejete
29/05/2022;Fournitures;1500,99;300,20;1801,19;perdu;valide
12/11/2023;Fournitures;1200,00;240,00;1440,00;perdu;en attente
18/05/2023;Deplacement;95,00;19,00;114,00;photo floue;rejete
16/05/2022;Formation;800,50;160,10;960,60;perdu;valide
29/11/2022;Restaurant;850,00;170,00;1020,00;non;en attente
27/11/2023;Telecom;1641,99;328,40;1970,39;perdu;en attente
14/07/2022;Informatique;350,00;70,00;420,00;photo floue;valide
01/01/2023;Hotel;8000,50;1600,10;9600,60;photo floue;en attente
26/04/2023;Transport;9999,50;1999,90;11999,40;photo floue;valide
02/04/2022;Telecom;1500,00;300,00;1800,00;photo floue;valide
21/12/2022;Hotel;800,00;160,00;960,00;perdu;en attente
16/07/2022;Deplacement;450,99;90,20;541,19;perdu;rejete
05/01/2023;Deplacement;850,99;170,20;1021,19;perdu;en attente
17/02/2023;Formation;3246,50;649,30;3895,80;perdu;valide
27/04/2022;Restaurant;550,99;110,20;661,19;non;rejete
12/04/2023;Formation;700,00;140,00;840,00;non;valide
22/11/2022;Formation;950,99;190,20;1141,19;non;en attente
24/04/2022;Taxi/VTC;1031,00;206,20;1237,20;perdu;valide
26/05/2022;Informatique;894,00;178,80;1072,80;perdu;en attente
04/03/2023;Deplacement;700,99;140,20;841,19;photo floue;rejete
24/02/2022;Taxi/VTC;900,00;180,00;1080,00;oui;rejete
17/06/2023;Transport;400,00;80,00;480,00;perdu;valide
30/04/2022;Hotel;3000,00;600,00;3600,00;non;valide
17/02/2023;Deplacement;2000,99;400,20;2401,19;perdu;en attente
09/05/2022;Fournitures;250,00;50,00;300,00;oui;valide
11/01/2022;Hotel;243,00;48,60;291,60;perdu;en attente
03/12/2022;Hotel;950,00;190,00;1140,00;perdu;valide
01/11/2022;Taxi/VTC;2500,00;500,00;3000,00;oui;en attente
23/09/2023;Fournitures;4922,00;984,40;5906,40;perdu;en attente
29/05/2023;Fournitures;365,99;73,20;439,19;perdu;valide
10/04/2023;Fournitures;1500,50;300,10;1800,60;photo floue;valide
27/07/2022;Hotel;1587,50;317,50;1905,00;perdu;valide
13/07/2022;Telecom;4500,99;900,20;5401,19;photo floue;rejete
13/08/2022;Restaurant;2000,00;400,00;2400,00;oui;valide
29/03/2022;Telecom;850,50;170,10;1020,60;perdu;valide
21/01/2023;Deplacement;1673,00;334,60;2007,60;non;valide
13/09/2023;Hotel;400,00;80,00;480,00;oui;rejete
24/05/2022;Deplacement;2500,50;500,10;3000,60;photo floue;en attente
04/01/2022;Representation;5000,00;1000,00;6000,00;perdu;en attente
12/05/2022;Formation;100,00;20,00;120,00;oui;valide
09/03/2023;Deplacement;1200,50;240,10;1440,60;photo floue;en attente
17/05/2022;Transport;2725,50;545,10;3270,60;photo floue;rejete
16/06/2023;Formation;4000,00;800,00;4800,00;perdu;valide
22/04/2022;Taxi/VTC;4500,00;900,00;5400,00;oui;valide
07/01/2022;Transport;1000,99;200,20;1201,19;non;rejete
04/02/2022;Transport;900,99;180,20;1081,19;photo floue;rejete
30/07/2023;Hotel;450,00;90,00;540,00;perdu;rejete
06/09/2022;Representation;8500,00;1700,00;10200,00;oui;rejete
03/12/2023;Restaurant;5000,00;1000,00;6000,00;oui;valide
04/12/2022;Transport;650,00;130,00;780,00;perdu;en attente
30/12/2022;Transport;550,50;110,10;660,60;photo floue;valide
17/12/2022;Taxi/VTC;550,00;110,00;660,00;non;rejete
20/06/2023;Transport;90,50;18,10;108,60;perdu;valide
17/12/2023;Informatique;850,50;170,10;1020,60;photo floue;valide
10/09/2022;Fournitures;1000,00;200,00;1200,00;perdu;rejete
18/01/2023;Formation;866,00;173,20;1039,20;perdu;valide
16/04/2023;Representation;1496,00;299,20;1795,20;perdu;valide
09/01/2022;Deplacement;200,00;40,00;240,00;perdu;en attente
27/02/2023;Deplacement;250,00;50,00;300,00;oui;rejete
08/07/2022;Informatique;4000,00;800,00;4800,00;oui;rejete
25/02/2022;Transport;700,00;140,00;840,00;photo floue;valide
25/07/2023;Deplacement;6000,99;1200,20;7201,19;oui;en attente
08/06/2023;Representation;3000,99;600,20;3601,19;photo floue;en attente
24/09/2022;Hotel;1500,00;300,00;1800,00;oui;rejete
04/03/2023;Deplacement;450,50;90,10;540,60;perdu;en attente
16/09/2022;Formation;4000,00;800,00;4800,00;non;valide
26/08/2023;Informatique;650,50;130,10;780,60;perdu;rejete
09/05/2022;Telecom;200,00;40,00;240,00;perdu;valide
26/07/2023;Informatique;3500,99;700,20;4201,19;perdu;rejete
10/01/2023;Fournitures;2789,50;557,90;3347,40;non;rejete
25/04/2022;Telecom;75,99;15,20;91,19;non;rejete
23/01/2022;Informatique;250,00;50,00;300,00;perdu;en attente
16/12/2023;Fournitures;175,50;35,10;210,60;photo floue;en attente
14/12/2022;Fournitures;5000,50;1000,10;6000,60;non;valide
13/09/2022;Hotel;727,50;145,50;873,00;non;valide
04/05/2023;Deplacement;3589,99;718,00;4307,99;photo floue;rejete
30/06/2023;Restaurant;4591,00;918,20;5509,20;photo floue;rejete
03/11/2023;Formation;400,00;80,00;480,00;non;valide
09/02/2023;Restaurant;3594,00;718,80;4312,80;photo floue;en attente
26/04/2022;Fournitures;800,00;160,00;960,00;non;valide
20/09/2023;Restaurant;200,00;40,00;240,00;non;rejete
11/02/2022;Telecom;800,99;160,20;961,19;non;en attente
17/07/2023;Formation;3687,50;737,50;4425,00;photo floue;en attente
04/02/2022;Telecom;4500,50;900,10;5400,60;photo floue;en attente
11/11/2023;Hotel;400,00;80,00;480,00;perdu;rejete
07/02/2022;Deplacement;700,00;140,00;840,00;oui;valide
17/01/2022;Informatique;650,99;130,20;781,19;photo floue;en attente
28/09/2023;Formation;1800,00;360,00;2160,00;non;valide
02/11/2022;Transport;3812,99;762,60;4575,59;non;valide
10/06/2023;Representation;600,00;120,00;720,00;non;en attente
03/04/2023;Transport;500,00;100,00;600,00;non;rejete
19/08/2023;Restaurant;150,50;30,10;180,60;oui;en attente
22/07/2022;Representation;2000,50;400,10;2400,60;photo floue;rejete
23/11/2022;Taxi/VTC;600,00;120,00;720,00;oui;en attente
07/05/2023;Restaurant;2500,00;500,00;3000,00;perdu;en attente
17/06/2023;Deplacement;75,00;15,00;90,00;perdu;valide
10/01/2022;Formation;4652,00;930,40;5582,40;non;rejete
29/09/2023;Restaurant;5500,00;1100,00;6600,00;perdu;en attente
06/02/2023;Taxi/VTC;4000,00;800,00;4800,00;non;rejete
25/08/2022;Hotel;800,00;160,00;960,00;perdu;valide
09/04/2022;Hotel;400,50;80,10;480,60;oui;rejete
29/01/2022;Informatique;650,00;130,00;780,00;oui;en attente
01/10/2023;Deplacement;1000,00;200,00;1200,00;perdu;valide
28/06/2022;Transport;300,50;60,10;360,60;non;en attente
16/08/2022;Hotel;800,00;160,00;960,00;perdu;en attente
09/08/2022;Transport;90,00;18,00;108,00;perdu;en attente
20/09/2022;Deplacement;700,00;140,00;840,00;non;rejete
02/12/2023;Restaurant;5500,00;1100,00;6600,00;perdu;valide
03/10/2022;Restaurant;5500,99;1100,20;6601,19;non;en attente
10/04/2023;Telecom;650,00;130,00;780,00;photo floue;valide
20/09/2023;Fournitures;4444,00;888,80;5332,80;perdu;rejete
12/01/2022;Representation;850,99;170,20;1021,19;photo floue;rejete
26/03/2022;Restaurant;600,99;120,20;721,19;non;en attente
22/10/2023;Deplacement;450,50;90,10;540,60;non;rejete
29/04/2022;Telecom;450,00;90,00;540,00;photo floue;valide
09/03/2023;Restaurant;950,00;190,00;1140,00;non;valide
20/04/2022;Restaurant;750,50;150,10;900,60;oui;en attente
20/08/2023;Transport;7000,00;1400,00;8400,00;non;rejete
14/02/2023;Restaurant;800,00;160,00;960,00;perdu;valide
03/06/2023;Hotel;650,99;130,20;781,19;non;rejete
16/12/2022;Informatique;100,00;20,00;120,00;photo floue;rejete
27/11/2023;Representation;3500,00;700,00;4200,00;photo floue;en attente
13/10/2023;Hotel;8000,00;1600,00;9600,00;perdu;valide
02/07/2023;Restaurant;200,99;40,20;241,19;photo floue;rejete
15/10/2023;Taxi/VTC;4500,00;900,00;5400,00;photo floue;valide
31/08/2022;Taxi/VTC;354,99;71,00;425,99;photo floue;en attente
10/10/2023;Hotel;400,50;80,10;480,60;oui;valide
17/02/2023;Representation;175,99;35,20;211,19;perdu;en attente
13/10/2022;Telecom;900,00;180,00;1080,00;photo floue;rejete
17/06/2022;Restaurant;3067,50;613,50;3681,00;oui;rejete
13/08/2022;Deplacement;4260,99;852,20;5113,19;oui;rejete
10/08/2023;Deplacement;450,99;90,20;541,19;oui;en attente
18/04/2023;Fournitures;1000,00;200,00;1200,00;non;rejete
17/02/2022;Taxi/VTC;2162,50;432,50;2595,00;non;valide
04/11/2023;Restaurant;700,00;140,00;840,00;perdu;rejete
15/11/2023;Restaurant;2646,00;529,20;3175,20;oui;valide
25/01/2023;Informatique;764,50;152,90;917,40;non;rejete
01/12/2022;Restaurant;8500,00;1700,00;10200,00;non;valide
27/08/2022;Taxi/VTC;800,50;160,10;960,60;non;valide
01/11/2023;Representation;4500,00;900,00;5400,00;photo floue;rejete
02/03/2023;Informatique;3022,00;604,40;3626,40;photo floue;en attente
10/05/2022;Telecom;700,00;140,00;840,00;photo floue;en attente
07/07/2022;Fournitures;750,00;150,00;900,00;oui;valide
17/04/2023;Telecom;200,99;40,20;241,19;perdu;valide
02/06/2023;Telecom;850,99;170,20;1021,19;photo floue;en attente
29/04/2022;Representation;300,50;60,10;360,60;oui;en attente
28/09/2023;Formation;200,00;40,00;240,00;photo floue;valide
15/10/2022;Hotel;500,00;100,00;600,00;oui;valide
16/06/2022;Informatique;500,50;100,10;600,60;photo floue;valide
25/04/2022;Restaurant;350,00;70,00;420,00;perdu;rejete
29/10/2023;Informatique;2556,00;511,20;3067,20;photo floue;rejete
31/07/2022;Transport;100,00;20,00;120,00;non;en attente
19/10/2023;Informatique;400,00;80,00;480,00;photo floue;valide
17/12/2023;Formation;1500,50;300,10;1800,60;perdu;rejete
06/01/2022;Informatique;500,50;100,10;600,60;oui;en attente
22/01/2022;Telecom;3525,00;705,00;4230,00;photo floue;valide
02/08/2022;Representation;900,00;180,00;1080,00;perdu;rejete
18/03/2023;Representation;619,00;123,80;742,80;non;en attente
21/08/2022;Informatique;3500,00;700,00;4200,00;non;en attente
30/10/2023;Fournitures;708,50;141,70;850,20;photo floue;valide
27/09/2022;Deplacement;450,99;90,20;541,19;perdu;rejete
24/04/2022;Formation;850,50;170,10;1020,60;photo floue;valide
06/01/2022;Deplacement;5500,99;1100,20;6601,19;oui;rejete
19/04/2022;Representation;350,00;70,00;420,00;oui;rejete
18/11/2022;Representation;3908,99;781,80;4690,79;photo floue;en attente
30/07/2023;Transport;9999,99;2000,00;11999,99;non;rejete
03/07/2023;Hotel;800,00;160,00;960,00;perdu;en attente
29/11/2022;Restaurant;600,50;120,10;720,60;non;rejete
22/09/2022;Hotel;8000,99;1600,20;9601,19;oui;en attente
18/08/2022;Representation;600,50;120,10;720,60;photo floue;en attente
27/09/2022;Representation;363,00;72,60;435,60;non;en attente
10/12/2023;Hotel;1500,00;300,00;1800,00;oui;en attente
20/07/2023;Fournitures;450,99;90,20;541,19;photo floue;valide
24/11/2022;Telecom;1500,99;300,20;1801,19;oui;valide
26/06/2023;Taxi/VTC;900,00;180,00;1080,00;oui;en attente
26/07/2022;Transport;300,00;60,00;360,00;perdu;valide
23/04/2022;Deplacement;3058,00;611,60;3669,60;oui;rejete
04/12/2023;Transport;5500,50;1100,10;6600,60;non;valide
14/08/2022;Restaurant;90,00;18,00;108,00;oui;valide
28/12/2022;Taxi/VTC;2500,00;500,00;3000,00;non;en attente
13/11/2023;Taxi/VTC;1000,99;200,20;1201,19;perdu;rejete
07/10/2022;Transport;9000,00;1800,00;10800,00;perdu;valide
27/10/2022;Deplacement;175,00;35,00;210,00;non;en attente
19/03/2023;Transport;1800,00;360,00;2160,00;photo floue;valide
25/05/2022;Taxi/VTC;2324,00;464,80;2788,80;non;rejete
27/04/2023;Hotel;650,00;130,00;780,00;oui;rejete
28/09/2023;Hotel;1200,50;240,10;1440,60;perdu;valide
21/12/2022;Deplacement;2150,00;430,00;2580,00;photo floue;valide
31/12/2023;Telecom;1000,00;200,00;1200,00;non;rejete
22/12/2022;Transport;800,00;160,00;960,00;non;rejete
15/11/2023;Deplacement;500,00;100,00;600,00;non;valide
21/09/2022;Transport;800,00;160,00;960,00;perdu;en attente
02/09/2023;Transport;175,50;35,10;210,60;photo floue;en attente
26/04/2022;Restaurant;8000,00;1600,00;9600,00;photo floue;en attente
17/01/2022;Representation;900,50;180,10;1080,60;oui;rejete
10/08/2022;Telecom;150,00;30,00;180,00;non;valide
07/11/2022;Deplacement;4005,99;801,20;4807,19;oui;rejete
30/06/2022;Representation;4169,99;834,00;5003,99;oui;rejete
10/04/2022;Informatique;3500,50;700,10;4200,60;photo floue;valide
29/12/2022;Deplacement;600,99;120,20;721,19;perdu;valide
25/10/2022;Formation;600,50;120,10;720,60;non;en attente
05/07/2023;Hotel;3500,99;700,20;4201,19;perdu;rejete
15/12/2022;Representation;600,50;120,10;720,60;photo floue;valide
10/12/2023;Hotel;95,00;19,00;114,00;non;valide
17/02/2022;Informatique;400,00;80,00;480,00;oui;en attente
13/01/2023;Deplacement;6000,50;1200,10;7200,60;photo floue;valide
21/02/2023;Hotel;450,50;90,10;540,60;oui;rejete
06/06/2023;Formation;800,00;160,00;960,00;perdu;rejete
19/01/2023;Informatique;300,50;60,10;360,60;photo floue;valide
24/11/2022;Taxi/VTC;1200,50;240,10;1440,60;oui;rejete
11/11/2022;Informatique;90,00;18,00;108,00;perdu;valide
23/05/2022;Hotel;945,00;189,00;1134,00;perdu;rejete
04/07/2023;Representation;1200,00;240,00;1440,00;non;valide
08/07/2022;Transport;700,99;140,20;841,19;non;en attente
09/05/2023;Representation;900,99;180,20;1081,19;perdu;en attente
03/04/2022;Telecom;950,50;190,10;1140,60;oui;rejete
07/05/2022;Telecom;1000,00;200,00;1200,00;perdu;rejete
28/04/2023;Telecom;1800,99;360,20;2161,19;oui;valide
14/01/2023;Representation;9999,00;1999,80;11998,80;photo floue;valide
30/03/2023;Representation;2177,00;435,40;2612,40;oui;rejete
01/08/2022;Restaurant;400,00;80,00;480,00;non;en attente
16/12/2022;Formation;300,99;60,20;361,19;perdu;valide
24/10/2022;Restaurant;900,99;180,20;1081,19;oui;rejete
21/02/2022;Informatique;6000,50;1200,10;7200,60;perdu;en attente
29/04/2022;Restaurant;800,00;160,00;960,00;non;rejete
01/01/2023;Transport;850,50;170,10;1020,60;non;en attente
23/08/2023;Representation;264,00;52,80;316,80;perdu;valide
31/07/2023;Formation;550,00;110,00;660,00;non;en attente
31/12/2022;Informatique;5000,50;1000,10;6000,60;perdu;valide
20/11/2022;Deplacement;50,99;10,20;61,19;photo floue;valide
08/10/2022;Telecom;4000,00;800,00;4800,00;non;rejete
01/10/2023;Taxi/VTC;150,00;30,00;180,00;non;en attente
17/03/2023;Deplacement;3196,00;639,20;3835,20;perdu;valide
04/08/2022;Fournitures;600,00;120,00;720,00;oui;en attente
28/06/2022;Hotel;2500,00;500,00;3000,00;photo floue;en attente
21/04/2022;Taxi/VTC;2601,00;520,20;3121,20;photo floue;valide
11/06/2023;Fournitures;250,99;50,20;301,19;non;valide
20/12/2022;Fournitures;3843,99;768,80;4612,79;photo floue;valide
17/09/2022;Taxi/VTC;616,99;123,40;740,39;photo floue;rejete
30/05/2022;Transport;450,00;90,00;540,00;non;en attente
24/05/2023;Representation;8000,00;1600,00;9600,00;oui;en attente
20/07/2022;Hotel;1500,99;300,20;1801,19;non;valide
11/01/2023;Representation;250,99;50,20;301,19;photo floue;rejete
14/12/2022;Deplacement;3041,00;608,20;3649,20;photo floue;valide
30/08/2022;Taxi/VTC;900,50;180,10;1080,60;photo floue;en attente
23/11/2022;Transport;600,00;120,00;720,00;oui;rejete
29/01/2023;Representation;750,00;150,00;900,00;perdu;rejete
04/03/2022;Transport;4574,99;915,00;5489,99;non;valide
17/09/2022;Hotel;650,00;130,00;780,00;photo floue;rejete
16/12/2022;Informatique;650,50;130,10;780,60;perdu;valide
28/09/2023;Restaurant;2855,00;571,00;3426,00;photo floue;valide
21/12/2022;Hotel;850,00;170,00;1020,00;non;valide
13/03/2022;Formation;400,00;80,00;480,00;oui;en attente
04/10/2023;Hotel;1500,00;300,00;1800,00;non;valide
13/08/2023;Formation;250,00;50,00;300,00;perdu;valide
31/01/2023;Taxi/VTC;950,00;190,00;1140,00;oui;en attente
07/01/2022;Informatique;4000,99;800,20;4801,19;oui;en attente
22/06/2022;Fournitures;950,99;190,20;1141,19;non;valide
31/07/2023;Deplacement;75,99;15,20;91,19;photo floue;rejete
24/12/2023;Informatique;784,50;156,90;941,40;non;valide
09/05/2022;Deplacement;250,99;50,20;301,19;photo floue;en attente
09/10/2023;Deplacement;850,00;170,00;1020,00;photo floue;valide
03/02/2023;Representation;150,00;30,00;180,00;perdu;en attente
26/05/2022;Hotel;1800,50;360,10;2160,60;oui;en attente
26/12/2022;Informatique;1655,99;331,20;1987,19;oui;valide
02/12/2022;Hotel;1800,00;360,00;2160,00;non;valide
05/01/2023;Representation;200,50;40,10;240,60;oui;valide
06/04/2022;Deplacement;2472,00;494,40;2966,40;oui;rejete
13/12/2022;Fournitures;400,50;80,10;480,60;oui;valide
02/06/2022;Transport;1800,99;360,20;2161,19;perdu;valide
20/08/2022;Restaurant;75,00;15,00;90,00;perdu;en attente
24/12/2022;Informatique;120,99;24,20;145,19;perdu;valide
30/11/2022;Deplacement;6000,99;1200,20;7201,19;oui;valide
13/02/2023;Telecom;3367,00;673,40;4040,40;perdu;en attente
30/05/2023;Restaurant;1888,99;377,80;2266,79;perdu;rejete
15/06/2022;Transport;5500,00;1100,00;6600,00;non;valide
05/02/2022;Informatique;643,00;128,60;771,60;photo floue;valide
08/10/2022;Telecom;4832,99;966,60;5799,59;oui;en attente
06/01/2022;Restaurant;9999,50;1999,90;11999,40;photo floue;rejete
10/04/2023;Taxi/VTC;354,00;70,80;424,80;photo floue;valide
07/12/2023;Restaurant;850,50;170,10;1020,60;perdu;rejete
22/10/2022;Restaurant;3372,00;674,40;4046,40;oui;valide
30/12/2022;Fournitures;950,00;190,00;1140,00;non;rejete
08/01/2023;Representation;300,00;60,00;360,00;oui;valide
15/01/2022;Hotel;7500,50;1500,10;9000,60;oui;en attente
30/08/2023;Fournitures;250,00;50,00;300,00;perdu;valide
20/04/2022;Representation;550,00;110,00;660,00;perdu;valide
14/07/2023;Transport;95,99;19,20;115,19;photo floue;en attente
28/04/2023;Fournitures;50,99;10,20;61,19;photo floue;en attente
11/06/2023;Deplacement;1788,99;357,80;2146,79;perdu;rejete
21/12/2023;Hotel;900,00;180,00;1080,00;photo floue;rejete
24/10/2022;Telecom;800,99;160,20;961,19;non;valide
18/05/2023;Taxi/VTC;8500,00;1700,00;10200,00;perdu;en attente
11/07/2023;Deplacement;3693,00;738,60;4431,60;oui;valide
29/07/2023;Informatique;8000,50;1600,10;9600,60;perdu;valide
26/10/2022;Formation;950,00;190,00;1140,00;oui;en attente
25/08/2023;Taxi/VTC;120,00;24,00;144,00;perdu;rejete
26/03/2023;Fournitures;3024,99;605,00;3629,99;perdu;valide
17/11/2023;Formation;400,00;80,00;480,00;oui;rejete
20/04/2022;Fournitures;1000,50;200,10;1200,60;photo floue;rejete
02/02/2022;Fournitures;4000,00;800,00;4800,00;perdu;valide
24/08/2023;Restaurant;950,99;190,20;1141,19;oui;valide
21/02/2022;Hotel;8000,00;1600,00;9600,00;non;en attente
15/10/2022;Taxi/VTC;4617,50;923,50;5541,00;non;valide
18/12/2023;Telecom;2833,50;566,70;3400,20;non;rejete
13/03/2022;Transport;900,00;180,00;1080,00;non;rejete
25/08/2023;Deplacement;3576,00;715,20;4291,20;oui;en attente
24/12/2022;Taxi/VTC;4906,00;981,20;5887,20;photo floue;valide
28/04/2022;Taxi/VTC;100,50;20,10;120,60;oui;en attente
25/11/2022;Fournitures;450,00;90,00;540,00;oui;valide
03/03/2022;Restaurant;744,00;148,80;892,80;non;valide
17/09/2022;Representation;950,00;190,00;1140,00;perdu;valide
30/09/2022;Representation;900,00;180,00;1080,00;non;en attente
29/06/2022;Informatique;5000,99;1000,20;6001,19;photo floue;valide
16/06/2023;Taxi/VTC;3302,00;660,40;3962,40;photo floue;rejete
15/10/2022;Informatique;2500,50;500,10;3000,60;perdu;rejete
27/01/2022;Fournitures;727,00;145,40;872,40;photo floue;rejete
18/12/2022;Representation;200,50;40,10;240,60;oui;en attente
04/06/2023;Telecom;700,00;140,00;840,00;oui;en attente
05/12/2023;Deplacement;2844,00;568,80;3412,80;photo floue;rejete
05/01/2023;Transport;750,99;150,20;901,19;oui;rejete
24/06/2022;Hotel;3025,00;605,00;3630,00;non;rejete
15/05/2022;Representation;1200,99;240,20;1441,19;photo floue;rejete
20/04/2023;Restaurant;3629,50;725,90;4355,40;non;valide
25/06/2023;Taxi/VTC;850,00;170,00;1020,00;perdu;en attente
18/08/2022;Deplacement;150,00;30,00;180,00;photo floue;en attente
05/08/2023;Formation;650,99;130,20;781,19;photo floue;en attente
07/11/2023;Formation;1913,00;382,60;2295,60;oui;en attente
15/03/2023;Transport;3000,00;600,00;3600,00;oui;en attente
23/10/2023;Representation;75,00;15,00;90,00;oui;valide
15/12/2023;Restaurant;9999,00;1999,80;11998,80;oui;valide
14/01/2022;Formation;750,00;150,00;900,00;oui;en attente
19/02/2023;Informatique;9500,50;1900,10;11400,60;oui;en attente
02/01/2023;Taxi/VTC;2835,00;567,00;3402,00;photo floue;valide
17/02/2022;Deplacement;175,99;35,20;211,19;non;en attente
23/10/2022;Deplacement;1000,00;200,00;1200,00;non;en attente
25/06/2022;Deplacement;2289,00;457,80;2746,80;perdu;valide
29/03/2023;Fournitures;6000,00;1200,00;7200,00;non;rejete
05/02/2023;Hotel;4000,00;800,00;4800,00;non;rejete
10/09/2023;Deplacement;200,99;40,20;241,19;photo floue;en attente
03/05/2023;Transport;750,00;150,00;900,00;photo floue;en attente
15/10/2023;Restaurant;8000,00;1600,00;9600,00;oui;en attente
30/04/2022;Informatique;350,99;70,20;421,19;photo floue;valide
30/03/2023;Deplacement;400,50;80,10;480,60;non;en attente
14/02/2022;Transport;950,00;190,00;1140,00;non;rejete
07/01/2022;Restaurant;350,00;70,00;420,00;photo floue;en attente
01/03/2023;Formation;800,00;160,00;960,00;photo floue;valide
05/10/2022;Telecom;900,00;180,00;1080,00;perdu;rejete
03/10/2022;Taxi/VTC;90,99;18,20;109,19;non;en attente
18/01/2022;Formation;500,00;100,00;600,00;photo floue;en attente
17/05/2023;Informatique;2500,00;500,00;3000,00;non;rejete
02/04/2023;Restaurant;350,50;70,10;420,60;oui;valide
06/04/2022;Hotel;526,00;105,20;631,20;perdu;en attente
07/08/2022;Telecom;1568,50;313,70;1882,20;perdu;rejete
11/01/2022;Fournitures;1100,00;220,00;1320,00;photo floue;valide
28/10/2022;Representation;100,00;20,00;120,00;perdu;valide
06/03/2023;Restaurant;650,99;130,20;781,19;perdu;valide
02/02/2022;Deplacement;900,50;180,10;1080,60;non;rejete
19/07/2023;Informatique;2281,00;456,20;2737,20;perdu;en attente
03/01/2022;Informatique;800,00;160,00;960,00;oui;valide
13/06/2023;Informatique;547,00;109,40;656,40;perdu;en attente
17/04/2023;Representation;900,99;180,20;1081,19;non;en attente
22/08/2023;Hotel;600,50;120,10;720,60;perdu;valide
08/09/2022;Deplacement;600,00;120,00;720,00;photo floue;valide
05/01/2023;Deplacement;4519,00;903,80;5422,80;oui;rejete
12/05/2022;Deplacement;900,00;180,00;1080,00;non;en attente
27/03/2023;Deplacement;400,50;80,10;480,60;perdu;valide
07/02/2023;Deplacement;2000,99;400,20;2401,19;photo floue;en attente
08/02/2022;Transport;1000,99;200,20;1201,19;oui;rejete
09/12/2023;Informatique;750,99;150,20;901,19;oui;rejete
03/10/2022;Telecom;400,99;80,20;481,19;oui;valide
18/07/2023;Formation;800,50;160,10;960,60;photo floue;en attente
27/06/2023;Restaurant;2000,99;400,20;2401,19;photo floue;valide
08/12/2023;Representation;1000,99;200,20;1201,19;perdu;valide
27/12/2023;Transport;550,50;110,10;660,60;photo floue;rejete
12/02/2023;Hotel;4000,00;800,00;4800,00;non;en attente
27/04/2022;Informatique;913,00;182,60;1095,60;photo floue;en attente
29/06/2022;Formation;650,00;130,00;780,00;non;rejete
19/11/2022;Transport;300,99;60,20;361,19;perdu;en attente
31/01/2022;Taxi/VTC;2533,00;506,60;3039,60;photo floue;valide
13/09/2023;Transport;9999,50;1999,90;11999,40;perdu;rejete
07/07/2022;Transport;2340,99;468,20;2809,19;non;rejete
10/11/2022;Deplacement;350,50;70,10;420,60;non;rejete
07/06/2023;Taxi/VTC;900,00;180,00;1080,00;oui;rejete
05/01/2023;Informatique;950,00;190,00;1140,00;photo floue;rejete
26/04/2022;Deplacement;4000,50;800,10;4800,60;photo floue;rejete
04/08/2023;Representation;1730,00;346,00;2076,00;perdu;en attente
22/06/2022;Informatique;1200,00;240,00;1440,00;non;rejete
06/09/2022;Hotel;2000,00;400,00;2400,00;non;valide
07/08/2022;Transport;600,00;120,00;720,00;perdu;en attente
04/07/2023;Fournitures;200,00;40,00;240,00;photo floue;valide
09/03/2022;Telecom;1000,00;200,00;1200,00;oui;rejete
15/11/2023;Fournitures;800,00;160,00;960,00;non;rejete
22/12/2022;Formation;700,00;140,00;840,00;perdu;rejete
02/03/2022;Formation;2500,00;500,00;3000,00;photo floue;rejete
09/08/2023;Restaurant;1603,00;320,60;1923,60;perdu;rejete
28/10/2023;Hotel;4606,00;921,20;5527,20;perdu;valide
24/05/2022;Representation;1508,99;301,80;1810,79;oui;en attente
20/11/2023;Representation;700,50;140,10;840,60;perdu;valide
31/01/2023;Hotel;3172,50;634,50;3807,00;non;en attente
11/04/2022;Representation;350,99;70,20;421,19;perdu;valide
30/06/2023;Taxi/VTC;5000,99;1000,20;6001,19;non;en attente
06/01/2022;Fournitures;4000,00;800,00;4800,00;non;rejete
24/04/2022;Fournitures;3000,50;600,10;3600,60;photo floue;valide
12/08/2023;Fournitures;600,00;120,00;720,00;perdu;rejete
16/07/2023;Fournitures;4511,99;902,40;5414,39;perdu;rejete
16/01/2023;Formation;1677,00;335,40;2012,40;perdu;rejete
21/01/2022;Restaurant;900,00;180,00;1080,00;perdu;valide
15/09/2023;Informatique;900,00;180,00;1080,00;oui;rejete
18/05/2023;Fournitures;2000,00;400,00;2400,00;non;en attente
22/04/2023;Fournitures;3500,00;700,00;4200,00;oui;valide
01/02/2023;Formation;1500,00;300,00;1800,00;photo floue;rejete
31/05/2022;Informatique;750,00;150,00;900,00;perdu;en attente
22/06/2022;Hotel;8500,99;1700,20;10201,19;perdu;valide
17/06/2022;Taxi/VTC;7000,00;1400,00;8400,00;oui;rejete
03/01/2022;Transport;100,50;20,10;120,60;oui;valide
20/07/2023;Informatique;150,50;30,10;180,60;photo floue;en attente
03/01/2022;Deplacement;700,50;140,10;840,60;oui;en attente
29/03/2022;Taxi/VTC;2417,00;483,40;2900,40;photo floue;valide
13/05/2023;Restaurant;500,00;100,00;600,00;perdu;en attente
24/11/2022;Transport;2500,99;500,20;3001,19;oui;rejete
13/08/2023;Fournitures;1000,00;200,00;1200,00;photo floue;rejete
20/01/2023;Transport;8500,50;1700,10;10200,60;perdu;valide
02/08/2023;Representation;2609,00;521,80;3130,80;photo floue;rejete
24/02/2022;Fournitures;800,99;160,20;961,19;perdu;en attente
02/09/2022;Representation;3000,50;600,10;3600,60;non;rejete
19/12/2022;Representation;4251,99;850,40;5102,39;non;en attente
13/07/2022;Representation;1800,00;360,00;2160,00;perdu;rejete
24/07/2022;Fournitures;4061,00;812,20;4873,20;perdu;valide
15/04/2023;Informatique;600,00;120,00;720,00;non;en attente
26/02/2022;Transport;1200,50;240,10;1440,60;perdu;valide
18/07/2022;Telecom;3000,00;600,00;3600,00;perdu;en attente
27/11/2023;Hotel;5500,00;1100,00;6600,00;photo floue;rejete
25/05/2023;Deplacement;600,99;120,20;721,19;perdu;rejete
10/06/2023;Formation;500,00;100,00;600,00;oui;rejete
26/10/2023;Taxi/VTC;4909,99;982,00;5891,99;perdu;rejete
10/12/2022;Transport;1000,00;200,00;1200,00;oui;rejete
12/04/2023;Formation;8000,50;1600,10;9600,60;non;rejete
21/01/2023;Informatique;4500,00;900,00;5400,00;oui;rejete
26/09/2022;Fournitures;1500,50;300,10;1800,60;photo floue;rejete
14/06/2022;Fournitures;500,00;100,00;600,00;photo floue;rejete
29/03/2023;Hotel;900,99;180,20;1081,19;photo floue;rejete
01/05/2023;Transport;1035,50;207,10;1242,60;non;en attente
21/08/2022;Restaurant;4078,00;815,60;4893,60;perdu;en attente
08/03/2023;Informatique;8000,00;1600,00;9600,00;photo floue;en attente
25/05/2023;Taxi/VTC;700,50;140,10;840,60;non;rejete
22/08/2023;Fournitures;4933,99;986,80;5920,79;oui;rejete
11/04/2023;Representation;750,00;150,00;900,00;non;rejete
25/02/2022;Representation;250,00;50,00;300,00;oui;valide
26/02/2022;Representation;2682,99;536,60;3219,59;oui;rejete
27/06/2022;Hotel;7500,99;1500,20;9001,19;oui;rejete
15/07/2022;Informatique;3000,00;600,00;3600,00;perdu;en attente
09/08/2023;Telecom;9000,50;1800,10;10800,60;perdu;valide
22/01/2022;Informatique;5000,00;1000,00;6000,00;perdu;en attente
21/09/2023;Taxi/VTC;2000,00;400,00;2400,00;perdu;valide
08/04/2022;Transport;8500,99;1700,20;10201,19;non;en attente
23/12/2023;Representation;835,00;167,00;1002,00;non;en attente
28/03/2023;Fournitures;550,00;110,00;660,00;non;rejete
06/09/2023;Informatique;3000,00;600,00;3600,00;non;en attente
17/04/2023;Deplacement;4128,00;825,60;4953,60;perdu;rejete
09/03/2023;Fournitures;800,00;160,00;960,00;non;en attente
19/12/2022;Formation;1800,00;360,00;2160,00;perdu;en attente
24/11/2022;Deplacement;400,99;80,20;481,19;non;en attente
03/05/2022;Telecom;2500,00;500,00;3000,00;perdu;en attente
27/06/2023;Informatique;75,00;15,00;90,00;photo floue;valide
01/11/2022;Telecom;550,00;110,00;660,00;oui;rejete
17/03/2023;Transport;150,50;30,10;180,60;non;valide
19/11/2023;Taxi/VTC;650,50;130,10;780,60;photo floue;en attente
21/12/2023;Deplacement;75,00;15,00;90,00;oui;valide
02/11/2022;Taxi/VTC;600,00;120,00;720,00;non;rejete
25/11/2023;Informatique;4500,00;900,00;5400,00;oui;en attente
27/11/2023;Taxi/VTC;175,00;35,00;210,00;perdu;valide
06/04/2022;Deplacement;4138,99;827,80;4966,79;photo floue;valide
28/02/2023;Fournitures;900,00;180,00;1080,00;non;valide
02/02/2023;Informatique;450,50;90,10;540,60;perdu;rejete
17/09/2023;Restaurant;6000,00;1200,00;7200,00;non;valide
07/09/2022;Deplacement;850,99;170,20;1021,19;perdu;rejete
25/02/2022;Transport;400,00;80,00;480,00;perdu;en attente
05/09/2023;Formation;550,00;110,00;660,00;photo floue;valide
27/01/2023;Deplacement;175,00;35,00;210,00;photo floue;en attente
21/09/2022;Restaurant;4911,00;982,20;5893,20;oui;rejete
20/11/2023;Transport;5500,00;1100,00;6600,00;oui;en attente
09/11/2022;Restaurant;2025,00;405,00;2430,00;perdu;rejete
17/03/2022;Telecom;550,00;110,00;660,00;photo floue;valide
16/12/2023;Informatique;4500,50;900,10;5400,60;photo floue;en attente
01/10/2022;Fournitures;6000,99;1200,20;7201,19;photo floue;valide
15/01/2023;Transport;1200,00;240,00;1440,00;non;rejete
15/11/2023;Fournitures;250,99;50,20;301,19;photo floue;en attente
14/11/2023;Transport;650,00;130,00;780,00;photo floue;valide
22/04/2023;Deplacement;750,50;150,10;900,60;non;rejete
08/06/2023;Hotel;100,00;20,00;120,00;oui;valide
07/01/2022;Formation;7000,00;1400,00;8400,00;perdu;valide
04/06/2023;Formation;1367,00;273,40;1640,40;photo floue;en attente
15/10/2022;Informatique;750,00;150,00;900,00;oui;rejete
09/08/2023;Deplacement;150,00;30,00;180,00;oui;valide
07/07/2022;Fournitures;4672,50;934,50;5607,00;oui;rejete
17/02/2023;Taxi/VTC;75,00;15,00;90,00;oui;en attente
28/04/2023;Informatique;900,00;180,00;1080,00;perdu;rejete
13/06/2023;Taxi/VTC;1500,00;300,00;1800,00;oui;valide
19/01/2022;Telecom;7000,00;1400,00;8400,00;perdu;en attente
02/11/2023;Transport;700,00;140,00;840,00;perdu;rejete
15/08/2022;Telecom;500,00;100,00;600,00;non;valide
05/12/2022;Telecom;1200,00;240,00;1440,00;photo floue;en attente
01/10/2022;Telecom;550,00;110,00;660,00;photo floue;valide
08/07/2023;Restaurant;2500,99;500,20;3001,19;photo floue;rejete
07/06/2022;Transport;400,50;80,10;480,60;photo floue;rejete
15/11/2023;Hotel;2500,00;500,00;3000,00;photo floue;valide
06/11/2023;Taxi/VTC;175,00;35,00;210,00;photo floue;valide
06/09/2022;Restaurant;350,99;70,20;421,19;perdu;rejete
09/11/2023;Deplacement;1500,00;300,00;1800,00;photo floue;rejete
28/11/2022;Taxi/VTC;700,99;140,20;841,19;photo floue;en attente
04/01/2023;Fournitures;800,99;160,20;961,19;photo floue;valide
02/08/2022;Taxi/VTC;669,00;133,80;802,80;non;rejete
15/11/2022;Formation;9000,50;1800,10;10800,60;oui;valide
11/10/2023;Formation;100,50;20,10;120,60;photo floue;rejete
03/08/2022;Transport;150,00;30,00;180,00;oui;en attente
07/10/2023;Fournitures;800,00;160,00;960,00;perdu;valide
16/08/2023;Deplacement;850,50;170,10;1020,60;perdu;valide
03/09/2023;Fournitures;600,00;120,00;720,00;oui;valide
27/04/2023;Representation;2046,99;409,40;2456,39;perdu;en attente
23/09/2022;Deplacement;7500,00;1500,00;9000,00;perdu;en attente
01/07/2023;Hotel;2548,50;509,70;3058,20;oui;en attente
06/06/2023;Fournitures;2500,00;500,00;3000,00;photo floue;rejete
16/11/2022;Deplacement;90,00;18,00;108,00;photo floue;rejete
27/09/2022;Deplacement;1777,00;355,40;2132,40;non;valide
27/03/2022;Telecom;1500,99;300,20;1801,19;photo floue;en attente
20/05/2023;Representation;4500,50;900,10;5400,60;non;valide
19/07/2023;Restaurant;3500,00;700,00;4200,00;non;valide
01/03/2022;Deplacement;400,50;80,10;480,60;non;en attente
22/02/2022;Transport;9000,00;1800,00;10800,00;oui;en attente
24/05/2022;Taxi/VTC;840,00;168,00;1008,00;perdu;valide
07/11/2022;Informatique;3271,00;654,20;3925,20;non;rejete
20/03/2022;Deplacement;900,00;180,00;1080,00;perdu;en attente
25/11/2022;Informatique;700,00;140,00;840,00;photo floue;en attente
29/11/2022;Restaurant;1308,00;261,60;1569,60;photo floue;valide
17/04/2023;Informatique;823,99;164,80;988,79;photo floue;en attente
03/11/2023;Transport;400,00;80,00;480,00;non;en attente
02/08/2023;Deplacement;900,50;180,10;1080,60;oui;en attente
14/01/2023;Taxi/VTC;8000,00;1600,00;9600,00;perdu;valide
03/08/2023;Telecom;2000,50;400,10;2400,60;perdu;rejete
28/02/2023;Deplacement;8500,00;1700,00;10200,00;perdu;rejete
04/07/2023;Fournitures;500,50;100,10;600,60;oui;rejete
12/03/2022;Transport;350,00;70,00;420,00;perdu;en attente
22/11/2022;Formation;600,50;120,10;720,60;oui;en attente
07/08/2022;Hotel;7000,99;1400,20;8401,19;oui;en attente
28/06/2022;Restaurant;1500,00;300,00;1800,00;non;rejete
29/06/2022;Representation;75,00;15,00;90,00;non;rejete
19/12/2023;Hotel;150,00;30,00;180,00;photo floue;valide
17/09/2022;Formation;400,50;80,10;480,60;perdu;valide
13/04/2022;Formation;1425,00;285,00;1710,00;photo floue;valide
11/12/2023;Deplacement;3600,99;720,20;4321,19;non;en attente
30/03/2023;Informatique;120,99;24,20;145,19;perdu;rejete
01/05/2022;Transport;941,99;188,40;1130,39;oui;en attente
26/04/2023;Taxi/VTC;100,00;20,00;120,00;photo floue;rejete
26/03/2023;Informatique;250,50;50,10;300,60;oui;en attente
26/11/2022;Deplacement;400,99;80,20;481,19;photo floue;rejete
28/09/2023;Fournitures;1800,00;360,00;2160,00;perdu;valide
27/12/2023;Taxi/VTC;1800,00;360,00;2160,00;oui;valide
10/01/2023;Representation;800,00;160,00;960,00;oui;rejete
10/09/2023;Telecom;600,50;120,10;720,60;non;en attente
28/10/2022;Restaurant;650,00;130,00;780,00;oui;rejete
15/07/2022;Transport;3500,99;700,20;4201,19;perdu;rejete
22/02/2023;Telecom;800,00;160,00;960,00;perdu;valide
22/01/2023;Telecom;2386,00;477,20;2863,20;photo floue;rejete
10/09/2022;Deplacement;3632,00;726,40;4358,40;oui;valide
05/05/2023;Restaurant;1800,99;360,20;2161,19;oui;en attente
12/06/2022;Formation;1191,00;238,20;1429,20;non;valide
25/07/2023;Transport;650,50;130,10;780,60;photo floue;rejete
30/06/2023;Hotel;400,00;80,00;480,00;perdu;en attente
08/03/2022;Transport;1000,00;200,00;1200,00;photo floue;valide
10/07/2023;Taxi/VTC;550,50;110,10;660,60;non;rejete
21/04/2023;Taxi/VTC;300,00;60,00;360,00;oui;rejete
07/08/2023;Hotel;8000,50;1600,10;9600,60;perdu;rejete
25/06/2023;Deplacement;1800,99;360,20;2161,19;photo floue;rejete
14/03/2023;Representation;1500,00;300,00;1800,00;oui;rejete
02/12/2023;Representation;1800,00;360,00;2160,00;photo floue;en attente
30/12/2022;Taxi/VTC;900,99;180,20;1081,19;non;rejete
02/07/2023;Taxi/VTC;726,50;145,30;871,80;oui;valide
08/11/2023;Restaurant;3500,50;700,10;4200,60;non;en attente
20/09/2022;Fournitures;900,00;180,00;1080,00;oui;en attente
16/10/2023;Representation;5500,00;1100,00;6600,00;oui;valide
01/04/2022;Deplacement;2519,00;503,80;3022,80;perdu;valide
08/01/2023;Representation;845,00;169,00;1014,00;perdu;valide
25/04/2023;Fournitures;750,00;150,00;900,00;oui;rejete
31/05/2022;Hotel;1785,50;357,10;2142,60;oui;en attente
23/03/2022;Telecom;3500,00;700,00;4200,00;photo floue;en attente
04/06/2022;Formation;500,99;100,20;601,19;oui;en attente
26/03/2022;Transport;750,50;150,10;900,60;non;en attente
25/12/2023;Hotel;90,50;18,10;108,60;non;valide
28/07/2022;Formation;950,00;190,00;1140,00;non;en attente
23/09/2022;Informatique;500,99;100,20;601,19;oui;rejete
22/06/2022;Restaurant;609,50;121,90;731,40;perdu;valide
27/10/2023;Hotel;900,99;180,20;1081,19;photo floue;en attente
20/12/2023;Informatique;600,00;120,00;720,00;oui;valide
04/07/2023;Restaurant;800,00;160,00;960,00;photo floue;en attente
22/01/2022;Restaurant;600,00;120,00;720,00;perdu;rejete
03/08/2023;Hotel;3500,00;700,00;4200,00;photo floue;en attente
02/02/2022;Informatique;900,00;180,00;1080,00;non;en attente
17/06/2022;Restaurant;2500,99;500,20;3001,19;oui;rejete
04/05/2022;Restaurant;700,00;140,00;840,00;perdu;valide
20/06/2023;Representation;750,00;150,00;900,00;perdu;en attente
10/04/2023;Transport;100,00;20,00;120,00;oui;rejete
28/10/2022;Formation;1858,00;371,60;2229,60;non;rejete
10/07/2022;Informatique;7500,00;1500,00;9000,00;oui;en attente
17/05/2023;Representation;550,99;110,20;661,19;perdu;rejete
04/07/2023;Taxi/VTC;9000,50;1800,10;10800,60;photo floue;rejete
25/12/2022;Transport;2000,50;400,10;2400,60;perdu;en attente
14/06/2023;Restaurant;494,50;98,90;593,40;perdu;valide
19/03/2022;Transport;3546,00;709,20;4255,20;non;en attente
26/03/2023;Representation;8500,99;1700,20;10201,19;non;rejete
11/03/2023;Telecom;500,00;100,00;600,00;non;rejete
21/01/2023;Deplacement;3240,99;648,20;3889,19;photo floue;valide
12/08/2023;Representation;850,99;170,20;1021,19;photo floue;rejete
03/08/2022;Deplacement;7000,00;1400,00;8400,00;non;rejete
19/01/2023;Deplacement;4500,99;900,20;5401,19;photo floue;valide
18/12/2022;Transport;400,00;80,00;480,00;oui;rejete
11/09/2023;Hotel;950,00;190,00;1140,00;oui;rejete
12/02/2022;Formation;4794,00;958,80;5752,80;perdu;en attente
06/03/2023;Telecom;200,50;40,10;240,60;oui;en attente
23/02/2023;Transport;3524,00;704,80;4228,80;perdu;en attente
11/03/2022;Hotel;800,00;160,00;960,00;photo floue;rejete
20/04/2022;Formation;500,00;100,00;600,00;photo floue;en attente
21/07/2022;Hotel;500,99;100,20;601,19;non;rejete
30/12/2023;Informatique;2500,50;500,10;3000,60;perdu;en attente
05/02/2022;Informatique;3019,50;603,90;3623,40;non;valide
14/07/2022;Informatique;500,00;100,00;600,00;non;rejete
25/03/2023;Deplacement;1500,00;300,00;1800,00;perdu;en attente
05/02/2023;Informatique;2000,00;400,00;2400,00;oui;rejete
30/03/2023;Hotel;500,00;100,00;600,00;non;en attente
28/06/2022;Restaurant;200,00;40,00;240,00;oui;en attente
21/07/2022;Fournitures;350,99;70,20;421,19;perdu;en attente
17/12/2022;Telecom;2000,50;400,10;2400,60;photo floue;rejete
02/10/2023;Taxi/VTC;350,00;70,00;420,00;non;en attente
05/12/2023;Telecom;2000,50;400,10;2400,60;photo floue;valide
15/01/2022;Representation;600,00;120,00;720,00;perdu;en attente
09/04/2023;Telecom;1200,50;240,10;1440,60;perdu;rejete
29/06/2023;Informatique;850,50;170,10;1020,60;oui;en attente
11/10/2022;Taxi/VTC;3500,00;700,00;4200,00;non;rejete
13/09/2023;Representation;8000,50;1600,10;9600,60;photo floue;rejete
14/06/2023;Hotel;2377,99;475,60;2853,59;perdu;rejete
24/03/2023;Hotel;2000,00;400,00;2400,00;oui;valide
30/05/2022;Formation;900,00;180,00;1080,00;non;en attente
22/08/2022;Transport;3358,00;671,60;4029,60;photo floue;en attente
25/12/2022;Deplacement;4000,50;800,10;4800,60;non;en attente
20/12/2022;Fournitures;800,50;160,10;960,60;photo floue;valide
27/07/2023;Restaurant;800,00;160,00;960,00;photo floue;valide
26/08/2023;Transport;2000,00;400,00;2400,00;perdu;rejete
25/10/2022;Taxi/VTC;9000,99;1800,20;10801,19;non;en attente
25/11/2023;Informatique;550,00;110,00;660,00;non;en attente
03/01/2022;Transport;5000,00;1000,00;6000,00;oui;en attente
22/04/2022;Telecom;250,00;50,00;300,00;non;rejete
20/03/2023;Restaurant;300,50;60,10;360,60;non;en attente
03/08/2022;Deplacement;900,50;180,10;1080,60;oui;valide
09/05/2022;Restaurant;75,99;15,20;91,19;non;valide
31/08/2023;Taxi/VTC;950,99;190,20;1141,19;oui;valide
09/07/2022;Taxi/VTC;450,99;90,20;541,19;perdu;en attente
05/11/2022;Telecom;550,00;110,00;660,00;oui;rejete
05/02/2023;Restaurant;1200,00;240,00;1440,00;non;rejete
03/09/2022;Deplacement;900,99;180,20;1081,19;non;en attente
22/05/2022;Hotel;9000,99;1800,20;10801,19;oui;en attente
26/03/2023;Telecom;600,00;120,00;720,00;oui;rejete
02/12/2023;Restaurant;550,00;110,00;660,00;photo floue;en attente
17/11/2022;Formation;3775,99;755,20;4531,19;non;rejete
18/04/2022;Restaurant;2423,00;484,60;2907,60;non;valide
23/05/2022;Hotel;175,00;35,00;210,00;oui;en attente
13/01/2022;Telecom;3803,99;760,80;4564,79;perdu;valide
02/04/2022;Telecom;550,00;110,00;660,00;photo floue;valide
14/09/2023;Transport;548,00;109,60;657,60;oui;valide
16/08/2022;Transport;850,99;170,20;1021,19;oui;en attente
03/12/2022;Formation;8000,00;1600,00;9600,00;non;valide
02/12/2023;Fournitures;537,99;107,60;645,59;non;valide
24/05/2022;Telecom;1200,99;240,20;1441,19;photo floue;rejete
31/12/2023;Hotel;2000,50;400,10;2400,60;perdu;valide
02/02/2023;Representation;1800,00;360,00;2160,00;perdu;valide
14/11/2023;Informatique;2000,00;400,00;2400,00;photo floue;valide
20/10/2023;Representation;700,00;140,00;840,00;non;valide
24/01/2022;Formation;250,99;50,20;301,19;photo floue;en attente
10/08/2023;Deplacement;2529,99;506,00;3035,99;non;valide
12/11/2022;Deplacement;200,00;40,00;240,00;perdu;valide
13/02/2022;Representation;75,50;15,10;90,60;oui;en attente
05/10/2022;Telecom;960,00;192,00;1152,00;non;rejete
19/07/2023;Informatique;1306,00;261,20;1567,20;oui;rejete
21/08/2022;Formation;4000,99;800,20;4801,19;non;valide
06/10/2022;Fournitures;600,00;120,00;720,00;non;en attente
11/06/2022;Telecom;650,50;130,10;780,60;perdu;en attente
02/05/2022;Hotel;350,00;70,00;420,00;perdu;rejete
09/06/2022;Formation;350,00;70,00;420,00;photo floue;rejete
07/11/2022;Taxi/VTC;2528,99;505,80;3034,79;non;rejete
10/10/2022;Restaurant;3509,00;701,80;4210,80;perdu;valide
09/03/2023;Taxi/VTC;100,50;20,10;120,60;photo floue;valide
22/05/2022;Taxi/VTC;100,00;20,00;120,00;non;rejete
15/06/2022;Formation;1200,00;240,00;1440,00;perdu;valide
11/12/2022;Restaurant;200,99;40,20;241,19;oui;valide
10/10/2022;Representation;3500,99;700,20;4201,19;perdu;valide
13/12/2022;Telecom;9999,50;1999,90;11999,40;oui;valide
05/10/2023;Restaurant;800,99;160,20;961,19;photo floue;rejete
19/12/2023;Informatique;900,00;180,00;1080,00;oui;rejete
17/12/2022;Deplacement;950,50;190,10;1140,60;oui;rejete
24/01/2022;Formation;500,99;100,20;601,19;perdu;en attente
06/05/2023;Fournitures;7500,50;1500,10;9000,60;oui;valide
12/12/2022;Representation;80,00;16,00;96,00;photo floue;rejete
30/06/2022;Telecom;5000,99;1000,20;6001,19;photo floue;rejete
13/05/2023;Deplacement;350,00;70,00;420,00;photo floue;en attente
16/10/2023;Taxi/VTC;450,50;90,10;540,60;photo floue;valide
05/07/2023;Restaurant;90,50;18,10;108,60;oui;en attente
13/11/2022;Deplacement;8000,50;1600,10;9600,60;photo floue;en attente
19/12/2022;Formation;1500,99;300,20;1801,19;photo floue;rejete
24/03/2023;Hotel;2123,00;424,60;2547,60;photo floue;valide
24/12/2022;Transport;8000,50;1600,10;9600,60;photo floue;rejete
15/08/2023;Informatique;5000,00;1000,00;6000,00;non;valide
19/12/2022;Telecom;5000,99;1000,20;6001,19;non;en attente
03/08/2023;Fournitures;5500,00;1100,00;6600,00;non;en attente
14/12/2022;Taxi/VTC;9999,50;1999,90;11999,40;oui;en attente
22/02/2022;Restaurant;4500,00;900,00;5400,00;oui;en attente
06/11/2023;Taxi/VTC;2000,00;400,00;2400,00;non;valide
16/04/2022;Hotel;650,00;130,00;780,00;oui;valide
12/10/2022;Deplacement;750,00;150,00;900,00;oui;en attente
17/04/2023;Taxi/VTC;1000,99;200,20;1201,19;perdu;valide
25/11/2023;Transport;2500,00;500,00;3000,00;non;valide
18/01/2023;Telecom;900,00;180,00;1080,00;photo floue;en attente
30/08/2023;Fournitures;1800,00;360,00;2160,00;oui;valide
11/02/2023;Formation;120,00;24,00;144,00;non;en attente
05/06/2023;Transport;4301,99;860,40;5162,39;non;rejete
02/06/2022;Hotel;7500,00;1500,00;9000,00;perdu;en attente
08/09/2022;Formation;2589,50;517,90;3107,40;non;rejete
19/11/2023;Taxi/VTC;550,00;110,00;660,00;oui;en attente
14/03/2022;Representation;4000,50;800,10;4800,60;perdu;rejete
18/05/2022;Telecom;4953,50;990,70;5944,20;oui;valide
08/02/2023;Fournitures;452,00;90,40;542,40;perdu;rejete
21/06/2022;Hotel;4854,00;970,80;5824,80;oui;valide
14/07/2022;Transport;3573,50;714,70;4288,20;non;en attente
05/10/2022;Informatique;175,99;35,20;211,19;oui;rejete
16/02/2022;Fournitures;750,00;150,00;900,00;non;valide
28/05/2022;Representation;1200,00;240,00;1440,00;oui;en attente
29/09/2022;Informatique;3507,00;701,40;4208,40;perdu;valide
29/09/2023;Informatique;650,00;130,00;780,00;perdu;valide
26/06/2023;Representation;4791,00;958,20;5749,20;oui;rejete
26/07/2023;Informatique;3500,00;700,00;4200,00;non;valide
17/06/2023;Deplacement;6000,00;1200,00;7200,00;oui;en attente
05/10/2022;Restaurant;3000,99;600,20;3601,19;perdu;rejete
23/09/2022;Fournitures;4944,99;989,00;5933,99;perdu;valide
06/10/2022;Formation;231,99;46,40;278,39;oui;en attente
07/02/2022;Taxi/VTC;1500,99;300,20;1801,19;perdu;en attente
25/12/2023;Hotel;200,99;40,20;241,19;non;valide
15/10/2023;Formation;7000,99;1400,20;8401,19;non;valide
09/10/2023;Telecom;1000,00;200,00;1200,00;non;en attente
19/07/2023;Transport;550,00;110,00;660,00;oui;valide
21/12/2023;Representation;950,00;190,00;1140,00;perdu;valide
20/02/2023;Restaurant;1214,00;242,80;1456,80;photo floue;rejete
12/10/2022;Taxi/VTC;650,00;130,00;780,00;oui;en attente
02/10/2023;Telecom;4247,99;849,60;5097,59;photo floue;en attente
01/03/2022;Deplacement;300,99;60,20;361,19;non;valide
20/04/2022;Transport;550,99;110,20;661,19;oui;en attente
10/06/2023;Deplacement;2167,00;433,40;2600,40;oui;rejete
17/08/2022;Deplacement;400,50;80,10;480,60;photo floue;valide
17/01/2023;Hotel;9000,00;1800,00;10800,00;photo floue;en attente
23/07/2022;Hotel;750,50;150,10;900,60;perdu;en attente
30/04/2023;Transport;550,00;110,00;660,00;oui;rejete
11/04/2022;Deplacement;4000,00;800,00;4800,00;perdu;en attente
26/05/2023;Informatique;650,00;130,00;780,00;non;rejete
03/10/2023;Taxi/VTC;2000,50;400,10;2400,60;perdu;valide
24/02/2022;Transport;821,00;164,20;985,20;perdu;valide
15/11/2022;Telecom;2361,00;472,20;2833,20;perdu;en attente
21/07/2023;Hotel;350,50;70,10;420,60;non;rejete
10/05/2023;Transport;800,00;160,00;960,00;perdu;en attente
23/11/2023;Formation;2500,50;500,10;3000,60;non;valide
12/05/2022;Representation;800,00;160,00;960,00;photo floue;en attente
16/04/2023;Fournitures;300,00;60,00;360,00;perdu;valide
21/07/2022;Deplacement;2500,00;500,00;3000,00;non;rejete
07/11/2022;Restaurant;600,00;120,00;720,00;non;en attente
29/01/2022;Taxi/VTC;2128,00;425,60;2553,60;non;rejete
03/07/2023;Taxi/VTC;50,99;10,20;61,19;photo floue;en attente
31/03/2022;Transport;2058,00;411,60;2469,60;non;en attente
18/09/2022;Formation;650,00;130,00;780,00;perdu;en attente
17/07/2023;Formation;5500,00;1100,00;6600,00;perdu;en attente
02/04/2023;Representation;1000,00;200,00;1200,00;non;valide
25/11/2022;Telecom;550,00;110,00;660,00;photo floue;valide
15/03/2023;Transport;400,00;80,00;480,00;non;valide
02/01/2023;Telecom;150,99;30,20;181,19;oui;en attente
26/02/2023;Restaurant;500,50;100,10;600,60;perdu;valide
15/02/2022;Deplacement;4500,00;900,00;5400,00;non;valide
23/03/2023;Transport;600,99;120,20;721,19;oui;en attente
14/03/2022;Telecom;5000,99;1000,20;6001,19;non;rejete
19/03/2023;Taxi/VTC;1000,99;200,20;1201,19;non;valide
14/12/2023;Transport;1825,50;365,10;2190,60;photo floue;en attente
13/09/2022;Formation;1800,50;360,10;2160,60;photo floue;rejete
20/11/2023;Transport;1000,99;200,20;1201,19;oui;en attente
16/01/2023;Deplacement;500,50;100,10;600,60;perdu;rejete
16/12/2022;Restaurant;850,50;170,10;1020,60;non;valide
06/05/2023;Telecom;650,50;130,10;780,60;oui;rejete
25/02/2022;Fournitures;1500,50;300,10;1800,60;photo floue;rejete
03/07/2023;Restaurant;9999,50;1999,90;11999,40;photo floue;rejete
05/12/2022;Restaurant;2141,50;428,30;2569,80;photo floue;rejete
27/09/2023;Hotel;4500,50;900,10;5400,60;perdu;valide
14/07/2023;Transport;2497,50;499,50;2997,00;non;rejete
25/09/2023;Hotel;700,00;140,00;840,00;perdu;rejete
16/10/2022;Deplacement;1800,00;360,00;2160,00;non;rejete
10/11/2022;Hotel;450,99;90,20;541,19;perdu;en attente
16/08/2023;Transport;1735,50;347,10;2082,60;non;valide
13/05/2022;Informatique;2500,99;500,20;3001,19;photo floue;rejete
05/12/2023;Taxi/VTC;500,99;100,20;601,19;perdu;en attente
04/06/2023;Informatique;900,99;180,20;1081,19;non;rejete
13/01/2023;Restaurant;500,50;100,10;600,60;non;en attente
10/07/2023;Informatique;600,00;120,00;720,00;oui;rejete
28/07/2023;Hotel;250,99;50,20;301,19;perdu;valide
18/01/2023;Telecom;550,99;110,20;661,19;oui;valide
28/05/2022;Telecom;4500,50;900,10;5400,60;perdu;en attente
04/07/2022;Representation;90,50;18,10;108,60;photo floue;en attente
28/10/2023;Transport;100,00;20,00;120,00;non;en attente
21/04/2023;Restaurant;550,50;110,10;660,60;oui;valide
20/10/2022;Deplacement;879,00;175,80;1054,80;non;en attente
25/06/2022;Telecom;700,50;140,10;840,60;oui;valide
29/10/2023;Transport;500,00;100,00;600,00;perdu;valide
16/06/2022;Hotel;9000,99;1800,20;10801,19;non;rejete
08/03/2023;Telecom;3500,00;700,00;4200,00;non;rejete
16/07/2023;Formation;400,50;80,10;480,60;perdu;rejete
18/07/2022;Formation;400,00;80,00;480,00;perdu;rejete
02/09/2022;Formation;1500,00;300,00;1800,00;oui;rejete
13/12/2022;Informatique;800,00;160,00;960,00;non;rejete
04/12/2023;Representation;2647,00;529,40;3176,40;photo floue;valide
28/10/2022;Restaurant;450,99;90,20;541,19;non;valide
17/11/2023;Formation;3389,99;678,00;4067,99;perdu;rejete
17/06/2022;Hotel;9000,00;1800,00;10800,00;non;valide
26/10/2023;Telecom;4414,50;882,90;5297,40;photo floue;valide
26/12/2023;Telecom;3000,50;600,10;3600,60;non;en attente
15/02/2022;Taxi/VTC;800,99;160,20;961,19;non;valide
12/12/2022;Fournitures;100,00;20,00;120,00;photo floue;valide
27/04/2023;Informatique;650,00;130,00;780,00;perdu;en attente
29/04/2023;Telecom;900,00;180,00;1080,00;non;en attente
01/11/2022;Deplacement;2000,00;400,00;2400,00;oui;valide
05/03/2023;Telecom;3894,00;778,80;4672,80;non;en attente
10/02/2023;Restaurant;9000,50;1800,10;10800,60;perdu;rejete
17/07/2022;Deplacement;8000,99;1600,20;9601,19;oui;en attente
08/10/2022;Hotel;5000,99;1000,20;6001,19;non;rejete
23/01/2022;Formation;1000,50;200,10;1200,60;photo floue;valide
23/03/2023;Fournitures;250,50;50,10;300,60;perdu;rejete
07/07/2023;Informatique;450,00;90,00;540,00;oui;rejete
29/03/2022;Formation;4500,00;900,00;5400,00;perdu;en attente
16/04/2022;Taxi/VTC;250,99;50,20;301,19;non;rejete
07/11/2022;Fournitures;3265,99;653,20;3919,19;oui;rejete
30/01/2023;Representation;4426,00;885,20;5311,20;photo floue;rejete
29/10/2022;Informatique;950,00;190,00;1140,00;perdu;valide
05/06/2023;Deplacement;750,00;150,00;900,00;perdu;en attente
09/02/2023;Representation;350,50;70,10;420,60;perdu;rejete
05/04/2023;Representation;1768,50;353,70;2122,20;photo floue;rejete
19/09/2022;Formation;350,50;70,10;420,60;perdu;valide
08/06/2022;Telecom;5000,00;1000,00;6000,00;photo floue;en attente
05/06/2023;Hotel;800,50;160,10;960,60;perdu;en attente
31/08/2022;Telecom;844,00;168,80;1012,80;perdu;en attente
06/04/2022;Informatique;2500,00;500,00;3000,00;non;en attente
03/01/2023;Restaurant;3677,50;735,50;4413,00;photo floue;valide
02/06/2023;Restaurant;9000,50;1800,10;10800,60;oui;en attente
04/03/2022;Telecom;1800,99;360,20;2161,19;non;en attente
12/05/2023;Representation;2697,00;539,40;3236,40;non;valide
18/11/2022;Fournitures;8000,00;1600,00;9600,00;photo floue;rejete
18/08/2023;Deplacement;175,00;35,00;210,00;perdu;valide
14/06/2022;Informatique;800,99;160,20;961,19;oui;en attente
02/10/2022;Representation;5500,00;1100,00;6600,00;photo floue;en attente
02/06/2022;Transport;850,99;170,20;1021,19;non;rejete
08/07/2022;Transport;7000,00;1400,00;8400,00;photo floue;rejete
07/10/2023;Formation;1500,00;300,00;1800,00;non;valide
26/10/2023;Formation;3500,00;700,00;4200,00;non;rejete
26/08/2023;Informatique;120,50;24,10;144,60;oui;valide
17/02/2023;Informatique;1800,99;360,20;2161,19;photo floue;rejete
24/06/2023;Taxi/VTC;900,50;180,10;1080,60;photo floue;en attente
24/01/2022;Taxi/VTC;3891,00;778,20;4669,20;photo floue;rejete
21/05/2022;Restaurant;3584,50;716,90;4301,40;non;rejete
05/12/2022;Restaurant;800,99;160,20;961,19;oui;valide
20/03/2023;Hotel;300,99;60,20;361,19;photo floue;en attente
13/09/2022;Informatique;2008,50;401,70;2410,20;oui;rejete
14/04/2022;Informatique;200,00;40,00;240,00;non;valide
27/05/2022;Hotel;8000,50;1600,10;9600,60;photo floue;en attente
12/01/2022;Restaurant;1121,00;224,20;1345,20;oui;valide
07/12/2023;Formation;950,00;190,00;1140,00;oui;valide
18/12/2022;Informatique;500,99;100,20;601,19;non;valide
22/12/2023;Deplacement;850,99;170,20;1021,19;perdu;en attente
06/11/2022;Telecom;6000,99;1200,20;7201,19;perdu;valide
08/03/2023;Transport;1500,00;300,00;1800,00;oui;en attente
24/08/2022;Informatique;2500,50;500,10;3000,60;perdu;valide
23/05/2023;Taxi/VTC;3500,00;700,00;4200,00;photo floue;en attente
08/06/2022;Fournitures;550,50;110,10;660,60;photo floue;en attente
15/11/2023;Hotel;1800,00;360,00;2160,00;photo floue;valide
31/10/2022;Telecom;511,00;102,20;613,20;perdu;valide
23/03/2022;Representation;850,50;170,10;1020,60;perdu;valide
14/09/2023;Fournitures;100,99;20,20;121,19;non;en attente
19/05/2022;Deplacement;900,50;180,10;1080,60;non;en attente
11/06/2023;Transport;650,00;130,00;780,00;oui;valide
02/02/2023;Informatique;1801,00;360,20;2161,20;perdu;valide
28/09/2023;Transport;4000,99;800,20;4801,19;non;valide
09/04/2023;Deplacement;950,99;190,20;1141,19;oui;valide
19/07/2023;Fournitures;300,00;60,00;360,00;perdu;rejete
31/07/2023;Hotel;2500,00;500,00;3000,00;oui;rejete
24/04/2023;Deplacement;950,00;190,00;1140,00;photo floue;en attente
22/02/2022;Deplacement;120,99;24,20;145,19;perdu;rejete
25/09/2023;Fournitures;9000,00;1800,00;10800,00;photo floue;en attente
16/02/2022;Restaurant;1955,00;391,00;2346,00;photo floue;valide
08/06/2023;Representation;2464,50;492,90;2957,40;non;en attente
19/11/2022;Representation;350,99;70,20;421,19;perdu;en attente
26/01/2022;Taxi/VTC;950,00;190,00;1140,00;non;rejete
02/02/2023;Formation;2500,00;500,00;3000,00;perdu;rejete
04/12/2022;Deplacement;3000,99;600,20;3601,19;non;rejete
15/05/2022;Restaurant;900,00;180,00;1080,00;perdu;valide
28/03/2022;Deplacement;800,00;160,00;960,00;non;en attente
18/11/2023;Fournitures;750,50;150,10;900,60;oui;valide
20/05/2023;Hotel;750,00;150,00;900,00;oui;rejete
16/04/2022;Informatique;800,50;160,10;960,60;perdu;en attente
22/01/2022;Restaurant;747,00;149,40;896,40;perdu;rejete
17/11/2023;Fournitures;500,00;100,00;600,00;oui;rejete
03/11/2022;Representation;850,00;170,00;1020,00;non;rejete
17/12/2022;Deplacement;3500,00;700,00;4200,00;perdu;rejete
29/04/2023;Taxi/VTC;1500,99;300,20;1801,19;perdu;rejete
06/10/2022;Telecom;200,00;40,00;240,00;oui;en attente
01/11/2023;Taxi/VTC;800,50;160,10;960,60;non;rejete
07/10/2022;Telecom;150,00;30,00;180,00;photo floue;valide
16/12/2023;Restaurant;2500,00;500,00;3000,00;photo floue;en attente
23/04/2023;Telecom;237,50;47,50;285,00;perdu;rejete
23/02/2022;Restaurant;4127,00;825,40;4952,40;non;valide
30/07/2023;Telecom;4500,00;900,00;5400,00;oui;valide
04/12/2023;Deplacement;1000,99;200,20;1201,19;non;rejete
11/03/2023;Deplacement;3000,50;600,10;3600,60;photo floue;valide
10/04/2023;Restaurant;5000,00;1000,00;6000,00;non;en attente
25/11/2022;Hotel;2462,99;492,60;2955,59;perdu;rejete
04/04/2023;Hotel;250,00;50,00;300,00;non;valide
06/10/2022;Transport;800,00;160,00;960,00;perdu;valide
16/07/2023;Taxi/VTC;175,00;35,00;210,00;non;en attente
13/05/2022;Informatique;900,00;180,00;1080,00;non;en attente
06/07/2023;Formation;300,00;60,00;360,00;oui;valide
19/07/2022;Informatique;800,50;160,10;960,60;oui;en attente
02/09/2023;Restaurant;5000,50;1000,10;6000,60;photo floue;en attente
22/08/2023;Taxi/VTC;600,00;120,00;720,00;photo floue;en attente
03/03/2023;Restaurant;1000,00;200,00;1200,00;photo floue;en attente
10/06/2022;Taxi/VTC;950,00;190,00;1140,00;oui;valide
17/01/2023;Representation;600,00;120,00;720,00;photo floue;en attente
12/11/2022;Informatique;6000,50;1200,10;7200,60;oui;en attente
02/12/2022;Formation;400,00;80,00;480,00;non;en attente
11/05/2023;Hotel;350,00;70,00;420,00;non;valide
04/10/2022;Deplacement;800,50;160,10;960,60;oui;en attente
24/03/2022;Transport;2073,00;414,60;2487,60;non;rejete
05/01/2023;Taxi/VTC;400,00;80,00;480,00;oui;valide
08/09/2023;Formation;4000,00;800,00;4800,00;photo floue;en attente
12/06/2022;Hotel;2500,00;500,00;3000,00;oui;valide
25/05/2023;Restaurant;1000,99;200,20;1201,19;non;en attente
14/05/2022;Taxi/VTC;6000,99;1200,20;7201,19;perdu;rejete
06/07/2022;Telecom;5000,00;1000,00;6000,00;photo floue;valide
06/05/2023;Deplacement;1500,00;300,00;1800,00;non;valide
04/05/2023;Deplacement;550,50;110,10;660,60;perdu;en attente
06/03/2023;Fournitures;500,00;100,00;600,00;photo floue;en attente
20/10/2023;Informatique;500,00;100,00;600,00;non;valide
27/01/2022;Telecom;4500,00;900,00;5400,00;oui;rejete
14/10/2023;Informatique;1000,00;200,00;1200,00;non;valide
14/10/2023;Restaurant;505,50;101,10;606,60;perdu;rejete
02/02/2022;Restaurant;1500,99;300,20;1801,19;photo floue;rejete
16/06/2022;Hotel;300,00;60,00;360,00;non;en attente
03/08/2022;Telecom;7000,99;1400,20;8401,19;oui;valide
01/05/2022;Deplacement;350,50;70,10;420,60;perdu;en attente
25/09/2022;Formation;1800,00;360,00;2160,00;non;rejete
23/12/2022;Transport;1500,00;300,00;1800,00;oui;en attente
26/12/2023;Telecom;850,00;170,00;1020,00;oui;valide
19/02/2022;Fournitures;8000,99;1600,20;9601,19;perdu;valide
29/03/2022;Taxi/VTC;2000,00;400,00;2400,00;non;rejete
07/04/2023;Taxi/VTC;850,00;170,00;1020,00;perdu;rejete
17/07/2023;Fournitures;3000,99;600,20;3601,19;photo floue;rejete
03/03/2022;Transport;3289,50;657,90;3947,40;oui;valide
19/02/2022;Taxi/VTC;7500,00;1500,00;9000,00;oui;en attente
12/02/2023;Taxi/VTC;175,99;35,20;211,19;non;en attente
21/04/2022;Formation;700,00;140,00;840,00;photo floue;valide
30/11/2023;Formation;4018,00;803,60;4821,60;photo floue;valide
05/09/2022;Fournitures;700,99;140,20;841,19;non;rejete
04/02/2022;Restaurant;7000,00;1400,00;8400,00;oui;en attente
21/06/2022;Restaurant;800,00;160,00;960,00;perdu;valide
31/03/2023;Restaurant;350,00;70,00;420,00;photo floue;en attente
01/01/2022;Representation;5000,00;1000,00;6000,00;oui;rejete
17/01/2022;Formation;100,00;20,00;120,00;perdu;valide
25/11/2022;Informatique;90,99;18,20;109,19;oui;valide
05/07/2022;Telecom;750,99;150,20;901,19;perdu;valide
01/02/2022;Hotel;150,00;30,00;180,00;non;en attente
25/07/2022;Formation;550,99;110,20;661,19;oui;rejete
06/09/2022;Hotel;1000,99;200,20;1201,19;oui;rejete
01/11/2023;Taxi/VTC;100,50;20,10;120,60;perdu;valide
12/10/2022;Taxi/VTC;737,00;147,40;884,40;non;en attente
17/10/2022;Transport;3767,50;753,50;4521,00;photo floue;rejete
22/11/2023;Transport;9500,00;1900,00;11400,00;perdu;en attente
17/01/2022;Fournitures;150,00;30,00;180,00;non;valide
04/01/2023;Fournitures;550,50;110,10;660,60;non;valide
15/09/2023;Deplacement;8000,00;1600,00;9600,00;non;rejete
14/05/2022;Telecom;850,50;170,10;1020,60;oui;valide
27/08/2023;Fournitures;4000,00;800,00;4800,00;oui;valide
28/02/2022;Restaurant;150,00;30,00;180,00;non;rejete
17/12/2023;Informatique;350,00;70,00;420,00;photo floue;valide
03/01/2023;Restaurant;4000,00;800,00;4800,00;non;valide
01/07/2022;Telecom;450,00;90,00;540,00;oui;valide
14/10/2023;Fournitures;4500,00;900,00;5400,00;non;rejete
25/02/2023;Transport;150,00;30,00;180,00;perdu;valide
02/11/2023;Informatique;2839,00;567,80;3406,80;perdu;valide
11/11/2023;Hotel;450,00;90,00;540,00;non;valide
21/10/2023;Transport;2774,00;554,80;3328,80;photo floue;valide
05/03/2022;Fournitures;650,50;130,10;780,60;perdu;valide
19/04/2023;Deplacement;80,99;16,20;97,19;non;rejete
21/12/2022;Taxi/VTC;700,00;140,00;840,00;photo floue;en attente
17/12/2023;Taxi/VTC;1168,00;233,60;1401,60;non;valide
16/06/2022;Formation;1500,00;300,00;1800,00;photo floue;rejete
09/02/2022;Formation;2500,00;500,00;3000,00;oui;valide
29/11/2022;Formation;5000,50;1000,10;6000,60;perdu;rejete
06/09/2023;Formation;4429,00;885,80;5314,80;non;en attente
09/06/2023;Fournitures;4500,50;900,10;5400,60;oui;en attente
29/08/2022;Fournitures;4331,00;866,20;5197,20;photo floue;rejete
28/01/2022;Taxi/VTC;1500,00;300,00;1800,00;photo floue;rejete
27/03/2023;Telecom;900,50;180,10;1080,60;oui;en attente
14/12/2022;Hotel;100,00;20,00;120,00;perdu;rejete
23/08/2022;Formation;5500,99;1100,20;6601,19;perdu;valide
10/06/2023;Informatique;1137,99;227,60;1365,59;perdu;rejete
05/03/2023;Hotel;1350,00;270,00;1620,00;oui;rejete
24/10/2022;Informatique;1500,50;300,10;1800,60;photo floue;valide
16/05/2023;Transport;2500,00;500,00;3000,00;non;en attente
15/07/2023;Hotel;1200,50;240,10;1440,60;non;rejete
19/11/2023;Representation;1000,00;200,00;1200,00;perdu;rejete
18/04/2022;Informatique;250,50;50,10;300,60;photo floue;rejete
21/12/2022;Deplacement;1800,00;360,00;2160,00;perdu;valide
10/12/2023;Telecom;7000,99;1400,20;8401,19;photo floue;valide
07/05/2022;Deplacement;1113,99;222,80;1336,79;oui;en attente
13/10/2022;Informatique;900,00;180,00;1080,00;non;en attente
23/08/2022;Representation;235,99;47,20;283,19;photo floue;rejete
28/12/2023;Informatique;3000,50;600,10;3600,60;photo floue;rejete
03/11/2022;Transport;2016,99;403,40;2420,39;non;rejete
21/11/2023;Fournitures;1794,00;358,80;2152,80;oui;en attente
31/05/2022;Hotel;8000,00;1600,00;9600,00;perdu;en attente
20/11/2022;Restaurant;2198,00;439,60;2637,60;oui;valide
21/04/2022;Informatique;1500,00;300,00;1800,00;photo floue;valide
23/09/2023;Formation;150,00;30,00;180,00;non;en attente
09/12/2022;Taxi/VTC;300,99;60,20;361,19;photo floue;rejete
11/07/2023;Hotel;700,50;140,10;840,60;photo floue;rejete
14/11/2022;Informatique;200,00;40,00;240,00;photo floue;valide
16/11/2022;Restaurant;4394,00;878,80;5272,80;photo floue;rejete
21/01/2023;Fournitures;9000,00;1800,00;10800,00;non;valide
01/05/2023;Taxi/VTC;1500,50;300,10;1800,60;photo floue;en attente
09/08/2022;Representation;2000,00;400,00;2400,00;photo floue;rejete
18/11/2023;Hotel;8000,00;1600,00;9600,00;perdu;valide
31/05/2022;Transport;2166,00;433,20;2599,20;photo floue;en attente
07/12/2022;Telecom;4500,50;900,10;5400,60;photo floue;rejete
21/03/2023;Telecom;900,00;180,00;1080,00;perdu;en attente
18/08/2022;Taxi/VTC;90,50;18,10;108,60;photo floue;rejete
14/12/2022;Informatique;500,00;100,00;600,00;oui;valide
15/05/2022;Transport;1000,00;200,00;1200,00;photo floue;rejete
02/07/2023;Hotel;3399,00;679,80;4078,80;oui;valide
10/07/2022;Telecom;950,00;190,00;1140,00;non;rejete
22/03/2023;Formation;80,50;16,10;96,60;photo floue;valide
09/02/2023;Restaurant;95,00;19,00;114,00;perdu;en attente
02/06/2022;Transport;80,00;16,00;96,00;oui;valide
10/07/2023;Telecom;2500,00;500,00;3000,00;photo floue;rejete
04/05/2023;Hotel;300,00;60,00;360,00;photo floue;en attente
01/09/2022;Deplacement;700,99;140,20;841,19;oui;valide
18/04/2022;Deplacement;850,50;170,10;1020,60;oui;valide
01/12/2023;Fournitures;1500,00;300,00;1800,00;perdu;valide
05/02/2022;Taxi/VTC;8000,99;1600,20;9601,19;photo floue;rejete
26/07/2023;Telecom;100,50;20,10;120,60;oui;en attente
20/06/2023;Taxi/VTC;2573,00;514,60;3087,60;non;valide
02/05/2023;Representation;4943,00;988,60;5931,60;oui;valide
26/03/2023;Formation;800,99;160,20;961,19;perdu;en attente
13/08/2022;Deplacement;3500,50;700,10;4200,60;non;rejete
16/10/2023;Formation;2000,99;400,20;2401,19;photo floue;valide
19/05/2022;Representation;700,00;140,00;840,00;perdu;rejete
28/05/2023;Restaurant;4384,00;876,80;5260,80;photo floue;valide
09/02/2023;Taxi/VTC;300,50;60,10;360,60;perdu;en attente
11/05/2023;Representation;800,00;160,00;960,00;non;en attente
29/08/2023;Representation;832,99;166,60;999,59;photo floue;rejete
05/11/2022;Taxi/VTC;500,00;100,00;600,00;perdu;rejete
31/01/2023;Telecom;7500,00;1500,00;9000,00;photo floue;en attente
03/11/2023;Taxi/VTC;900,99;180,20;1081,19;non;en attente
07/07/2022;Informatique;600,00;120,00;720,00;perdu;en attente
25/02/2022;Fournitures;215,00;43,00;258,00;non;rejete
28/06/2023;Taxi/VTC;2016,00;403,20;2419,20;non;rejete
20/02/2022;Hotel;1825,00;365,00;2190,00;perdu;rejete
28/04/2023;Restaurant;550,00;110,00;660,00;non;valide
18/01/2022;Representation;100,00;20,00;120,00;photo floue;en attente
10/02/2023;Fournitures;175,99;35,20;211,19;oui;en attente
02/05/2023;Telecom;1461,50;292,30;1753,80;photo floue;rejete
22/12/2022;Telecom;95,99;19,20;115,19;photo floue;valide
17/02/2023;Formation;400,00;80,00;480,00;oui;rejete
04/10/2023;Representation;800,50;160,10;960,60;non;rejete
05/04/2023;Transport;3045,00;609,00;3654,00;oui;en attente
01/06/2022;Taxi/VTC;4500,50;900,10;5400,60;oui;en attente
03/01/2023;Telecom;9000,99;1800,20;10801,19;perdu;valide
25/04/2022;Taxi/VTC;8000,00;1600,00;9600,00;non;rejete
17/02/2022;Informatique;400,99;80,20;481,19;perdu;valide
23/03/2023;Formation;1200,00;240,00;1440,00;photo floue;en attente
07/02/2022;Restaurant;500,99;100,20;601,19;perdu;valide
09/01/2023;Informatique;3225,00;645,00;3870,00;photo floue;valide
06/01/2022;Formation;850,50;170,10;1020,60;perdu;en attente
02/12/2022;Taxi/VTC;2000,99;400,20;2401,19;non;valide
03/07/2023;Telecom;2321,00;464,20;2785,20;oui;rejete
18/12/2022;Hotel;4228,00;845,60;5073,60;perdu;en attente
11/05/2022;Taxi/VTC;2000,00;400,00;2400,00;photo floue;en attente
02/02/2023;Fournitures;4574,50;914,90;5489,40;non;en attente
29/07/2022;Fournitures;900,00;180,00;1080,00;photo floue;rejete
06/05/2023;Restaurant;700,99;140,20;841,19;oui;valide
19/03/2022;Hotel;1200,99;240,20;1441,19;oui;valide
20/09/2022;Telecom;175,00;35,00;210,00;oui;valide
11/01/2023;Formation;3741,00;748,20;4489,20;oui;valide
14/10/2023;Transport;1690,00;338,00;2028,00;perdu;valide
02/02/2022;Transport;4500,00;900,00;5400,00;perdu;valide
10/09/2023;Hotel;3000,00;600,00;3600,00;non;rejete
19/02/2022;Representation;2548,00;509,60;3057,60;perdu;valide
31/07/2022;Transport;6000,00;1200,00;7200,00;oui;valide
02/03/2022;Fournitures;1200,00;240,00;1440,00;photo floue;rejete
24/09/2022;Deplacement;1100,99;220,20;1321,19;non;rejete
03/05/2023;Representation;4000,00;800,00;4800,00;photo floue;rejete
01/03/2022;Transport;300,00;60,00;360,00;perdu;rejete
12/04/2023;Transport;3180,99;636,20;3817,19;oui;en attente
07/02/2023;Hotel;4500,00;900,00;5400,00;non;rejete
27/11/2022;Informatique;550,99;110,20;661,19;photo floue;valide
24/12/2023;Fournitures;2872,00;574,40;3446,40;photo floue;en attente
09/08/2022;Restaurant;800,00;160,00;960,00;perdu;en attente
08/01/2023;Deplacement;870,99;174,20;1045,19;non;en attente
07/07/2023;Restaurant;4903,99;980,80;5884,79;perdu;rejete
13/01/2023;Hotel;634,99;127,00;761,99;perdu;en attente
14/05/2022;Telecom;200,50;40,10;240,60;perdu;valide
29/12/2022;Informatique;1000,00;200,00;1200,00;photo floue;rejete
14/08/2022;Representation;8500,00;1700,00;10200,00;non;rejete
23/09/2022;Representation;250,50;50,10;300,60;oui;rejete
15/08/2023;Representation;90,00;18,00;108,00;photo floue;valide
15/09/2023;Telecom;700,50;140,10;840,60;photo floue;rejete
20/10/2022;Transport;383,50;76,70;460,20;perdu;valide
06/03/2022;Representation;9500,50;1900,10;11400,60;photo floue;valide
26/12/2023;Fournitures;200,00;40,00;240,00;perdu;rejete
20/06/2023;Informatique;2000,00;400,00;2400,00;oui;rejete
12/05/2022;Representation;2500,00;500,00;3000,00;oui;valide
17/06/2022;Formation;1500,00;300,00;1800,00;perdu;rejete
01/02/2023;Restaurant;450,50;90,10;540,60;perdu;en attente
11/08/2022;Representation;8500,00;1700,00;10200,00;perdu;en attente
06/12/2022;Informatique;90,00;18,00;108,00;oui;rejete
29/03/2023;Representation;350,50;70,10;420,60;perdu;en attente
20/08/2022;Restaurant;900,00;180,00;1080,00;oui;rejete
24/09/2022;Deplacement;800,00;160,00;960,00;non;valide
02/05/2022;Informatique;1800,00;360,00;2160,00;non;en attente
08/01/2023;Restaurant;150,00;30,00;180,00;non;valide
17/06/2022;Telecom;900,50;180,10;1080,60;non;en attente
20/12/2022;Transport;850,50;170,10;1020,60;perdu;valide
17/01/2022;Transport;1000,00;200,00;1200,00;photo floue;rejete
10/02/2022;Representation;800,99;160,20;961,19;perdu;valide
07/08/2022;Informatique;2500,00;500,00;3000,00;oui;valide
03/04/2023;Fournitures;4093,00;818,60;4911,60;perdu;rejete
05/09/2022;Informatique;5500,50;1100,10;6600,60;oui;valide
08/06/2023;Restaurant;3653,00;730,60;4383,60;oui;rejete
27/08/2023;Transport;900,50;180,10;1080,60;non;en attente
13/11/2022;Informatique;3388,00;677,60;4065,60;oui;valide
25/09/2022;Hotel;1800,50;360,10;2160,60;photo floue;en attente
14/08/2023;Hotel;2500,00;500,00;3000,00;oui;en attente
28/08/2023;Fournitures;8500,00;1700,00;10200,00;perdu;rejete
29/07/2023;Telecom;2099,00;419,80;2518,80;non;en attente
05/08/2022;Transport;900,00;180,00;1080,00;perdu;rejete
23/06/2022;Informatique;1500,00;300,00;1800,00;perdu;en attente
06/09/2023;Telecom;3710,99;742,20;4453,19;perdu;rejete
07/10/2023;Fournitures;1200,99;240,20;1441,19;oui;valide
07/06/2023;Fournitures;500,50;100,10;600,60;oui;valide
31/10/2023;Telecom;4739,00;947,80;5686,80;non;rejete
06/03/2023;Informatique;9500,00;1900,00;11400,00;oui;valide
30/07/2023;Hotel;1816,00;363,20;2179,20;non;en attente
04/04/2023;Formation;250,50;50,10;300,60;perdu;en attente
09/12/2022;Fournitures;4500,99;900,20;5401,19;perdu;rejete
24/01/2022;Taxi/VTC;900,00;180,00;1080,00;non;rejete
24/11/2022;Representation;550,00;110,00;660,00;non;valide
30/08/2022;Transport;1630,99;326,20;1957,19;non;valide
02/10/2022;Restaurant;900,00;180,00;1080,00;perdu;en attente
31/08/2023;Fournitures;4842,00;968,40;5810,40;photo floue;valide
05/04/2022;Deplacement;3000,00;600,00;3600,00;oui;rejete
30/10/2023;Deplacement;250,50;50,10;300,60;photo floue;en attente
29/01/2023;Fournitures;5500,00;1100,00;6600,00;oui;en attente
24/08/2022;Transport;700,99;140,20;841,19;perdu;valide
30/01/2023;Transport;120,00;24,00;144,00;photo floue;en attente
06/01/2023;Transport;175,00;35,00;210,00;perdu;rejete
14/10/2023;Transport;2760,00;552,00;3312,00;perdu;en attente
11/11/2022;Informatique;75,00;15,00;90,00;perdu;en attente
11/07/2022;Representation;950,00;190,00;1140,00;photo floue;valide
24/10/2022;Taxi/VTC;1000,99;200,20;1201,19;photo floue;en attente
16/03/2022;Restaurant;4752,00;950,40;5702,40;non;en attente
28/07/2022;Telecom;850,50;170,10;1020,60;perdu;en attente
28/03/2022;Transport;250,99;50,20;301,19;photo floue;rejete
05/09/2022;Deplacement;500,00;100,00;600,00;non;en attente
09/03/2022;Restaurant;1000,00;200,00;1200,00;photo floue;en attente
19/08/2022;Restaurant;8000,00;1600,00;9600,00;perdu;en attente
06/03/2022;Hotel;1355,00;271,00;1626,00;non;rejete
06/01/2022;Informatique;500,50;100,10;600,60;non;rejete
28/03/2023;Telecom;90,00;18,00;108,00;photo floue;valide
22/04/2023;Hotel;1800,50;360,10;2160,60;non;valide
02/04/2022;Restaurant;5500,00;1100,00;6600,00;oui;valide
25/03/2022;Formation;800,00;160,00;960,00;perdu;rejete
11/10/2022;Hotel;4943,00;988,60;5931,60;photo floue;valide
28/02/2022;Restaurant;1045,00;209,00;1254,00;photo floue;rejete
23/05/2023;Restaurant;4330,00;866,00;5196,00;non;valide
13/09/2022;Restaurant;1063,50;212,70;1276,20;oui;rejete
14/12/2022;Formation;4500,50;900,10;5400,60;non;valide
14/03/2023;Deplacement;450,99;90,20;541,19;non;en attente
01/03/2022;Fournitures;9000,00;1800,00;10800,00;oui;valide
16/07/2022;Representation;1095,00;219,00;1314,00;photo floue;valide
11/09/2023;Telecom;4000,99;800,20;4801,19;non;rejete
17/10/2023;Informatique;6000,00;1200,00;7200,00;photo floue;rejete
20/03/2023;Hotel;100,50;20,10;120,60;perdu;valide
10/12/2022;Telecom;300,00;60,00;360,00;photo floue;valide
18/10/2023;Taxi/VTC;750,50;150,10;900,60;photo floue;en attente
06/12/2023;Deplacement;1000,50;200,10;1200,60;perdu;rejete
26/05/2022;Hotel;1996,00;399,20;2395,20;perdu;en attente
12/10/2023;Representation;300,00;60,00;360,00;perdu;rejete
26/12/2022;Hotel;500,99;100,20;601,19;non;en attente
08/09/2022;Restaurant;250,99;50,20;301,19;perdu;rejete
15/04/2022;Telecom;950,00;190,00;1140,00;perdu;valide
19/07/2022;Hotel;1871,00;374,20;2245,20;perdu;en attente
11/09/2023;Fournitures;3500,00;700,00;4200,00;oui;en attente
11/09/2022;Informatique;2500,99;500,20;3001,19;photo floue;en attente
02/04/2022;Telecom;850,00;170,00;1020,00;non;rejete
28/12/2023;Restaurant;3538,00;707,60;4245,60;perdu;rejete
15/02/2022;Formation;752,99;150,60;903,59;oui;rejete
12/05/2022;Informatique;200,99;40,20;241,19;perdu;valide
08/07/2023;Transport;6000,99;1200,20;7201,19;non;rejete
22/10/2023;Fournitures;2000,50;400,10;2400,60;photo floue;valide
16/12/2022;Transport;350,00;70,00;420,00;photo floue;rejete
23/08/2023;Fournitures;350,00;70,00;420,00;perdu;valide
07/07/2023;Deplacement;1200,00;240,00;1440,00;photo floue;en attente
17/04/2023;Deplacement;3616,00;723,20;4339,20;photo floue;rejete
18/03/2023;Representation;8000,99;1600,20;9601,19;non;en attente
25/09/2022;Fournitures;750,99;150,20;901,19;photo floue;en attente
03/01/2022;Deplacement;700,00;140,00;840,00;photo floue;rejete
06/06/2022;Representation;90,00;18,00;108,00;photo floue;rejete
11/01/2023;Taxi/VTC;8000,00;1600,00;9600,00;perdu;rejete
08/05/2022;Representation;200,99;40,20;241,19;non;en attente
01/07/2023;Telecom;1000,00;200,00;1200,00;photo floue;rejete
08/03/2023;Deplacement;764,00;152,80;916,80;photo floue;en attente
10/06/2022;Hotel;550,00;110,00;660,00;non;en attente
03/06/2023;Restaurant;1800,50;360,10;2160,60;oui;valide
28/11/2022;Deplacement;1800,00;360,00;2160,00;photo floue;en attente
17/05/2023;Transport;6000,00;1200,00;7200,00;oui;valide
25/08/2022;Formation;400,00;80,00;480,00;non;rejete
01/10/2023;Informatique;6000,00;1200,00;7200,00;oui;rejete
01/04/2023;Representation;4000,99;800,20;4801,19;photo floue;en attente
25/07/2022;Restaurant;700,00;140,00;840,00;perdu;en attente
20/02/2022;Deplacement;3500,00;700,00;4200,00;photo floue;valide
07/01/2022;Formation;2000,00;400,00;2400,00;oui;rejete
11/12/2022;Hotel;5500,99;1100,20;6601,19;oui;en attente
15/01/2022;Telecom;3014,99;603,00;3617,99;perdu;valide
12/11/2022;Telecom;750,00;150,00;900,00;oui;valide
30/10/2023;Taxi/VTC;750,00;150,00;900,00;non;rejete
12/07/2022;Hotel;1363,50;272,70;1636,20;perdu;valide
24/06/2022;Formation;600,00;120,00;720,00;oui;en attente
09/01/2022;Taxi/VTC;4694,00;938,80;5632,80;photo floue;en attente
10/01/2023;Informatique;650,00;130,00;780,00;oui;rejete
14/09/2022;Transport;3500,00;700,00;4200,00;non;valide
04/08/2023;Telecom;90,00;18,00;108,00;photo floue;en attente
18/07/2023;Formation;1800,50;360,10;2160,60;perdu;valide
29/12/2023;Hotel;4000,50;800,10;4800,60;non;en attente
26/10/2023;Telecom;4187,99;837,60;5025,59;non;en attente
29/05/2023;Telecom;3500,00;700,00;4200,00;perdu;rejete
24/08/2023;Restaurant;1722,00;344,40;2066,40;perdu;en attente
18/02/2022;Fournitures;2621,50;524,30;3145,80;photo floue;valide
26/06/2023;Informatique;329,00;65,80;394,80;perdu;rejete
02/06/2023;Taxi/VTC;1000,00;200,00;1200,00;oui;valide
30/06/2023;Transport;297,00;59,40;356,40;photo floue;en attente
25/10/2022;Formation;95,00;19,00;114,00;oui;en attente
28/05/2022;Taxi/VTC;950,00;190,00;1140,00;photo floue;rejete
27/10/2022;Representation;950,00;190,00;1140,00;oui;rejete
21/07/2023;Hotel;800,50;160,10;960,60;oui;rejete
10/07/2023;Telecom;9999,00;1999,80;11998,80;photo floue;en attente
26/06/2022;Representation;5000,00;1000,00;6000,00;oui;rejete
29/12/2022;Hotel;1800,00;360,00;2160,00;perdu;valide
26/10/2022;Hotel;300,00;60,00;360,00;photo floue;rejete
27/04/2022;Hotel;6000,50;1200,10;7200,60;photo floue;en attente
07/04/2022;Fournitures;2000,00;400,00;2400,00;perdu;en attente
21/05/2022;Hotel;450,00;90,00;540,00;perdu;valide
14/07/2022;Telecom;821,99;164,40;986,39;perdu;en attente
21/01/2022;Restaurant;2500,00;500,00;3000,00;perdu;valide
07/07/2023;Fournitures;8000,50;1600,10;9600,60;oui;valide
05/05/2022;Deplacement;9000,00;1800,00;10800,00;photo floue;rejete
05/08/2023;Fournitures;550,99;110,20;661,19;oui;rejete
04/12/2022;Taxi/VTC;3623,00;724,60;4347,60;oui;valide
11/11/2022;Fournitures;9999,00;1999,80;11998,80;perdu;rejete
07/12/2023;Telecom;300,00;60,00;360,00;non;en attente
09/10/2022;Informatique;395,00;79,00;474,00;non;rejete
28/06/2022;Representation;950,50;190,10;1140,60;perdu;en attente
06/06/2023;Informatique;6000,00;1200,00;7200,00;non;rejete
01/07/2023;Restaurant;4500,99;900,20;5401,19;photo floue;rejete
19/04/2022;Taxi/VTC;250,00;50,00;300,00;oui;valide
13/02/2023;Restaurant;500,00;100,00;600,00;oui;en attente
02/02/2023;Informatique;238,00;47,60;285,60;non;valide
13/05/2022;Formation;1200,00;240,00;1440,00;oui;en attente
27/12/2023;Hotel;5500,00;1100,00;6600,00;non;en attente
30/07/2022;Representation;1000,99;200,20;1201,19;non;rejete
18/01/2022;Deplacement;400,00;80,00;480,00;oui;rejete
19/03/2023;Restaurant;250,99;50,20;301,19;perdu;rejete
23/08/2022;Transport;938,00;187,60;1125,60;perdu;en attente
25/04/2023;Hotel;550,50;110,10;660,60;non;rejete
21/06/2022;Fournitures;850,00;170,00;1020,00;perdu;en attente
14/11/2022;Hotel;750,50;150,10;900,60;perdu;en attente
23/11/2023;Taxi/VTC;8000,00;1600,00;9600,00;oui;en attente
15/09/2023;Deplacement;7500,99;1500,20;9001,19;perdu;valide
08/02/2023;Telecom;500,00;100,00;600,00;perdu;en attente
18/04/2022;Informatique;800,99;160,20;961,19;photo floue;en attente
29/01/2022;Representation;4713,00;942,60;5655,60;photo floue;valide
03/08/2022;Hotel;4500,00;900,00;5400,00;non;en attente
23/04/2022;Taxi/VTC;3247,00;649,40;3896,40;oui;rejete
25/07/2022;Restaurant;5000,00;1000,00;6000,00;perdu;en attente
10/01/2023;Representation;700,00;140,00;840,00;non;valide
02/08/2023;Informatique;900,00;180,00;1080,00;perdu;rejete
31/03/2022;Fournitures;3013,50;602,70;3616,20;perdu;valide
17/02/2022;Telecom;400,00;80,00;480,00;oui;rejete
16/06/2023;Representation;700,00;140,00;840,00;perdu;en attente
26/11/2023;Representation;250,00;50,00;300,00;non;valide
05/07/2022;Telecom;1800,00;360,00;2160,00;perdu;rejete
16/11/2023;Fournitures;1817,00;363,40;2180,40;non;valide
22/12/2022;Taxi/VTC;900,00;180,00;1080,00;oui;en attente
01/03/2022;Representation;400,99;80,20;481,19;photo floue;rejete
30/07/2023;Deplacement;800,50;160,10;960,60;perdu;valide
31/03/2022;Deplacement;750,50;150,10;900,60;non;rejete
22/06/2022;Taxi/VTC;2844,50;568,90;3413,40;non;en attente
08/04/2022;Deplacement;335,50;67,10;402,60;photo floue;en attente
10/09/2022;Representation;8000,50;1600,10;9600,60;oui;rejete
30/05/2022;Deplacement;1443,00;288,60;1731,60;oui;en attente
13/10/2023;Representation;3000,00;600,00;3600,00;photo floue;en attente
22/09/2022;Telecom;1000,99;200,20;1201,19;perdu;en attente
23/04/2023;Formation;2500,50;500,10;3000,60;photo floue;en attente
17/03/2023;Taxi/VTC;2500,50;500,10;3000,60;photo floue;en attente
06/01/2023;Fournitures;7500,00;1500,00;9000,00;photo floue;en attente
17/10/2022;Restaurant;488,99;97,80;586,79;non;valide
28/08/2023;Taxi/VTC;100,50;20,10;120,60;oui;en attente
08/05/2022;Telecom;3292,00;658,40;3950,40;photo floue;valide
14/05/2022;Informatique;782,00;156,40;938,40;perdu;rejete
28/07/2023;Transport;250,00;50,00;300,00;non;rejete
05/11/2023;Hotel;2500,00;500,00;3000,00;oui;en attente
03/07/2022;Taxi/VTC;1500,00;300,00;1800,00;oui;rejete
31/03/2023;Representation;90,00;18,00;108,00;oui;en attente
11/01/2023;Telecom;400,00;80,00;480,00;oui;rejete
09/04/2022;Transport;100,00;20,00;120,00;non;valide
04/12/2023;Representation;250,00;50,00;300,00;non;en attente
28/09/2023;Taxi/VTC;890,00;178,00;1068,00;photo floue;rejete
06/01/2022;Taxi/VTC;800,00;160,00;960,00;non;en attente
20/05/2023;Representation;5500,50;1100,10;6600,60;perdu;valide
03/07/2022;Formation;6000,00;1200,00;7200,00;perdu;valide
28/11/2022;Taxi/VTC;175,50;35,10;210,60;oui;rejete
27/08/2022;Representation;350,99;70,20;421,19;photo floue;valide
13/02/2023;Telecom;900,99;180,20;1081,19;non;valide
08/10/2023;Hotel;1000,00;200,00;1200,00;perdu;rejete
06/07/2022;Deplacement;250,00;50,00;300,00;oui;rejete
28/08/2022;Hotel;1802,00;360,40;2162,40;non;rejete
06/11/2023;Formation;120,00;24,00;144,00;photo floue;en attente
08/10/2023;Informatique;150,00;30,00;180,00;perdu;en attente
18/10/2022;Formation;1325,50;265,10;1590,60;photo floue;valide
20/07/2022;Taxi/VTC;6000,00;1200,00;7200,00;oui;en attente
21/09/2022;Hotel;7000,00;1400,00;8400,00;oui;en attente
19/04/2023;Hotel;2698,50;539,70;3238,20;perdu;rejete
11/07/2022;Fournitures;4500,50;900,10;5400,60;perdu;rejete
09/03/2023;Deplacement;900,50;180,10;1080,60;non;rejete
16/09/2022;Taxi/VTC;8000,99;1600,20;9601,19;non;rejete
03/06/2023;Hotel;6000,00;1200,00;7200,00;oui;valide
11/04/2023;Taxi/VTC;2500,00;500,00;3000,00;non;rejete
17/04/2023;Hotel;500,99;100,20;601,19;oui;en attente
31/03/2023;Telecom;850,99;170,20;1021,19;photo floue;valide
26/06/2023;Restaurant;650,00;130,00;780,00;non;en attente
21/04/2022;Transport;3729,00;745,80;4474,80;photo floue;en attente
24/02/2023;Formation;4211,99;842,40;5054,39;oui;rejete
11/06/2022;Formation;4840,00;968,00;5808,00;non;rejete
23/09/2023;Deplacement;700,99;140,20;841,19;photo floue;rejete
26/11/2022;Telecom;1200,99;240,20;1441,19;non;rejete
06/03/2023;Informatique;350,50;70,10;420,60;perdu;rejete
19/02/2023;Formation;246,00;49,20;295,20;perdu;rejete
10/12/2023;Fournitures;450,99;90,20;541,19;photo floue;rejete
04/03/2023;Informatique;6000,99;1200,20;7201,19;perdu;en attente
12/06/2022;Telecom;800,99;160,20;961,19;non;en attente
30/10/2023;Restaurant;75,00;15,00;90,00;oui;rejete
24/11/2022;Representation;950,00;190,00;1140,00;oui;valide
25/03/2023;Transport;1000,00;200,00;1200,00;oui;rejete
30/08/2022;Transport;300,50;60,10;360,60;photo floue;valide
21/01/2022;Hotel;550,00;110,00;660,00;non;rejete
30/03/2023;Fournitures;2000,00;400,00;2400,00;oui;rejete
12/11/2023;Fournitures;900,00;180,00;1080,00;non;rejete
20/11/2022;Fournitures;150,50;30,10;180,60;oui;en attente
22/08/2022;Representation;2422,99;484,60;2907,59;non;valide
05/03/2023;Formation;300,00;60,00;360,00;oui;rejete
05/02/2023;Telecom;350,00;70,00;420,00;perdu;en attente
20/04/2023;Transport;2352,99;470,60;2823,59;photo floue;en attente
02/04/2023;Formation;250,50;50,10;300,60;photo floue;en attente
25/10/2022;Taxi/VTC;1500,99;300,20;1801,19;non;rejete
09/05/2022;Restaurant;2613,50;522,70;3136,20;perdu;en attente
15/12/2022;Deplacement;4000,50;800,10;4800,60;perdu;valide
15/12/2023;Representation;4000,50;800,10;4800,60;photo floue;rejete
18/03/2023;Taxi/VTC;1000,00;200,00;1200,00;perdu;rejete
20/06/2023;Restaurant;9500,00;1900,00;11400,00;perdu;rejete
15/12/2022;Taxi/VTC;700,00;140,00;840,00;non;rejete
30/01/2023;Fournitures;750,00;150,00;900,00;oui;rejete
08/02/2022;Taxi/VTC;2546,00;509,20;3055,20;photo floue;en attente
25/08/2022;Informatique;2066,00;413,20;2479,20;perdu;valide
22/06/2023;Formation;400,50;80,10;480,60;non;rejete
25/11/2023;Taxi/VTC;850,00;170,00;1020,00;non;rejete
05/07/2022;Telecom;150,00;30,00;180,00;photo floue;valide
01/06/2023;Telecom;4014,99;803,00;4817,99;photo floue;en attente
14/03/2023;Informatique;2000,00;400,00;2400,00;oui;rejete
11/12/2022;Deplacement;5000,00;1000,00;6000,00;oui;rejete
21/07/2022;Telecom;90,00;18,00;108,00;oui;en attente
02/05/2022;Deplacement;693,00;138,60;831,60;oui;valide
19/11/2022;Fournitures;6000,50;1200,10;7200,60;photo floue;rejete
29/01/2023;Transport;1986,50;397,30;2383,80;oui;rejete
24/07/2023;Restaurant;600,00;120,00;720,00;photo floue;rejete
13/01/2022;Representation;800,99;160,20;961,19;non;rejete
15/10/2022;Informatique;95,99;19,20;115,19;non;rejete
20/12/2023;Transport;2000,00;400,00;2400,00;non;valide
14/04/2022;Fournitures;2881,99;576,40;3458,39;non;rejete
14/05/2022;Formation;5000,00;1000,00;6000,00;oui;en attente
11/12/2022;Telecom;750,00;150,00;900,00;photo floue;en attente
28/01/2023;Hotel;850,99;170,20;1021,19;perdu;valide
20/01/2022;Restaurant;4065,50;813,10;4878,60;non;en attente
13/03/2023;Transport;500,00;100,00;600,00;perdu;en attente
07/07/2023;Restaurant;800,00;160,00;960,00;perdu;rejete
10/04/2022;Hotel;2000,00;400,00;2400,00;oui;valide
27/11/2023;Taxi/VTC;3500,99;700,20;4201,19;perdu;rejete
08/12/2023;Restaurant;1500,50;300,10;1800,60;oui;rejete
28/11/2023;Telecom;150,99;30,20;181,19;oui;rejete
24/06/2022;Transport;350,00;70,00;420,00;oui;valide
08/07/2023;Deplacement;3500,00;700,00;4200,00;photo floue;en attente
21/12/2022;Restaurant;500,00;100,00;600,00;photo floue;en attente
29/06/2022;Representation;2003,00;400,60;2403,60;oui;valide
15/09/2022;Informatique;900,00;180,00;1080,00;non;valide
23/12/2022;Restaurant;90,00;18,00;108,00;photo floue;en attente
30/11/2022;Representation;4000,00;800,00;4800,00;non;rejete
08/05/2022;Fournitures;2575,00;515,00;3090,00;oui;rejete
04/09/2022;Hotel;600,00;120,00;720,00;photo floue;en attente
12/09/2022;Telecom;2171,50;434,30;2605,80;perdu;rejete
05/06/2022;Formation;491,99;98,40;590,39;non;rejete
01/02/2022;Taxi/VTC;300,00;60,00;360,00;non;rejete
04/05/2023;Representation;650,99;130,20;781,19;oui;rejete
21/08/2023;Deplacement;2299,50;459,90;2759,40;perdu;rejete
07/02/2023;Transport;95,99;19,20;115,19;non;valide
30/08/2022;Transport;3500,00;700,00;4200,00;photo floue;rejete
11/07/2022;Representation;120,50;24,10;144,60;oui;valide
05/01/2022;Representation;259,00;51,80;310,80;perdu;en attente
10/01/2022;Transport;3282,50;656,50;3939,00;oui;valide
20/05/2022;Informatique;800,00;160,00;960,00;perdu;valide
22/07/2022;Informatique;400,00;80,00;480,00;perdu;rejete
30/11/2023;Formation;950,50;190,10;1140,60;perdu;en attente
10/11/2023;Representation;6000,00;1200,00;7200,00;non;rejete
21/11/2023;Formation;750,99;150,20;901,19;perdu;rejete
05/04/2023;Informatique;650,00;130,00;780,00;oui;en attente
23/12/2022;Informatique;1957,00;391,40;2348,40;non;rejete
26/12/2023;Representation;3835,00;767,00;4602,00;non;en attente
09/12/2023;Formation;779,50;155,90;935,40;non;rejete
10/05/2022;Representation;846,00;169,20;1015,20;perdu;en attente
15/01/2022;Transport;90,00;18,00;108,00;photo floue;valide
08/02/2022;Informatique;800,00;160,00;960,00;oui;en attente
29/03/2022;Representation;950,00;190,00;1140,00;photo floue;valide
02/06/2023;Taxi/VTC;200,00;40,00;240,00;perdu;rejete
15/02/2023;Deplacement;700,00;140,00;840,00;non;rejete
16/09/2023;Deplacement;1800,00;360,00;2160,00;non;rejete
22/04/2022;Deplacement;1800,00;360,00;2160,00;photo floue;valide
01/12/2022;Fournitures;700,99;140,20;841,19;perdu;en attente
11/04/2022;Informatique;80,99;16,20;97,19;photo floue;valide
27/03/2022;Deplacement;5000,50;1000,10;6000,60;perdu;rejete
29/07/2022;Fournitures;450,00;90,00;540,00;non;rejete
09/01/2022;Telecom;3805,99;761,20;4567,19;perdu;rejete
14/08/2023;Deplacement;4631,99;926,40;5558,39;perdu;rejete
30/06/2022;Telecom;950,99;190,20;1141,19;non;en attente
05/04/2022;Formation;2653,00;530,60;3183,60;photo floue;en attente
13/02/2023;Hotel;4071,00;814,20;4885,20;non;en attente
01/01/2023;Restaurant;350,00;70,00;420,00;photo floue;rejete
03/12/2022;Informatique;3500,99;700,20;4201,19;oui;valide
20/08/2023;Formation;600,00;120,00;720,00;photo floue;valide
10/08/2023;Hotel;750,00;150,00;900,00;perdu;en attente
16/04/2023;Representation;900,00;180,00;1080,00;photo floue;valide
31/10/2022;Fournitures;900,00;180,00;1080,00;oui;rejete
30/08/2023;Deplacement;7000,50;1400,10;8400,60;perdu;valide
12/01/2023;Informatique;75,00;15,00;90,00;perdu;rejete
25/02/2023;Fournitures;550,00;110,00;660,00;perdu;rejete
24/09/2023;Representation;550,00;110,00;660,00;perdu;en attente
08/04/2023;Representation;500,00;100,00;600,00;non;valide
08/04/2023;Telecom;750,99;150,20;901,19;non;valide
25/07/2023;Hotel;1262,00;252,40;1514,40;non;valide
25/07/2022;Telecom;175,50;35,10;210,60;oui;valide
16/07/2023;Telecom;150,00;30,00;180,00;perdu;rejete
23/03/2022;Transport;550,99;110,20;661,19;perdu;en attente
18/04/2023;Restaurant;850,50;170,10;1020,60;non;en attente
24/02/2023;Taxi/VTC;90,99;18,20;109,19;photo floue;valide
18/07/2023;Hotel;4100,50;820,10;4920,60;non;rejete
19/09/2022;Transport;500,50;100,10;600,60;oui;valide
17/04/2022;Telecom;90,00;18,00;108,00;non;en attente
01/08/2023;Taxi/VTC;2000,00;400,00;2400,00;perdu;rejete
26/01/2023;Informatique;4500,00;900,00;5400,00;perdu;rejete
13/09/2022;Telecom;1285,00;257,00;1542,00;perdu;valide
02/12/2022;Transport;6000,00;1200,00;7200,00;non;valide
28/06/2023;Telecom;5500,00;1100,00;6600,00;photo floue;en attente
11/12/2022;Deplacement;4000,99;800,20;4801,19;perdu;valide
04/10/2023;Restaurant;650,50;130,10;780,60;non;en attente
27/12/2022;Deplacement;750,50;150,10;900,60;photo floue;rejete
28/08/2023;Restaurant;2000,00;400,00;2400,00;non;en attente
22/08/2022;Deplacement;150,50;30,10;180,60;perdu;valide
26/03/2023;Taxi/VTC;2850,00;570,00;3420,00;photo floue;valide
01/09/2023;Fournitures;650,00;130,00;780,00;perdu;rejete
17/12/2022;Formation;600,00;120,00;720,00;non;rejete
22/04/2022;Fournitures;900,00;180,00;1080,00;oui;rejete
20/08/2022;Representation;550,99;110,20;661,19;oui;valide
23/09/2022;Informatique;4689,50;937,90;5627,40;oui;rejete
15/09/2023;Taxi/VTC;700,99;140,20;841,19;perdu;en attente
20/12/2023;Hotel;1016,99;203,40;1220,39;oui;en attente
11/11/2023;Taxi/VTC;120,00;24,00;144,00;photo floue;rejete
28/12/2023;Deplacement;4500,99;900,20;5401,19;oui;rejete
07/10/2022;Telecom;200,00;40,00;240,00;oui;valide
02/01/2022;Hotel;150,00;30,00;180,00;perdu;en attente
05/06/2023;Transport;500,99;100,20;601,19;oui;valide
19/10/2023;Representation;1856,50;371,30;2227,80;photo floue;rejete
16/12/2023;Telecom;8000,00;1600,00;9600,00;non;valide
03/07/2022;Telecom;300,00;60,00;360,00;non;valide
22/11/2023;Restaurant;8000,99;1600,20;9601,19;oui;valide
13/06/2022;Telecom;750,99;150,20;901,19;perdu;en attente
17/10/2022;Formation;8000,50;1600,10;9600,60;perdu;valide
01/04/2022;Informatique;2363,00;472,60;2835,60;perdu;en attente
25/01/2023;Telecom;3000,00;600,00;3600,00;non;rejete
09/06/2022;Restaurant;900,00;180,00;1080,00;perdu;en attente
29/04/2023;Taxi/VTC;350,00;70,00;420,00;non;valide
02/02/2023;Deplacement;900,50;180,10;1080,60;photo floue;valide
19/01/2023;Telecom;750,00;150,00;900,00;photo floue;rejete
03/09/2022;Formation;4394,50;878,90;5273,40;oui;valide
17/01/2023;Transport;3295,99;659,20;3955,19;photo floue;valide
18/04/2023;Fournitures;850,99;170,20;1021,19;non;valide
26/11/2022;Deplacement;50,50;10,10;60,60;non;valide
31/05/2023;Restaurant;900,00;180,00;1080,00;non;valide
06/07/2022;Hotel;850,99;170,20;1021,19;non;en attente
10/10/2022;Taxi/VTC;350,50;70,10;420,60;photo floue;rejete
03/10/2022;Hotel;900,00;180,00;1080,00;oui;en attente
10/02/2023;Informatique;400,99;80,20;481,19;photo floue;rejete
21/11/2022;Telecom;900,99;180,20;1081,19;perdu;en attente
01/12/2023;Telecom;2398,00;479,60;2877,60;oui;valide
23/09/2022;Restaurant;919,00;183,80;1102,80;non;rejete
24/11/2023;Informatique;800,00;160,00;960,00;oui;valide
31/12/2022;Transport;120,00;24,00;144,00;photo floue;en attente
06/12/2023;Deplacement;80,99;16,20;97,19;perdu;valide
01/10/2022;Formation;4500,00;900,00;5400,00;oui;rejete
25/11/2023;Transport;2500,50;500,10;3000,60;non;en attente
11/06/2022;Formation;800,00;160,00;960,00;oui;valide
11/01/2022;Representation;750,00;150,00;900,00;photo floue;en attente
16/06/2022;Transport;95,00;19,00;114,00;oui;valide
27/08/2023;Representation;950,99;190,20;1141,19;non;en attente
03/10/2023;Restaurant;450,00;90,00;540,00;oui;valide
20/08/2022;Informatique;3055,99;611,20;3667,19;non;en attente
05/08/2023;Restaurant;1103,50;220,70;1324,20;photo floue;valide
20/09/2022;Taxi/VTC;7500,00;1500,00;9000,00;oui;en attente
04/06/2022;Deplacement;100,99;20,20;121,19;perdu;valide
12/08/2022;Hotel;250,50;50,10;300,60;photo floue;en attente
05/09/2023;Deplacement;4500,50;900,10;5400,60;photo floue;rejete
08/07/2023;Fournitures;1951,00;390,20;2341,20;perdu;en attente
10/12/2023;Informatique;4500,00;900,00;5400,00;non;rejete
18/10/2023;Transport;600,50;120,10;720,60;oui;rejete
19/05/2022;Informatique;3500,00;700,00;4200,00;photo floue;rejete
25/03/2022;Hotel;900,99;180,20;1081,19;perdu;rejete
03/03/2022;Informatique;4500,00;900,00;5400,00;perdu;en attente
07/12/2023;Restaurant;1800,50;360,10;2160,60;non;rejete
04/05/2023;Formation;7000,50;1400,10;8400,60;perdu;rejete
13/03/2023;Representation;1000,00;200,00;1200,00;oui;rejete
22/10/2023;Restaurant;300,99;60,20;361,19;photo floue;rejete
18/08/2022;Informatique;1800,00;360,00;2160,00;perdu;valide
11/05/2022;Telecom;1472,00;294,40;1766,40;photo floue;rejete
08/11/2023;Informatique;1000,00;200,00;1200,00;oui;rejete
31/12/2023;Fournitures;1000,99;200,20;1201,19;non;rejete
27/11/2022;Deplacement;600,50;120,10;720,60;non;en attente
28/12/2022;Deplacement;900,00;180,00;1080,00;oui;en attente
19/06/2023;Representation;3692,00;738,40;4430,40;perdu;en attente
27/02/2022;Informatique;4500,00;900,00;5400,00;perdu;rejete
25/03/2022;Deplacement;4157,99;831,60;4989,59;perdu;en attente
17/04/2023;Informatique;8000,00;1600,00;9600,00;perdu;en attente
07/10/2022;Fournitures;2651,00;530,20;3181,20;perdu;rejete
20/08/2023;Informatique;850,00;170,00;1020,00;oui;rejete
09/04/2022;Representation;293,00;58,60;351,60;photo floue;rejete
07/07/2023;Formation;2000,99;400,20;2401,19;photo floue;en attente
20/11/2023;Restaurant;1800,00;360,00;2160,00;oui;en attente
04/07/2022;Informatique;500,00;100,00;600,00;photo floue;en attente
28/02/2022;Formation;100,00;20,00;120,00;perdu;rejete
07/11/2022;Transport;850,00;170,00;1020,00;oui;rejete
19/10/2022;Telecom;4000,00;800,00;4800,00;non;valide
24/08/2023;Fournitures;4923,00;984,60;5907,60;non;valide
12/09/2023;Taxi/VTC;3500,00;700,00;4200,00;non;valide
17/02/2023;Representation;1000,99;200,20;1201,19;non;rejete
15/10/2022;Taxi/VTC;8000,00;1600,00;9600,00;non;en attente
13/04/2023;Restaurant;300,00;60,00;360,00;photo floue;rejete
02/04/2023;Deplacement;8000,50;1600,10;9600,60;perdu;rejete
11/10/2023;Formation;250,50;50,10;300,60;non;en attente
16/10/2023;Fournitures;400,00;80,00;480,00;non;valide
29/07/2023;Telecom;8500,50;1700,10;10200,60;oui;valide
22/10/2023;Hotel;4783,99;956,80;5740,79;non;rejete
30/08/2023;Taxi/VTC;1000,00;200,00;1200,00;oui;valide
12/05/2022;Deplacement;4000,00;800,00;4800,00;non;valide
08/09/2023;Transport;5000,50;1000,10;6000,60;photo floue;valide
14/01/2023;Representation;750,00;150,00;900,00;photo floue;rejete
29/06/2022;Representation;250,00;50,00;300,00;perdu;valide
16/06/2023;Restaurant;500,99;100,20;601,19;non;valide
18/10/2022;Transport;2500,00;500,00;3000,00;photo floue;rejete
29/11/2023;Deplacement;800,50;160,10;960,60;photo floue;rejete
16/10/2023;Fournitures;1944,00;388,80;2332,80;non;rejete
21/03/2022;Taxi/VTC;120,00;24,00;144,00;perdu;rejete
12/10/2022;Taxi/VTC;396,50;79,30;475,80;oui;rejete
09/07/2022;Taxi/VTC;1000,00;200,00;1200,00;oui;rejete
14/02/2022;Transport;9000,00;1800,00;10800,00;non;valide
09/01/2022;Fournitures;450,50;90,10;540,60;photo floue;valide
08/03/2022;Fournitures;2500,00;500,00;3000,00;oui;valide
09/01/2022;Transport;6000,99;1200,20;7201,19;oui;valide
30/11/2023;Informatique;800,00;160,00;960,00;oui;rejete
29/05/2022;Deplacement;700,99;140,20;841,19;oui;en attente
26/11/2022;Hotel;5000,00;1000,00;6000,00;oui;rejete
04/11/2022;Fournitures;100,50;20,10;120,60;non;rejete
09/09/2023;Taxi/VTC;1800,99;360,20;2161,19;perdu;valide
12/08/2023;Transport;5000,50;1000,10;6000,60;non;valide
19/03/2022;Hotel;3001,00;600,20;3601,20;non;en attente
02/02/2023;Hotel;9999,99;2000,00;11999,99;perdu;rejete
18/01/2023;Representation;1000,00;200,00;1200,00;perdu;en attente
03/06/2022;Restaurant;350,99;70,20;421,19;oui;en attente
29/01/2022;Deplacement;8000,00;1600,00;9600,00;non;valide
01/11/2022;Taxi/VTC;750,50;150,10;900,60;non;valide
06/07/2022;Fournitures;100,00;20,00;120,00;perdu;rejete
23/01/2023;Telecom;6000,99;1200,20;7201,19;non;rejete
27/12/2022;Hotel;1500,00;300,00;1800,00;photo floue;en attente
20/01/2022;Deplacement;800,00;160,00;960,00;oui;valide
30/01/2022;Formation;950,00;190,00;1140,00;photo floue;rejete
27/08/2023;Hotel;5000,00;1000,00;6000,00;photo floue;valide
14/04/2023;Informatique;800,00;160,00;960,00;photo floue;valide
01/07/2022;Formation;850,50;170,10;1020,60;perdu;en attente
15/01/2023;Representation;500,99;100,20;601,19;photo floue;rejete
25/09/2022;Taxi/VTC;6000,99;1200,20;7201,19;non;rejete
26/12/2023;Fournitures;120,00;24,00;144,00;non;rejete
15/09/2022;Transport;3000,00;600,00;3600,00;photo floue;rejete
14/12/2023;Transport;300,00;60,00;360,00;oui;rejete
13/11/2023;Restaurant;9999,00;1999,80;11998,80;oui;en attente
03/08/2022;Transport;900,00;180,00;1080,00;photo floue;rejete
23/03/2023;Representation;900,00;180,00;1080,00;photo floue;en attente
19/02/2023;Hotel;849,00;169,80;1018,80;non;rejete
05/10/2023;Fournitures;2500,50;500,10;3000,60;photo floue;valide
21/01/2023;Fournitures;1520,00;304,00;1824,00;oui;valide
29/03/2022;Restaurant;200,00;40,00;240,00;non;rejete
06/11/2022;Restaurant;1496,00;299,20;1795,20;oui;en attente
17/12/2022;Taxi/VTC;95,00;19,00;114,00;perdu;en attente
11/11/2023;Informatique;550,00;110,00;660,00;non;valide
31/07/2023;Informatique;1000,00;200,00;1200,00;non;rejete
29/10/2023;Transport;2048,00;409,60;2457,60;non;en attente
28/12/2022;Representation;900,99;180,20;1081,19;perdu;en attente
20/10/2022;Informatique;1200,99;240,20;1441,19;oui;en attente
02/01/2023;Transport;9999,00;1999,80;11998,80;photo floue;rejete
06/03/2022;Transport;300,00;60,00;360,00;non;rejete
27/11/2022;Representation;650,00;130,00;780,00;oui;rejete
25/04/2022;Telecom;4988,00;997,60;5985,60;perdu;en attente
15/12/2023;Taxi/VTC;200,99;40,20;241,19;photo floue;en attente
18/01/2022;Taxi/VTC;750,00;150,00;900,00;photo floue;en attente
10/05/2022;Restaurant;850,00;170,00;1020,00;non;rejete
16/09/2022;Fournitures;5500,99;1100,20;6601,19;oui;valide
08/08/2022;Hotel;400,50;80,10;480,60;perdu;valide
05/09/2022;Fournitures;1254,00;250,80;1504,80;non;rejete
31/08/2022;Deplacement;450,00;90,00;540,00;oui;en attente
23/01/2022;Informatique;450,00;90,00;540,00;oui;en attente
30/05/2022;Restaurant;90,50;18,10;108,60;non;en attente
11/02/2022;Restaurant;750,00;150,00;900,00;non;en attente
19/01/2023;Formation;90,50;18,10;108,60;non;valide
19/05/2022;Deplacement;90,00;18,00;108,00;non;valide
13/05/2022;Representation;100,99;20,20;121,19;photo floue;en attente
26/03/2023;Formation;5500,00;1100,00;6600,00;non;en attente
23/09/2022;Formation;6000,50;1200,10;7200,60;oui;en attente
30/03/2023;Formation;3000,99;600,20;3601,19;oui;valide
03/11/2023;Representation;3940,99;788,20;4729,19;perdu;en attente
01/02/2023;Restaurant;3500,50;700,10;4200,60;photo floue;valide
20/12/2023;Restaurant;650,99;130,20;781,19;perdu;rejete
26/09/2022;Telecom;1500,99;300,20;1801,19;photo floue;rejete
07/01/2022;Restaurant;4449,00;889,80;5338,80;photo floue;rejete
15/01/2022;Informatique;1711,00;342,20;2053,20;photo floue;valide
29/05/2023;Telecom;175,50;35,10;210,60;photo floue;en attente
28/12/2022;Taxi/VTC;2500,00;500,00;3000,00;photo floue;rejete
10/10/2022;Taxi/VTC;8500,99;1700,20;10201,19;non;rejete
28/08/2023;Restaurant;450,00;90,00;540,00;oui;rejete
04/08/2023;Fournitures;7500,00;1500,00;9000,00;photo floue;en attente
27/10/2023;Fournitures;300,99;60,20;361,19;oui;en attente
27/07/2022;Taxi/VTC;7000,00;1400,00;8400,00;perdu;valide
17/01/2022;Restaurant;1200,00;240,00;1440,00;non;en attente
20/03/2023;Formation;750,50;150,10;900,60;perdu;valide
16/07/2023;Formation;800,50;160,10;960,60;perdu;rejete
10/11/2023;Fournitures;2000,00;400,00;2400,00;perdu;valide
17/11/2023;Fournitures;2222,00;444,40;2666,40;oui;en attente
09/01/2023;Taxi/VTC;90,00;18,00;108,00;oui;en attente
11/02/2022;Representation;1500,00;300,00;1800,00;non;rejete
12/04/2023;Representation;3500,50;700,10;4200,60;oui;en attente
06/07/2023;Informatique;2567,00;513,40;3080,40;oui;valide
12/12/2022;Informatique;900,50;180,10;1080,60;perdu;rejete
11/07/2023;Transport;4574,99;915,00;5489,99;perdu;en attente
29/03/2023;Transport;700,50;140,10;840,60;photo floue;valide
29/04/2022;Taxi/VTC;120,00;24,00;144,00;perdu;valide
13/01/2023;Deplacement;498,00;99,60;597,60;perdu;valide
23/04/2022;Deplacement;6000,00;1200,00;7200,00;non;valide
08/11/2023;Hotel;120,50;24,10;144,60;photo floue;rejete
23/06/2023;Transport;200,50;40,10;240,60;photo floue;rejete
20/09/2023;Representation;1800,00;360,00;2160,00;oui;valide
07/06/2023;Transport;1200,00;240,00;1440,00;oui;valide
26/09/2022;Formation;150,50;30,10;180,60;perdu;rejete
06/01/2023;Informatique;2474,00;494,80;2968,80;non;en attente
08/07/2023;Telecom;3239,00;647,80;3886,80;non;valide
14/04/2023;Restaurant;400,00;80,00;480,00;photo floue;en attente
28/07/2022;Fournitures;8000,50;1600,10;9600,60;photo floue;rejete
26/01/2023;Representation;1200,00;240,00;1440,00;non;valide
18/11/2023;Fournitures;800,99;160,20;961,19;perdu;en attente
12/02/2023;Deplacement;3784,00;756,80;4540,80;non;valide
09/09/2022;Hotel;4807,99;961,60;5769,59;non;valide
15/02/2023;Transport;584,00;116,80;700,80;non;en attente
08/07/2023;Restaurant;300,99;60,20;361,19;non;rejete
23/07/2023;Formation;1596,00;319,20;1915,20;perdu;en attente
17/01/2023;Informatique;900,99;180,20;1081,19;non;en attente
03/07/2023;Transport;95,00;19,00;114,00;non;rejete
01/01/2022;Representation;1000,99;200,20;1201,19;non;en attente
16/05/2023;Deplacement;350,00;70,00;420,00;non;valide
10/09/2023;Informatique;3631,50;726,30;4357,80;oui;en attente
30/09/2023;Taxi/VTC;966,00;193,20;1159,20;perdu;en attente
14/12/2022;Deplacement;1200,99;240,20;1441,19;photo floue;rejete
17/12/2022;Representation;50,50;10,10;60,60;perdu;en attente
27/05/2023;Restaurant;500,00;100,00;600,00;perdu;rejete
24/09/2023;Informatique;400,00;80,00;480,00;oui;rejete
26/02/2022;Restaurant;371,99;74,40;446,39;non;valide
28/05/2023;Transport;6000,00;1200,00;7200,00;perdu;valide
13/09/2022;Fournitures;900,99;180,20;1081,19;photo floue;rejete
21/11/2023;Fournitures;350,00;70,00;420,00;oui;rejete
25/08/2022;Deplacement;6000,99;1200,20;7201,19;non;en attente
21/11/2023;Deplacement;4500,00;900,00;5400,00;oui;en attente
25/06/2022;Taxi/VTC;3820,00;764,00;4584,00;oui;rejete
13/07/2022;Fournitures;1200,99;240,20;1441,19;photo floue;en attente
30/06/2023;Telecom;1000,99;200,20;1201,19;photo floue;valide
23/11/2023;Taxi/VTC;1200,00;240,00;1440,00;photo floue;en attente
18/11/2022;Hotel;7500,00;1500,00;9000,00;photo floue;en attente
11/10/2023;Telecom;908,00;181,60;1089,60;non;valide
14/10/2023;Informatique;2000,00;400,00;2400,00;perdu;rejete
04/06/2023;Hotel;5000,00;1000,00;6000,00;perdu;valide
07/07/2022;Taxi/VTC;800,00;160,00;960,00;perdu;en attente
10/12/2022;Formation;150,99;30,20;181,19;non;rejete
15/11/2023;Restaurant;4000,99;800,20;4801,19;oui;en attente
10/08/2022;Representation;4500,99;900,20;5401,19;photo floue;en attente
02/05/2022;Restaurant;1978,00;395,60;2373,60;photo floue;en attente
21/11/2023;Informatique;4994,00;998,80;5992,80;non;en attente
13/11/2023;Restaurant;1000,00;200,00;1200,00;oui;valide
03/01/2022;Hotel;8000,99;1600,20;9601,19;oui;valide
10/10/2023;Hotel;150,00;30,00;180,00;perdu;valide
03/02/2023;Fournitures;5000,00;1000,00;6000,00;perdu;en attente
03/09/2022;Formation;1200,50;240,10;1440,60;photo floue;rejete
12/10/2022;Formation;3500,99;700,20;4201,19;perdu;valide
29/10/2023;Restaurant;900,50;180,10;1080,60;perdu;en attente
22/02/2022;Representation;8500,00;1700,00;10200,00;non;valide
07/08/2022;Telecom;2500,00;500,00;3000,00;oui;rejete
22/02/2022;Representation;7500,00;1500,00;9000,00;non;rejete
29/12/2023;Representation;900,00;180,00;1080,00;non;valide
10/01/2023;Deplacement;800,50;160,10;960,60;non;rejete
05/07/2022;Formation;600,00;120,00;720,00;oui;rejete
11/07/2023;Transport;95,00;19,00;114,00;photo floue;en attente
13/10/2023;Hotel;550,50;110,10;660,60;oui;valide
21/12/2022;Deplacement;2621,99;524,40;3146,39;perdu;en attente
11/05/2023;Deplacement;2500,00;500,00;3000,00;perdu;rejete
29/01/2023;Hotel;1200,00;240,00;1440,00;perdu;en attente
17/01/2023;Deplacement;2000,00;400,00;2400,00;photo floue;valide
03/05/2023;Deplacement;900,00;180,00;1080,00;perdu;en attente
16/01/2022;Deplacement;1000,50;200,10;1200,60;photo floue;valide
23/04/2022;Transport;800,00;160,00;960,00;perdu;valide
21/05/2023;Transport;1000,50;200,10;1200,60;non;valide
15/02/2023;Representation;120,00;24,00;144,00;photo floue;valide
30/04/2023;Taxi/VTC;6000,99;1200,20;7201,19;non;valide
09/05/2023;Fournitures;827,50;165,50;993,00;photo floue;rejete
09/12/2023;Fournitures;1800,50;360,10;2160,60;non;en attente
24/07/2022;Informatique;9999,00;1999,80;11998,80;oui;en attente
09/01/2023;Transport;4500,00;900,00;5400,00;oui;en attente
05/03/2023;Telecom;814,50;162,90;977,40;oui;en attente
04/06/2022;Informatique;650,00;130,00;780,00;oui;rejete
16/04/2023;Hotel;500,50;100,10;600,60;oui;valide
17/03/2022;Telecom;2500,00;500,00;3000,00;oui;valide
02/02/2023;Transport;2000,50;400,10;2400,60;oui;rejete
21/03/2022;Formation;3384,99;677,00;4061,99;perdu;rejete
16/04/2022;Formation;850,00;170,00;1020,00;oui;valide
10/08/2022;Representation;4000,99;800,20;4801,19;non;rejete
15/10/2022;Formation;850,99;170,20;1021,19;photo floue;en attente
19/12/2023;Restaurant;8000,00;1600,00;9600,00;non;rejete
14/12/2023;Formation;3009,00;601,80;3610,80;photo floue;en attente
03/05/2023;Fournitures;500,00;100,00;600,00;oui;valide
27/10/2022;Hotel;8500,00;1700,00;10200,00;non;rejete
08/05/2022;Informatique;450,00;90,00;540,00;perdu;en attente
26/05/2022;Hotel;1000,00;200,00;1200,00;photo floue;valide
10/01/2023;Fournitures;7500,00;1500,00;9000,00;perdu;rejete
21/08/2023;Hotel;5500,00;1100,00;6600,00;oui;en attente
25/02/2022;Taxi/VTC;7500,99;1500,20;9001,19;oui;rejete
13/09/2023;Telecom;600,00;120,00;720,00;oui;en attente
29/04/2023;Hotel;900,50;180,10;1080,60;non;valide
07/02/2023;Restaurant;900,99;180,20;1081,19;photo floue;en attente
26/03/2023;Hotel;9500,99;1900,20;11401,19;perdu;valide
29/04/2023;Hotel;1050,00;210,00;1260,00;oui;valide
05/11/2023;Restaurant;900,00;180,00;1080,00;non;valide
24/07/2022;Representation;350,00;70,00;420,00;photo floue;en attente
09/06/2023;Restaurant;950,00;190,00;1140,00;photo floue;valide
24/12/2022;Taxi/VTC;600,50;120,10;720,60;perdu;en attente
19/06/2023;Transport;900,00;180,00;1080,00;oui;valide
14/01/2023;Informatique;150,00;30,00;180,00;perdu;valide
14/07/2022;Transport;175,00;35,00;210,00;oui;rejete
30/06/2022;Hotel;100,00;20,00;120,00;photo floue;rejete
07/08/2022;Informatique;550,00;110,00;660,00;oui;rejete
20/10/2023;Fournitures;3595,00;719,00;4314,00;perdu;valide
16/01/2023;Restaurant;800,00;160,00;960,00;non;rejete
18/01/2022;Informatique;800,99;160,20;961,19;oui;rejete
18/03/2023;Informatique;2500,00;500,00;3000,00;photo floue;en attente
08/07/2022;Representation;3617,99;723,60;4341,59;non;valide
30/08/2022;Representation;700,00;140,00;840,00;non;valide
17/08/2023;Deplacement;450,00;90,00;540,00;perdu;valide
28/04/2023;Formation;400,00;80,00;480,00;perdu;valide
01/11/2022;Representation;1527,00;305,40;1832,40;non;en attente
12/01/2023;Telecom;50,50;10,10;60,60;perdu;valide
14/08/2023;Taxi/VTC;5000,99;1000,20;6001,19;oui;valide
16/07/2022;Taxi/VTC;3000,00;600,00;3600,00;photo floue;rejete
08/08/2023;Restaurant;700,00;140,00;840,00;photo floue;valide
05/11/2022;Informatique;2054,00;410,80;2464,80;non;valide
20/09/2023;Fournitures;700,50;140,10;840,60;oui;valide
17/11/2022;Informatique;300,00;60,00;360,00;photo floue;valide
30/07/2023;Telecom;650,00;130,00;780,00;non;en attente
15/04/2023;Telecom;100,99;20,20;121,19;photo floue;rejete
05/09/2023;Transport;1000,00;200,00;1200,00;non;en attente
25/07/2022;Representation;850,00;170,00;1020,00;perdu;en attente
20/07/2022;Telecom;3000,00;600,00;3600,00;photo floue;valide
25/06/2022;Telecom;1800,99;360,20;2161,19;oui;valide
07/09/2023;Restaurant;750,00;150,00;900,00;perdu;en attente
08/03/2023;Taxi/VTC;7500,99;1500,20;9001,19;perdu;en attente
24/10/2022;Transport;1000,99;200,20;1201,19;oui;en attente
28/11/2023;Transport;600,99;120,20;721,19;non;valide
15/11/2022;Deplacement;6000,00;1200,00;7200,00;photo floue;valide
11/05/2023;Telecom;3000,00;600,00;3600,00;non;rejete
31/10/2022;Hotel;1000,00;200,00;1200,00;perdu;rejete
19/07/2023;Restaurant;3500,50;700,10;4200,60;perdu;rejete
17/08/2023;Formation;95,00;19,00;114,00;photo floue;valide
03/02/2022;Deplacement;100,00;20,00;120,00;photo floue;valide
02/11/2023;Representation;550,00;110,00;660,00;non;rejete
20/05/2023;Informatique;450,00;90,00;540,00;perdu;valide
09/04/2023;Telecom;4463,50;892,70;5356,20;oui;rejete
29/11/2023;Hotel;1619,99;324,00;1943,99;photo floue;rejete
28/12/2022;Restaurant;75,99;15,20;91,19;photo floue;en attente
04/12/2023;Representation;1000,50;200,10;1200,60;perdu;valide
15/09/2023;Deplacement;8500,50;1700,10;10200,60;photo floue;rejete
03/06/2022;Transport;200,00;40,00;240,00;photo floue;valide
11/04/2023;Transport;700,00;140,00;840,00;oui;en attente
04/09/2023;Hotel;2500,00;500,00;3000,00;photo floue;valide
10/03/2023;Deplacement;200,00;40,00;240,00;perdu;valide
27/11/2023;Telecom;4051,50;810,30;4861,80;oui;rejete
05/07/2022;Restaurant;950,50;190,10;1140,60;photo floue;valide
13/02/2023;Hotel;1800,99;360,20;2161,19;perdu;rejete
27/04/2023;Taxi/VTC;7000,00;1400,00;8400,00;photo floue;rejete
21/06/2023;Restaurant;950,00;190,00;1140,00;non;en attente
25/08/2022;Taxi/VTC;300,00;60,00;360,00;non;en attente
08/07/2022;Formation;800,00;160,00;960,00;oui;en attente
08/01/2022;Fournitures;3264,50;652,90;3917,40;photo floue;rejete
13/05/2022;Telecom;250,00;50,00;300,00;photo floue;en attente
18/11/2022;Informatique;600,00;120,00;720,00;photo floue;rejete
03/06/2023;Fournitures;700,50;140,10;840,60;non;en attente
21/08/2022;Deplacement;1500,00;300,00;1800,00;perdu;valide
05/06/2023;Telecom;800,50;160,10;960,60;photo floue;rejete
01/08/2023;Restaurant;95,50;19,10;114,60;photo floue;rejete
18/09/2023;Representation;900,99;180,20;1081,19;non;rejete
19/05/2022;Taxi/VTC;9999,50;1999,90;11999,40;photo floue;en attente
26/04/2023;Telecom;600,00;120,00;720,00;perdu;en attente
16/05/2022;Transport;200,50;40,10;240,60;oui;en attente
14/10/2023;Telecom;650,00;130,00;780,00;oui;en attente
24/07/2023;Hotel;7500,50;1500,10;9000,60;photo floue;en attente
26/07/2023;Hotel;100,50;20,10;120,60;oui;valide
18/03/2023;Representation;4882,50;976,50;5859,00;non;valide
21/02/2022;Hotel;6000,99;1200,20;7201,19;perdu;valide
22/05/2023;Telecom;150,50;30,10;180,60;oui;en attente
12/10/2022;Taxi/VTC;500,00;100,00;600,00;perdu;valide
05/04/2023;Formation;1000,00;200,00;1200,00;photo floue;en attente
13/09/2023;Fournitures;250,50;50,10;300,60;non;en attente
16/10/2022;Hotel;4000,99;800,20;4801,19;oui;valide
08/06/2022;Fournitures;800,50;160,10;960,60;non;rejete
08/06/2022;Formation;650,50;130,10;780,60;non;valide
07/03/2023;Transport;80,00;16,00;96,00;perdu;rejete
20/10/2022;Transport;800,00;160,00;960,00;photo floue;rejete
17/12/2023;Deplacement;5500,50;1100,10;6600,60;non;rejete
15/08/2023;Deplacement;120,00;24,00;144,00;perdu;rejete
13/05/2023;Representation;2500,00;500,00;3000,00;photo floue;valide
26/12/2023;Telecom;850,00;170,00;1020,00;perdu;en attente
04/04/2023;Representation;950,00;190,00;1140,00;perdu;valide
06/01/2023;Transport;750,00;150,00;900,00;perdu;en attente
22/03/2022;Restaurant;8000,00;1600,00;9600,00;non;valide
13/02/2022;Deplacement;1800,99;360,20;2161,19;non;valide
29/06/2023;Hotel;600,00;120,00;720,00;oui;valide
14/03/2022;Deplacement;50,00;10,00;60,00;non;rejete
20/05/2023;Fournitures;1079,00;215,80;1294,80;perdu;en attente
05/04/2022;Informatique;3580,99;716,20;4297,19;photo floue;rejete
04/11/2022;Taxi/VTC;2000,50;400,10;2400,60;perdu;rejete
20/03/2023;Hotel;3505,99;701,20;4207,19;photo floue;valide
16/09/2023;Deplacement;600,00;120,00;720,00;oui;rejete
05/04/2023;Formation;247,50;49,50;297,00;non;valide
16/04/2022;Formation;7000,50;1400,10;8400,60;non;rejete
20/02/2023;Representation;150,00;30,00;180,00;photo floue;valide
06/08/2023;Representation;9500,50;1900,10;11400,60;non;en attente
18/06/2022;Taxi/VTC;2028,99;405,80;2434,79;oui;rejete
11/02/2023;Taxi/VTC;574,50;114,90;689,40;non;en attente
18/12/2022;Informatique;4500,00;900,00;5400,00;perdu;en attente
03/05/2022;Deplacement;9500,00;1900,00;11400,00;perdu;en attente
02/09/2023;Informatique;120,00;24,00;144,00;perdu;valide
23/08/2023;Informatique;175,99;35,20;211,19;perdu;en attente
04/03/2022;Deplacement;4500,00;900,00;5400,00;oui;en attente
04/01/2023;Fournitures;900,00;180,00;1080,00;oui;rejete
06/04/2023;Restaurant;300,00;60,00;360,00;perdu;en attente
07/02/2023;Representation;900,00;180,00;1080,00;perdu;valide
20/09/2022;Restaurant;9999,00;1999,80;11998,80;perdu;valide
15/08/2023;Hotel;600,99;120,20;721,19;non;en attente
19/07/2023;Telecom;250,50;50,10;300,60;perdu;valide
22/09/2022;Taxi/VTC;3000,99;600,20;3601,19;oui;en attente
17/10/2023;Transport;2000,00;400,00;2400,00;photo floue;en attente
23/11/2022;Deplacement;1800,99;360,20;2161,19;oui;rejete
17/11/2022;Fournitures;4000,00;800,00;4800,00;perdu;en attente
04/06/2023;Hotel;5000,00;1000,00;6000,00;perdu;en attente
26/06/2023;Transport;2000,00;400,00;2400,00;perdu;rejete
28/04/2023;Transport;3000,99;600,20;3601,19;oui;en attente
06/08/2022;Hotel;697,99;139,60;837,59;oui;rejete
02/06/2022;Informatique;350,00;70,00;420,00;perdu;rejete
24/12/2022;Formation;1200,00;240,00;1440,00;non;valide
06/09/2022;Transport;2500,00;500,00;3000,00;perdu;valide
18/04/2023;Transport;950,00;190,00;1140,00;photo floue;rejete
21/02/2023;Formation;1500,00;300,00;1800,00;oui;en attente
07/03/2022;Formation;850,00;170,00;1020,00;photo floue;rejete
14/01/2022;Formation;4500,00;900,00;5400,00;perdu;valide
01/06/2023;Fournitures;400,00;80,00;480,00;non;en attente
21/12/2023;Fournitures;622,00;124,40;746,40;perdu;valide
09/05/2023;Informatique;2500,00;500,00;3000,00;non;rejete
11/07/2022;Hotel;650,00;130,00;780,00;oui;rejete
24/09/2023;Deplacement;800,99;160,20;961,19;photo floue;en attente
04/05/2022;Restaurant;1500,00;300,00;1800,00;perdu;en attente
25/02/2022;Formation;3351,00;670,20;4021,20;oui;en attente
28/07/2023;Representation;900,99;180,20;1081,19;non;rejete
26/09/2023;Restaurant;650,50;130,10;780,60;non;en attente
12/02/2023;Fournitures;3308,00;661,60;3969,60;oui;rejete
14/06/2023;Restaurant;3000,00;600,00;3600,00;photo floue;rejete
16/08/2023;Transport;2847,00;569,40;3416,40;perdu;en attente
21/04/2022;Fournitures;6000,00;1200,00;7200,00;non;en attente
08/12/2023;Fournitures;1337,50;267,50;1605,00;perdu;rejete
07/07/2023;Hotel;3238,00;647,60;3885,60;non;rejete
15/09/2022;Taxi/VTC;950,99;190,20;1141,19;perdu;valide
25/04/2023;Transport;800,00;160,00;960,00;non;rejete
16/02/2023;Representation;80,00;16,00;96,00;oui;valide
16/12/2022;Transport;650,00;130,00;780,00;perdu;en attente
31/12/2022;Hotel;9000,50;1800,10;10800,60;oui;en attente
26/01/2023;Telecom;300,00;60,00;360,00;oui;valide
06/11/2023;Representation;2452,99;490,60;2943,59;perdu;en attente
24/06/2022;Transport;4500,00;900,00;5400,00;photo floue;rejete
06/04/2022;Informatique;1800,50;360,10;2160,60;non;valide
29/06/2023;Informatique;95,00;19,00;114,00;photo floue;valide
03/12/2022;Formation;4565,50;913,10;5478,60;non;en attente
20/02/2022;Restaurant;4500,00;900,00;5400,00;non;en attente
02/06/2022;Hotel;3000,00;600,00;3600,00;non;en attente
04/04/2023;Hotel;1000,99;200,20;1201,19;non;en attente
15/03/2023;Fournitures;500,00;100,00;600,00;perdu;valide
31/07/2022;Transport;550,50;110,10;660,60;photo floue;en attente
21/05/2023;Formation;2500,00;500,00;3000,00;perdu;en attente
30/08/2023;Restaurant;8500,00;1700,00;10200,00;perdu;en attente
12/03/2023;Transport;750,00;150,00;900,00;non;valide
29/09/2023;Hotel;300,00;60,00;360,00;non;en attente
19/08/2023;Informatique;150,00;30,00;180,00;perdu;en attente
16/10/2023;Restaurant;350,50;70,10;420,60;non;en attente
04/02/2022;Transport;1515,00;303,00;1818,00;photo floue;valide
18/07/2022;Fournitures;8000,00;1600,00;9600,00;non;rejete
23/11/2023;Formation;900,99;180,20;1081,19;non;rejete
02/04/2023;Fournitures;2500,00;500,00;3000,00;oui;rejete
02/03/2023;Fournitures;600,99;120,20;721,19;non;valide
11/04/2023;Restaurant;50,00;10,00;60,00;photo floue;valide
21/12/2022;Restaurant;745,00;149,00;894,00;perdu;rejete
25/07/2022;Taxi/VTC;100,50;20,10;120,60;oui;valide
24/12/2023;Telecom;5500,99;1100,20;6601,19;non;en attente
02/07/2022;Representation;500,00;100,00;600,00;oui;valide
28/07/2023;Informatique;300,00;60,00;360,00;perdu;rejete
26/05/2022;Formation;356,50;71,30;427,80;oui;valide
14/10/2023;Taxi/VTC;2914,00;582,80;3496,80;perdu;en attente
27/10/2023;Restaurant;900,00;180,00;1080,00;non;en attente
18/06/2023;Representation;950,50;190,10;1140,60;non;rejete
05/05/2023;Restaurant;120,00;24,00;144,00;perdu;valide
08/02/2022;Informatique;2033,00;406,60;2439,60;photo floue;rejete
15/06/2023;Telecom;2000,00;400,00;2400,00;photo floue;en attente
11/01/2023;Fournitures;50,50;10,10;60,60;non;rejete
19/12/2022;Formation;3000,00;600,00;3600,00;oui;en attente
03/01/2022;Telecom;2530,00;506,00;3036,00;perdu;rejete
04/01/2022;Deplacement;700,00;140,00;840,00;photo floue;rejete
18/02/2023;Hotel;4000,99;800,20;4801,19;oui;rejete
24/04/2023;Telecom;4500,50;900,10;5400,60;non;valide
25/08/2022;Representation;2132,50;426,50;2559,00;non;rejete
14/07/2022;Formation;300,00;60,00;360,00;photo floue;valide
21/01/2023;Hotel;950,00;190,00;1140,00;photo floue;rejete
10/12/2022;Telecom;1265,00;253,00;1518,00;non;en attente
23/02/2022;Transport;350,00;70,00;420,00;perdu;valide
06/04/2023;Hotel;3500,50;700,10;4200,60;non;rejete
29/04/2022;Taxi/VTC;700,00;140,00;840,00;non;en attente
08/09/2023;Restaurant;1402,00;280,40;1682,40;non;en attente
22/08/2023;Formation;1852,00;370,40;2222,40;oui;en attente
28/08/2022;Transport;250,00;50,00;300,00;oui;rejete
26/09/2023;Formation;900,99;180,20;1081,19;perdu;rejete
15/03/2022;Restaurant;5500,50;1100,10;6600,60;perdu;rejete
06/10/2023;Hotel;3000,00;600,00;3600,00;oui;en attente
14/08/2022;Representation;400,00;80,00;480,00;photo floue;en attente
06/11/2022;Telecom;4000,00;800,00;4800,00;photo floue;rejete
03/03/2022;Formation;550,00;110,00;660,00;non;valide
10/07/2023;Taxi/VTC;1893,00;378,60;2271,60;perdu;en attente
01/11/2022;Fournitures;250,00;50,00;300,00;photo floue;rejete
21/11/2022;Restaurant;100,00;20,00;120,00;oui;valide
06/01/2023;Restaurant;800,00;160,00;960,00;non;rejete
13/07/2023;Transport;246,00;49,20;295,20;oui;en attente
05/08/2023;Restaurant;100,50;20,10;120,60;perdu;valide
16/01/2022;Formation;80,50;16,10;96,60;oui;rejete
15/01/2022;Telecom;2559,99;512,00;3071,99;non;en attente
17/11/2022;Transport;3031,00;606,20;3637,20;non;valide
27/01/2023;Taxi/VTC;4479,00;895,80;5374,80;non;rejete
18/09/2022;Fournitures;300,00;60,00;360,00;non;rejete
19/10/2023;Informatique;654,50;130,90;785,40;non;valide
09/09/2022;Deplacement;3000,00;600,00;3600,00;photo floue;en attente
23/10/2022;Representation;8000,00;1600,00;9600,00;non;rejete
29/08/2022;Fournitures;400,99;80,20;481,19;perdu;valide
29/12/2023;Deplacement;400,00;80,00;480,00;perdu;valide
17/10/2022;Informatique;850,99;170,20;1021,19;oui;en attente
10/08/2023;Transport;9500,00;1900,00;11400,00;photo floue;en attente
31/10/2022;Hotel;700,99;140,20;841,19;perdu;en attente
27/07/2022;Formation;3234,50;646,90;3881,40;perdu;en attente
18/01/2023;Informatique;423,99;84,80;508,79;oui;rejete
22/06/2023;Transport;8000,00;1600,00;9600,00;photo floue;rejete
20/11/2022;Informatique;450,00;90,00;540,00;oui;rejete
22/02/2022;Taxi/VTC;700,50;140,10;840,60;oui;valide
22/08/2022;Transport;550,99;110,20;661,19;photo floue;valide
19/08/2022;Transport;350,99;70,20;421,19;oui;en attente
11/02/2022;Restaurant;2378,50;475,70;2854,20;oui;en attente
14/08/2023;Representation;50,99;10,20;61,19;photo floue;en attente
15/02/2023;Telecom;600,00;120,00;720,00;photo floue;rejete
24/03/2022;Formation;1383,00;276,60;1659,60;non;valide
02/05/2023;Restaurant;5500,00;1100,00;6600,00;photo floue;rejete
27/01/2023;Telecom;1852,00;370,40;2222,40;non;valide
06/11/2023;Transport;2968,00;593,60;3561,60;oui;valide
14/02/2022;Formation;600,00;120,00;720,00;perdu;valide
17/05/2022;Deplacement;350,00;70,00;420,00;non;en attente
29/07/2023;Deplacement;3160,99;632,20;3793,19;perdu;valide
27/03/2022;Taxi/VTC;150,50;30,10;180,60;non;en attente
06/05/2023;Transport;400,00;80,00;480,00;photo floue;rejete
26/10/2022;Telecom;5000,99;1000,20;6001,19;photo floue;valide
16/03/2023;Transport;200,00;40,00;240,00;non;rejete
23/09/2023;Restaurant;3000,00;600,00;3600,00;non;en attente
16/10/2023;Deplacement;2414,00;482,80;2896,80;photo floue;rejete
01/12/2022;Fournitures;950,99;190,20;1141,19;perdu;rejete
12/07/2023;Informatique;2500,50;500,10;3000,60;oui;en attente
02/06/2022;Informatique;1499,50;299,90;1799,40;non;en attente
28/09/2022;Formation;1244,50;248,90;1493,40;perdu;valide
09/06/2023;Telecom;300,00;60,00;360,00;perdu;valide
03/02/2023;Formation;300,00;60,00;360,00;non;valide
31/03/2022;Informatique;450,00;90,00;540,00;photo floue;en attente
07/08/2022;Telecom;7000,99;1400,20;8401,19;non;valide
07/04/2022;Formation;750,50;150,10;900,60;non;valide
13/11/2022;Taxi/VTC;250,00;50,00;300,00;oui;valide
18/12/2022;Hotel;2003,00;400,60;2403,60;perdu;valide
22/04/2023;Restaurant;5000,00;1000,00;6000,00;oui;rejete
26/08/2023;Hotel;2000,00;400,00;2400,00;non;rejete
25/02/2023;Fournitures;500,00;100,00;600,00;oui;en attente
12/01/2023;Transport;100,00;20,00;120,00;perdu;en attente
19/05/2022;Deplacement;350,00;70,00;420,00;perdu;en attente
01/07/2022;Formation;300,99;60,20;361,19;oui;en attente
14/01/2022;Telecom;750,00;150,00;900,00;non;valide
14/10/2023;Telecom;3000,99;600,20;3601,19;non;rejete
03/06/2022;Informatique;950,99;190,20;1141,19;perdu;en attente
28/11/2022;Formation;5500,99;1100,20;6601,19;perdu;valide
16/08/2023;Hotel;2428,00;485,60;2913,60;perdu;valide
16/02/2022;Transport;3806,50;761,30;4567,80;non;valide
13/12/2023;Deplacement;3150,50;630,10;3780,60;non;valide
09/11/2022;Telecom;800,99;160,20;961,19;non;rejete
22/02/2023;Representation;900,00;180,00;1080,00;perdu;en attente
22/09/2023;Deplacement;3805,00;761,00;4566,00;oui;en attente
24/08/2022;Hotel;2500,50;500,10;3000,60;perdu;en attente
07/05/2023;Transport;400,50;80,10;480,60;perdu;en attente
06/08/2023;Restaurant;1200,99;240,20;1441,19;oui;valide
15/02/2023;Telecom;1800,00;360,00;2160,00;perdu;en attente
08/09/2022;Informatique;350,00;70,00;420,00;photo floue;rejete
04/04/2023;Transport;1000,00;200,00;1200,00;non;en attente
30/03/2023;Formation;150,99;30,20;181,19;oui;en attente
02/11/2023;Deplacement;4172,00;834,40;5006,40;non;rejete
01/05/2022;Fournitures;4421,00;884,20;5305,20;perdu;en attente
26/03/2023;Restaurant;600,00;120,00;720,00;perdu;rejete
23/12/2022;Hotel;3500,99;700,20;4201,19;oui;rejete
15/10/2023;Taxi/VTC;550,00;110,00;660,00;non;valide
05/02/2022;Fournitures;850,00;170,00;1020,00;perdu;rejete
08/04/2022;Fournitures;3030,00;606,00;3636,00;perdu;valide
04/03/2022;Deplacement;450,00;90,00;540,00;non;rejete
04/02/2022;Representation;4500,00;900,00;5400,00;oui;valide
04/01/2022;Fournitures;900,99;180,20;1081,19;non;rejete
05/01/2023;Deplacement;6000,50;1200,10;7200,60;oui;rejete
15/04/2022;Fournitures;500,50;100,10;600,60;non;en attente
12/05/2022;Informatique;950,00;190,00;1140,00;photo floue;rejete
04/07/2023;Restaurant;800,00;160,00;960,00;non;rejete
25/07/2022;Formation;80,00;16,00;96,00;oui;valide
16/09/2022;Restaurant;550,50;110,10;660,60;non;en attente
23/03/2023;Restaurant;1500,99;300,20;1801,19;photo floue;rejete
26/12/2023;Representation;250,99;50,20;301,19;photo floue;en attente
11/02/2023;Formation;1344,00;268,80;1612,80;perdu;valide
30/11/2023;Hotel;500,00;100,00;600,00;photo floue;rejete
09/08/2023;Deplacement;6000,00;1200,00;7200,00;non;en attente
21/10/2023;Hotel;4500,00;900,00;5400,00;oui;en attente
09/09/2022;Fournitures;5000,00;1000,00;6000,00;non;rejete
23/05/2023;Hotel;4577,00;915,40;5492,40;perdu;rejete
17/04/2023;Restaurant;1500,00;300,00;1800,00;non;valide
18/11/2022;Fournitures;400,00;80,00;480,00;photo floue;en attente
01/02/2023;Telecom;3500,50;700,10;4200,60;perdu;rejete
13/09/2022;Formation;800,00;160,00;960,00;perdu;rejete
09/07/2022;Informatique;9000,50;1800,10;10800,60;non;valide
13/01/2022;Formation;1500,00;300,00;1800,00;perdu;en attente
14/06/2023;Hotel;350,00;70,00;420,00;perdu;rejete
06/04/2023;Transport;800,00;160,00;960,00;photo floue;en attente
20/11/2023;Informatique;3708,00;741,60;4449,60;perdu;valide
17/10/2023;Formation;1800,00;360,00;2160,00;non;en attente
29/08/2022;Fournitures;8500,99;1700,20;10201,19;non;rejete
28/12/2023;Informatique;200,50;40,10;240,60;oui;rejete
24/10/2023;Representation;75,00;15,00;90,00;oui;valide
04/05/2023;Taxi/VTC;750,00;150,00;900,00;photo floue;rejete
18/10/2023;Deplacement;950,00;190,00;1140,00;oui;valide
30/12/2022;Deplacement;2500,00;500,00;3000,00;oui;en attente
15/12/2023;Informatique;1762,99;352,60;2115,59;perdu;valide
17/06/2023;Telecom;7000,00;1400,00;8400,00;non;en attente
23/12/2023;Informatique;6000,00;1200,00;7200,00;non;rejete
12/07/2023;Transport;4500,50;900,10;5400,60;non;rejete
12/04/2022;Restaurant;607,00;121,40;728,40;photo floue;rejete
04/02/2022;Telecom;550,00;110,00;660,00;oui;valide
23/04/2022;Taxi/VTC;150,00;30,00;180,00;oui;en attente
23/04/2023;Deplacement;700,00;140,00;840,00;perdu;rejete
07/11/2023;Telecom;800,50;160,10;960,60;photo floue;rejete
12/08/2023;Deplacement;650,00;130,00;780,00;perdu;valide
31/01/2023;Transport;250,00;50,00;300,00;photo floue;valide
15/09/2022;Informatique;1500,99;300,20;1801,19;oui;valide
11/02/2023;Hotel;3108,00;621,60;3729,60;oui;rejete
15/10/2022;Fournitures;900,00;180,00;1080,00;perdu;valide
16/02/2022;Informatique;750,00;150,00;900,00;oui;rejete
05/12/2022;Hotel;90,00;18,00;108,00;oui;valide
13/11/2022;Transport;50,99;10,20;61,19;non;rejete
19/12/2022;Restaurant;4669,00;933,80;5602,80;oui;en attente
09/06/2023;Representation;450,99;90,20;541,19;non;en attente
06/10/2022;Deplacement;3000,00;600,00;3600,00;perdu;en attente
20/05/2023;Transport;1007,00;201,40;1208,40;perdu;en attente
22/09/2022;Informatique;4029,00;805,80;4834,80;photo floue;en attente
16/08/2023;Taxi/VTC;2000,50;400,10;2400,60;non;valide
28/05/2022;Restaurant;650,00;130,00;780,00;non;en attente
06/10/2023;Informatique;3000,00;600,00;3600,00;photo floue;rejete
19/01/2022;Deplacement;500,00;100,00;600,00;oui;rejete
30/06/2023;Restaurant;4864,00;972,80;5836,80;perdu;rejete
23/06/2022;Representation;981,00;196,20;1177,20;non;valide
01/08/2022;Transport;800,00;160,00;960,00;oui;rejete
19/06/2022;Formation;3347,00;669,40;4016,40;oui;rejete
07/02/2022;Transport;300,99;60,20;361,19;non;valide
18/11/2023;Transport;1200,00;240,00;1440,00;oui;rejete
29/12/2023;Representation;700,99;140,20;841,19;non;en attente
18/05/2022;Transport;8500,00;1700,00;10200,00;photo floue;en attente
10/01/2023;Transport;2500,50;500,10;3000,60;photo floue;en attente
03/02/2022;Fournitures;9000,99;1800,20;10801,19;photo floue;valide
05/09/2023;Restaurant;1000,99;200,20;1201,19;oui;rejete
23/01/2023;Informatique;1200,00;240,00;1440,00;oui;en attente
11/04/2022;Taxi/VTC;5000,00;1000,00;6000,00;perdu;rejete
15/02/2022;Deplacement;200,00;40,00;240,00;photo floue;rejete
25/03/2023;Taxi/VTC;1000,00;200,00;1200,00;perdu;en attente
31/03/2023;Representation;750,50;150,10;900,60;non;valide
19/07/2023;Formation;800,50;160,10;960,60;oui;rejete
21/03/2023;Representation;95,50;19,10;114,60;perdu;rejete
09/07/2022;Transport;900,00;180,00;1080,00;oui;rejete
16/12/2023;Restaurant;9500,00;1900,00;11400,00;oui;valide
30/11/2022;Deplacement;3500,99;700,20;4201,19;perdu;rejete
30/01/2022;Hotel;150,99;30,20;181,19;oui;en attente
24/06/2023;Hotel;650,50;130,10;780,60;photo floue;valide
11/04/2023;Deplacement;750,00;150,00;900,00;perdu;valide
11/10/2022;Taxi/VTC;1500,50;300,10;1800,60;non;valide
09/01/2023;Fournitures;150,00;30,00;180,00;non;rejete
25/03/2023;Hotel;700,00;140,00;840,00;oui;en attente
05/04/2023;Deplacement;2567,00;513,40;3080,40;oui;rejete
21/11/2022;Restaurant;1500,00;300,00;1800,00;perdu;valide
01/08/2023;Informatique;750,00;150,00;900,00;photo floue;rejete
23/04/2023;Restaurant;400,50;80,10;480,60;oui;valide
02/06/2022;Hotel;500,00;100,00;600,00;photo floue;valide
12/05/2023;Fournitures;400,50;80,10;480,60;oui;en attente
03/09/2023;Fournitures;4000,00;800,00;4800,00;non;en attente
11/03/2022;Taxi/VTC;450,00;90,00;540,00;photo floue;en attente
25/02/2022;Deplacement;5500,99;1100,20;6601,19;perdu;en attente
26/09/2022;Taxi/VTC;3000,00;600,00;3600,00;oui;valide
10/08/2022;Telecom;350,00;70,00;420,00;perdu;en attente
18/12/2022;Formation;2000,50;400,10;2400,60;photo floue;valide
12/02/2022;Informatique;1923,00;384,60;2307,60;oui;en attente
04/04/2023;Telecom;7500,99;1500,20;9001,19;oui;en attente
13/07/2022;Deplacement;300,00;60,00;360,00;non;en attente
09/04/2022;Transport;900,00;180,00;1080,00;perdu;en attente
26/10/2022;Restaurant;893,99;178,80;1072,79;photo floue;valide
04/04/2023;Informatique;800,99;160,20;961,19;oui;valide
26/11/2023;Taxi/VTC;1500,00;300,00;1800,00;non;valide
12/03/2022;Informatique;3000,50;600,10;3600,60;photo floue;valide
04/07/2023;Taxi/VTC;800,00;160,00;960,00;non;rejete
16/04/2022;Fournitures;2500,00;500,00;3000,00;non;valide
27/01/2023;Formation;120,99;24,20;145,19;non;rejete
18/02/2023;Restaurant;6000,00;1200,00;7200,00;oui;en attente
09/07/2023;Restaurant;850,00;170,00;1020,00;perdu;rejete
06/06/2022;Transport;2500,00;500,00;3000,00;non;en attente
24/12/2023;Transport;3043,00;608,60;3651,60;non;rejete
10/11/2023;Representation;7500,00;1500,00;9000,00;photo floue;valide
17/08/2023;Deplacement;800,00;160,00;960,00;oui;rejete
03/02/2023;Restaurant;4879,00;975,80;5854,80;perdu;valide
26/07/2022;Representation;1800,00;360,00;2160,00;perdu;valide
08/08/2022;Fournitures;6000,00;1200,00;7200,00;perdu;rejete
28/12/2022;Telecom;700,00;140,00;840,00;perdu;rejete
18/01/2023;Telecom;400,00;80,00;480,00;photo floue;en attente
07/04/2023;Hotel;150,50;30,10;180,60;oui;rejete
25/11/2023;Hotel;5500,00;1100,00;6600,00;photo floue;rejete
11/11/2023;Representation;150,00;30,00;180,00;non;rejete
04/04/2022;Hotel;4041,00;808,20;4849,20;perdu;rejete
10/06/2022;Deplacement;2417,00;483,40;2900,40;non;en attente
30/10/2023;Hotel;900,00;180,00;1080,00;perdu;rejete
14/04/2023;Representation;90,00;18,00;108,00;photo floue;en attente
25/03/2022;Telecom;75,99;15,20;91,19;photo floue;valide
17/08/2023;Formation;3999,00;799,80;4798,80;photo floue;valide
14/01/2023;Hotel;900,99;180,20;1081,19;perdu;rejete
13/03/2023;Restaurant;1500,50;300,10;1800,60;photo floue;valide
02/10/2022;Transport;750,00;150,00;900,00;perdu;rejete
28/08/2023;Hotel;800,00;160,00;960,00;non;valide
21/11/2023;Informatique;2500,00;500,00;3000,00;oui;en attente
20/06/2023;Taxi/VTC;95,00;19,00;114,00;photo floue;en attente
27/03/2022;Transport;9000,00;1800,00;10800,00;photo floue;valide
27/05/2022;Taxi/VTC;4630,00;926,00;5556,00;non;rejete
08/10/2022;Telecom;2500,00;500,00;3000,00;oui;valide
16/08/2023;Transport;750,50;150,10;900,60;non;en attente
11/03/2022;Restaurant;350,00;70,00;420,00;perdu;rejete
12/02/2023;Fournitures;2000,99;400,20;2401,19;photo floue;valide
09/09/2023;Fournitures;1800,00;360,00;2160,00;perdu;valide
07/07/2023;Taxi/VTC;300,99;60,20;361,19;oui;en attente
21/06/2023;Telecom;500,00;100,00;600,00;oui;valide
11/08/2023;Telecom;2728,99;545,80;3274,79;oui;valide
23/03/2023;Restaurant;5000,99;1000,20;6001,19;photo floue;rejete
06/03/2022;Telecom;700,99;140,20;841,19;non;en attente
25/12/2022;Telecom;600,00;120,00;720,00;oui;en attente
13/05/2022;Representation;500,50;100,10;600,60;oui;rejete
13/08/2023;Representation;400,99;80,20;481,19;perdu;en attente
25/12/2023;Fournitures;4029,00;805,80;4834,80;perdu;rejete
07/06/2023;Informatique;950,50;190,10;1140,60;oui;en attente
19/10/2022;Transport;1897,99;379,60;2277,59;photo floue;valide
21/10/2023;Fournitures;900,00;180,00;1080,00;photo floue;rejete
29/10/2023;Hotel;1800,00;360,00;2160,00;perdu;en attente
06/08/2023;Hotel;900,50;180,10;1080,60;oui;valide
14/03/2023;Taxi/VTC;750,50;150,10;900,60;oui;valide
31/07/2023;Hotel;800,99;160,20;961,19;photo floue;valide
15/09/2023;Formation;5500,00;1100,00;6600,00;oui;valide
28/01/2022;Hotel;5500,00;1100,00;6600,00;non;rejete
05/01/2022;Hotel;5500,00;1100,00;6600,00;perdu;rejete
28/01/2023;Taxi/VTC;850,99;170,20;1021,19;perdu;rejete
12/05/2023;Deplacement;800,00;160,00;960,00;perdu;rejete
15/04/2023;Formation;400,50;80,10;480,60;perdu;en attente
11/10/2023;Taxi/VTC;5000,99;1000,20;6001,19;non;rejete
28/10/2022;Transport;1567,00;313,40;1880,40;perdu;rejete
13/02/2022;Transport;4500,50;900,10;5400,60;photo floue;rejete
14/01/2023;Restaurant;1000,00;200,00;1200,00;photo floue;valide
07/09/2023;Taxi/VTC;4000,50;800,10;4800,60;non;en attente
26/08/2022;Deplacement;3500,99;700,20;4201,19;non;rejete
10/03/2022;Fournitures;1283,00;256,60;1539,60;perdu;valide
12/10/2022;Fournitures;2500,00;500,00;3000,00;non;rejete
20/06/2022;Telecom;350,50;70,10;420,60;non;en attente
02/11/2023;Hotel;50,00;10,00;60,00;perdu;rejete
28/04/2022;Fournitures;95,50;19,10;114,60;photo floue;en attente
28/04/2022;Deplacement;900,99;180,20;1081,19;oui;en attente
22/02/2023;Formation;150,50;30,10;180,60;perdu;valide
14/06/2023;Transport;4000,50;800,10;4800,60;perdu;rejete
09/06/2022;Informatique;250,99;50,20;301,19;perdu;rejete
10/08/2022;Representation;233,00;46,60;279,60;photo floue;valide
28/01/2023;Taxi/VTC;500,50;100,10;600,60;perdu;en attente
15/06/2022;Hotel;2640,50;528,10;3168,60;oui;valide
26/05/2022;Transport;650,50;130,10;780,60;photo floue;valide
14/06/2023;Informatique;1000,50;200,10;1200,60;perdu;en attente
23/09/2023;Telecom;850,99;170,20;1021,19;photo floue;rejete
17/02/2023;Restaurant;7500,50;1500,10;9000,60;non;rejete
19/05/2022;Fournitures;750,00;150,00;900,00;oui;en attente
09/06/2023;Informatique;7000,00;1400,00;8400,00;oui;valide
10/10/2022;Restaurant;3000,00;600,00;3600,00;perdu;en attente
26/01/2022;Transport;3000,99;600,20;3601,19;perdu;valide
18/10/2022;Fournitures;4000,00;800,00;4800,00;oui;rejete
28/10/2022;Transport;2000,99;400,20;2401,19;non;rejete
27/08/2022;Fournitures;550,50;110,10;660,60;perdu;valide
24/12/2023;Telecom;796,00;159,20;955,20;oui;valide
11/05/2023;Taxi/VTC;150,00;30,00;180,00;oui;valide
29/09/2023;Restaurant;500,00;100,00;600,00;perdu;en attente
07/12/2023;Taxi/VTC;900,00;180,00;1080,00;perdu;valide
15/01/2023;Representation;200,99;40,20;241,19;non;rejete
28/06/2023;Representation;683,50;136,70;820,20;photo floue;rejete
15/09/2022;Formation;90,00;18,00;108,00;non;rejete
04/07/2022;Informatique;8000,00;1600,00;9600,00;photo floue;valide
28/01/2022;Taxi/VTC;150,99;30,20;181,19;oui;valide
06/01/2022;Deplacement;100,99;20,20;121,19;oui;en attente
05/08/2022;Restaurant;600,00;120,00;720,00;perdu;valide
16/07/2023;Restaurant;1200,00;240,00;1440,00;photo floue;rejete
25/04/2022;Fournitures;3806,00;761,20;4567,20;perdu;en attente
02/08/2022;Hotel;350,99;70,20;421,19;non;rejete
27/03/2023;Fournitures;300,00;60,00;360,00;non;valide
31/03/2023;Fournitures;5000,99;1000,20;6001,19;non;en attente
11/11/2022;Telecom;95,00;19,00;114,00;non;rejete
01/02/2023;Telecom;150,00;30,00;180,00;photo floue;rejete
27/04/2023;Formation;1800,00;360,00;2160,00;perdu;rejete
12/02/2022;Transport;350,00;70,00;420,00;perdu;rejete
08/02/2022;Deplacement;400,99;80,20;481,19;photo floue;rejete
03/06/2022;Taxi/VTC;3776,00;755,20;4531,20;oui;rejete
16/10/2022;Taxi/VTC;500,00;100,00;600,00;perdu;valide
11/02/2023;Hotel;700,00;140,00;840,00;non;valide
25/04/2022;Restaurant;200,00;40,00;240,00;perdu;valide
04/11/2022;Restaurant;450,99;90,20;541,19;oui;valide
22/08/2023;Telecom;1800,00;360,00;2160,00;photo floue;en attente
14/03/2023;Informatique;700,50;140,10;840,60;perdu;rejete
09/12/2023;Deplacement;2000,99;400,20;2401,19;oui;valide
09/03/2022;Taxi/VTC;200,50;40,10;240,60;perdu;rejete
28/12/2022;Telecom;1500,99;300,20;1801,19;oui;valide
24/07/2023;Informatique;3979,00;795,80;4774,80;perdu;valide
13/01/2022;Formation;8500,50;1700,10;10200,60;non;en attente
09/05/2023;Informatique;4329,50;865,90;5195,40;perdu;valide
04/08/2023;Telecom;80,50;16,10;96,60;oui;valide
14/05/2023;Representation;1550,00;310,00;1860,00;perdu;valide
02/09/2022;Deplacement;7000,00;1400,00;8400,00;non;en attente
31/01/2023;Informatique;5500,50;1100,10;6600,60;non;en attente
14/09/2022;Fournitures;750,00;150,00;900,00;non;rejete
04/10/2022;Taxi/VTC;2000,99;400,20;2401,19;non;en attente
22/04/2023;Taxi/VTC;650,99;130,20;781,19;non;en attente
20/10/2022;Informatique;600,00;120,00;720,00;perdu;valide
20/05/2022;Fournitures;1590,00;318,00;1908,00;non;valide
09/06/2023;Representation;3000,00;600,00;3600,00;non;rejete
15/06/2023;Transport;400,00;80,00;480,00;non;rejete
07/10/2023;Taxi/VTC;4500,00;900,00;5400,00;photo floue;valide
17/06/2022;Fournitures;950,50;190,10;1140,60;non;en attente
11/09/2022;Informatique;80,99;16,20;97,19;oui;rejete
11/09/2023;Restaurant;120,50;24,10;144,60;non;rejete
02/06/2023;Telecom;100,00;20,00;120,00;photo floue;valide
12/02/2022;Formation;436,00;87,20;523,20;oui;valide
27/01/2022;Hotel;259,00;51,80;310,80;perdu;valide
23/04/2022;Representation;550,50;110,10;660,60;oui;en attente
07/01/2023;Restaurant;2770,50;554,10;3324,60;non;en attente
04/10/2022;Deplacement;8000,00;1600,00;9600,00;photo floue;valide
18/01/2022;Hotel;2500,99;500,20;3001,19;photo floue;valide
23/11/2022;Deplacement;9000,00;1800,00;10800,00;non;en attente
30/12/2023;Hotel;800,00;160,00;960,00;oui;rejete
15/07/2022;Representation;4000,50;800,10;4800,60;non;en attente
02/05/2022;Telecom;1800,50;360,10;2160,60;non;en attente
03/02/2022;Telecom;2123,50;424,70;2548,20;photo floue;en attente
19/11/2023;Hotel;1617,00;323,40;1940,40;non;rejete
22/04/2022;Hotel;650,00;130,00;780,00;non;valide
10/12/2023;Representation;150,50;30,10;180,60;photo floue;valide
23/04/2022;Restaurant;750,50;150,10;900,60;photo floue;en attente
05/05/2023;Taxi/VTC;500,00;100,00;600,00;photo floue;en attente
25/06/2022;Deplacement;3000,00;600,00;3600,00;photo floue;rejete
01/04/2022;Telecom;750,99;150,20;901,19;non;valide
03/01/2022;Transport;5000,00;1000,00;6000,00;perdu;valide
27/07/2023;Telecom;550,00;110,00;660,00;oui;en attente
09/08/2023;Taxi/VTC;450,50;90,10;540,60;non;valide
18/02/2023;Representation;300,00;60,00;360,00;photo floue;en attente
03/01/2022;Taxi/VTC;75,00;15,00;90,00;perdu;en attente
28/12/2022;Hotel;50,00;10,00;60,00;photo floue;valide
16/07/2022;Formation;7500,00;1500,00;9000,00;perdu;valide
30/05/2022;Taxi/VTC;3500,00;700,00;4200,00;photo floue;rejete
25/10/2023;Formation;450,00;90,00;540,00;perdu;valide
23/02/2023;Restaurant;3500,00;700,00;4200,00;oui;valide
26/07/2022;Taxi/VTC;800,00;160,00;960,00;oui;en attente
03/01/2023;Transport;4298,99;859,80;5158,79;oui;valide
05/06/2022;Informatique;800,50;160,10;960,60;non;valide
17/06/2023;Transport;850,00;170,00;1020,00;oui;valide
27/10/2023;Telecom;2163,99;432,80;2596,79;photo floue;valide
07/05/2022;Formation;500,00;100,00;600,00;non;valide
29/09/2023;Hotel;1200,00;240,00;1440,00;perdu;rejete
21/06/2022;Fournitures;750,00;150,00;900,00;photo floue;valide
22/03/2023;Formation;1705,50;341,10;2046,60;oui;rejete
16/07/2023;Taxi/VTC;400,99;80,20;481,19;non;rejete
13/03/2023;Deplacement;950,00;190,00;1140,00;perdu;valide
04/04/2023;Taxi/VTC;1800,00;360,00;2160,00;non;rejete
14/04/2022;Representation;175,00;35,00;210,00;non;valide
02/01/2023;Transport;4500,50;900,10;5400,60;perdu;rejete
07/06/2022;Deplacement;3250,00;650,00;3900,00;oui;valide
23/05/2023;Formation;1200,00;240,00;1440,00;photo floue;valide
04/02/2023;Taxi/VTC;900,99;180,20;1081,19;perdu;valide
11/09/2023;Hotel;50,99;10,20;61,19;oui;en attente
25/01/2022;Hotel;350,00;70,00;420,00;photo floue;valide
04/05/2023;Restaurant;2500,00;500,00;3000,00;oui;rejete
29/05/2023;Hotel;6000,00;1200,00;7200,00;non;en attente
21/10/2023;Formation;1500,50;300,10;1800,60;non;valide
20/10/2022;Fournitures;5500,00;1100,00;6600,00;photo floue;en attente
26/05/2023;Representation;500,99;100,20;601,19;oui;en attente
27/02/2023;Restaurant;7000,00;1400,00;8400,00;perdu;valide
14/08/2023;Formation;400,50;80,10;480,60;oui;valide
29/08/2022;Informatique;750,50;150,10;900,60;photo floue;valide
21/05/2022;Deplacement;700,00;140,00;840,00;perdu;valide
30/07/2022;Deplacement;9999,00;1999,80;11998,80;perdu;valide
02/01/2023;Telecom;1000,50;200,10;1200,60;non;en attente
11/04/2022;Hotel;850,00;170,00;1020,00;non;en attente
14/02/2022;Informatique;3586,00;717,20;4303,20;photo floue;en attente
08/08/2023;Hotel;1492,50;298,50;1791,00;non;valide
16/07/2023;Telecom;700,50;140,10;840,60;photo floue;valide
19/02/2023;Telecom;7500,00;1500,00;9000,00;photo floue;valide
25/09/2022;Transport;4500,00;900,00;5400,00;oui;rejete
15/04/2022;Restaurant;500,99;100,20;601,19;photo floue;rejete
17/07/2022;Transport;450,99;90,20;541,19;non;valide
06/04/2022;Restaurant;4004,00;800,80;4804,80;non;rejete
08/03/2023;Representation;175,00;35,00;210,00;photo floue;en attente
24/01/2023;Telecom;4616,00;923,20;5539,20;perdu;rejete
25/01/2023;Deplacement;5500,99;1100,20;6601,19;oui;en attente
04/01/2022;Fournitures;200,00;40,00;240,00;non;rejete
14/12/2022;Formation;100,00;20,00;120,00;oui;valide
01/03/2023;Fournitures;100,00;20,00;120,00;perdu;valide
13/02/2023;Restaurant;9000,00;1800,00;10800,00;photo floue;valide
25/06/2022;Representation;1800,99;360,20;2161,19;photo floue;rejete
25/12/2023;Taxi/VTC;300,00;60,00;360,00;oui;valide
23/09/2023;Representation;900,00;180,00;1080,00;non;rejete
27/05/2022;Telecom;5500,00;1100,00;6600,00;oui;valide
08/11/2022;Fournitures;2708,50;541,70;3250,20;oui;rejete
27/03/2022;Telecom;900,00;180,00;1080,00;oui;rejete
12/09/2023;Hotel;7000,00;1400,00;8400,00;photo floue;valide
24/12/2023;Representation;700,00;140,00;840,00;oui;rejete
27/09/2022;Fournitures;250,00;50,00;300,00;photo floue;en attente
17/03/2023;Taxi/VTC;100,00;20,00;120,00;perdu;valide
13/02/2023;Formation;1500,50;300,10;1800,60;oui;en attente
16/11/2023;Transport;850,00;170,00;1020,00;perdu;rejete
05/06/2022;Telecom;6000,99;1200,20;7201,19;photo floue;rejete
14/03/2023;Fournitures;150,00;30,00;180,00;perdu;valide
06/03/2022;Fournitures;120,00;24,00;144,00;non;valide
27/03/2023;Restaurant;600,50;120,10;720,60;photo floue;en attente
03/01/2023;Informatique;550,00;110,00;660,00;non;rejete
22/08/2022;Transport;4500,99;900,20;5401,19;perdu;rejete
15/10/2023;Transport;1194,50;238,90;1433,40;oui;en attente
01/10/2022;Telecom;700,50;140,10;840,60;perdu;rejete
03/09/2022;Representation;1200,50;240,10;1440,60;oui;en attente
07/02/2023;Representation;1000,99;200,20;1201,19;oui;rejete
07/04/2023;Fournitures;1111,00;222,20;1333,20;oui;rejete
14/11/2022;Hotel;4408,00;881,60;5289,60;perdu;rejete
27/09/2023;Hotel;7000,50;1400,10;8400,60;oui;rejete
09/11/2022;Fournitures;3667,99;733,60;4401,59;photo floue;valide
15/07/2022;Restaurant;1800,00;360,00;2160,00;photo floue;en attente
07/05/2023;Deplacement;500,00;100,00;600,00;oui;rejete
31/08/2022;Fournitures;3021,00;604,20;3625,20;non;rejete
25/06/2023;Restaurant;500,50;100,10;600,60;oui;en attente
25/01/2023;Formation;950,00;190,00;1140,00;non;en attente
23/08/2022;Deplacement;700,00;140,00;840,00;oui;en attente
19/04/2023;Fournitures;600,00;120,00;720,00;perdu;valide
19/05/2023;Informatique;550,50;110,10;660,60;perdu;en attente
30/01/2023;Informatique;5000,00;1000,00;6000,00;photo floue;en attente
30/06/2023;Fournitures;700,00;140,00;840,00;photo floue;en attente
28/01/2023;Fournitures;3000,50;600,10;3600,60;perdu;en attente
28/11/2022;Telecom;8500,00;1700,00;10200,00;oui;valide
20/10/2022;Hotel;300,99;60,20;361,19;perdu;en attente
20/03/2023;Formation;500,00;100,00;600,00;photo floue;en attente
23/08/2022;Formation;950,00;190,00;1140,00;non;valide
05/05/2023;Telecom;1800,00;360,00;2160,00;perdu;en attente
06/09/2022;Representation;989,99;198,00;1187,99;photo floue;valide
29/08/2023;Formation;2000,50;400,10;2400,60;perdu;rejete
03/02/2022;Informatique;7500,99;1500,20;9001,19;oui;rejete
29/08/2023;Taxi/VTC;2000,00;400,00;2400,00;non;valide
24/07/2022;Taxi/VTC;200,00;40,00;240,00;oui;rejete
02/01/2023;Taxi/VTC;350,00;70,00;420,00;oui;valide
23/05/2023;Restaurant;476,00;95,20;571,20;non;rejete
10/04/2023;Deplacement;700,99;140,20;841,19;perdu;rejete
15/10/2023;Transport;4500,00;900,00;5400,00;perdu;en attente
21/12/2022;Hotel;650,00;130,00;780,00;perdu;rejete
08/06/2023;Restaurant;900,00;180,00;1080,00;photo floue;rejete
05/01/2022;Formation;4500,00;900,00;5400,00;photo floue;rejete
25/06/2022;Hotel;443,50;88,70;532,20;photo floue;valide
04/01/2022;Formation;100,50;20,10;120,60;perdu;rejete
20/08/2023;Hotel;9500,99;1900,20;11401,19;photo floue;valide
16/01/2022;Formation;3000,00;600,00;3600,00;oui;valide
24/03/2023;Transport;4000,00;800,00;4800,00;oui;valide
10/06/2023;Deplacement;3021,50;604,30;3625,80;non;rejete
13/10/2023;Hotel;200,00;40,00;240,00;photo floue;en attente
02/04/2022;Hotel;100,50;20,10;120,60;non;en attente
09/03/2022;Deplacement;750,00;150,00;900,00;oui;rejete
08/10/2023;Informatique;7500,00;1500,00;9000,00;photo floue;rejete
06/11/2023;Taxi/VTC;5000,00;1000,00;6000,00;perdu;en attente
04/02/2022;Hotel;6000,99;1200,20;7201,19;non;en attente
28/09/2022;Taxi/VTC;800,00;160,00;960,00;oui;valide
24/12/2022;Hotel;9000,50;1800,10;10800,60;non;rejete
28/12/2023;Hotel;750,00;150,00;900,00;photo floue;en attente
02/04/2022;Taxi/VTC;80,00;16,00;96,00;oui;valide
19/02/2022;Taxi/VTC;500,50;100,10;600,60;perdu;valide
22/10/2023;Deplacement;2004,00;400,80;2404,80;photo floue;valide
30/08/2022;Fournitures;488,00;97,60;585,60;oui;en attente
01/07/2022;Telecom;1200,50;240,10;1440,60;oui;valide
06/09/2023;Formation;2961,00;592,20;3553,20;non;en attente
02/03/2023;Deplacement;750,00;150,00;900,00;non;valide
21/10/2023;Hotel;1590,50;318,10;1908,60;photo floue;valide
05/03/2023;Telecom;1500,50;300,10;1800,60;photo floue;en attente
13/01/2022;Informatique;900,50;180,10;1080,60;oui;en attente
06/12/2023;Hotel;500,00;100,00;600,00;non;valide
13/02/2023;Deplacement;500,99;100,20;601,19;photo floue;en attente
28/12/2023;Formation;2000,00;400,00;2400,00;photo floue;en attente
10/12/2022;Transport;450,00;90,00;540,00;non;rejete
04/04/2023;Telecom;2311,50;462,30;2773,80;non;en attente
23/04/2023;Fournitures;850,00;170,00;1020,00;non;en attente
18/10/2022;Formation;3500,00;700,00;4200,00;non;en attente
09/11/2022;Fournitures;4500,99;900,20;5401,19;oui;valide
12/12/2022;Representation;6000,99;1200,20;7201,19;oui;en attente
28/11/2023;Deplacement;350,50;70,10;420,60;photo floue;valide
03/08/2022;Transport;3541,00;708,20;4249,20;perdu;valide
18/04/2023;Transport;700,50;140,10;840,60;photo floue;valide
24/06/2022;Deplacement;250,00;50,00;300,00;oui;valide
07/01/2022;Representation;150,99;30,20;181,19;photo floue;rejete
27/02/2022;Deplacement;150,50;30,10;180,60;oui;rejete
12/06/2022;Representation;950,00;190,00;1140,00;oui;rejete
09/01/2023;Deplacement;500,99;100,20;601,19;perdu;en attente
08/12/2022;Formation;6000,00;1200,00;7200,00;non;en attente
02/08/2023;Fournitures;3500,00;700,00;4200,00;oui;valide
10/05/2022;Telecom;600,99;120,20;721,19;perdu;rejete
01/06/2022;Taxi/VTC;4500,50;900,10;5400,60;non;valide
13/05/2022;Deplacement;3601,99;720,40;4322,39;perdu;rejete
25/02/2022;Hotel;100,99;20,20;121,19;perdu;rejete
05/10/2022;Transport;2673,99;534,80;3208,79;perdu;rejete
05/05/2023;Telecom;7000,00;1400,00;8400,00;photo floue;en attente
17/11/2022;Restaurant;100,00;20,00;120,00;oui;rejete
14/09/2022;Deplacement;300,99;60,20;361,19;non;en attente
20/06/2022;Taxi/VTC;150,00;30,00;180,00;oui;en attente
11/07/2023;Restaurant;4112,50;822,50;4935,00;photo floue;en attente
12/06/2022;Hotel;400,50;80,10;480,60;perdu;rejete
06/05/2023;Informatique;4627,50;925,50;5553,00;non;rejete
27/08/2022;Representation;2748,00;549,60;3297,60;perdu;rejete
17/09/2023;Taxi/VTC;1500,99;300,20;1801,19;non;en attente
29/10/2022;Deplacement;3599,00;719,80;4318,80;non;valide
30/06/2022;Informatique;827,99;165,60;993,59;non;en attente
17/08/2023;Fournitures;80,00;16,00;96,00;non;valide
25/12/2023;Deplacement;250,00;50,00;300,00;oui;valide
21/04/2022;Informatique;4632,00;926,40;5558,40;perdu;valide
16/11/2023;Fournitures;9000,99;1800,20;10801,19;oui;en attente
24/03/2022;Transport;3000,50;600,10;3600,60;photo floue;valide
22/02/2023;Telecom;9000,00;1800,00;10800,00;non;valide
14/09/2023;Informatique;1213,99;242,80;1456,79;oui;valide
04/03/2022;Fournitures;250,99;50,20;301,19;photo floue;rejete
10/10/2022;Fournitures;300,00;60,00;360,00;photo floue;valide
21/11/2022;Taxi/VTC;1200,99;240,20;1441,19;perdu;rejete
10/08/2023;Transport;500,00;100,00;600,00;oui;en attente
06/01/2022;Formation;826,00;165,20;991,20;non;valide
03/05/2022;Telecom;1657,50;331,50;1989,00;non;en attente
20/03/2022;Informatique;150,00;30,00;180,00;oui;rejete
23/05/2022;Telecom;900,99;180,20;1081,19;perdu;rejete
18/04/2022;Taxi/VTC;2000,00;400,00;2400,00;photo floue;en attente
29/01/2023;Informatique;750,00;150,00;900,00;perdu;rejete
16/07/2023;Deplacement;200,50;40,10;240,60;perdu;en attente
28/07/2022;Transport;4000,99;800,20;4801,19;perdu;valide
04/01/2023;Formation;4566,00;913,20;5479,20;photo floue;rejete
18/03/2022;Transport;7000,00;1400,00;8400,00;non;rejete
09/12/2023;Representation;50,50;10,10;60,60;oui;rejete
31/01/2023;Formation;600,99;120,20;721,19;photo floue;valide
13/11/2023;Informatique;800,00;160,00;960,00;oui;valide
01/04/2022;Representation;80,00;16,00;96,00;non;valide
22/09/2022;Formation;3282,00;656,40;3938,40;perdu;rejete
05/11/2023;Transport;950,00;190,00;1140,00;non;en attente
07/03/2023;Informatique;500,00;100,00;600,00;photo floue;valide
11/02/2022;Representation;1500,99;300,20;1801,19;oui;en attente
22/11/2022;Fournitures;4783,00;956,60;5739,60;non;valide
15/10/2022;Restaurant;2500,00;500,00;3000,00;non;valide
07/07/2022;Representation;1200,99;240,20;1441,19;perdu;en attente
03/08/2022;Representation;500,00;100,00;600,00;non;rejete
05/01/2023;Hotel;500,00;100,00;600,00;photo floue;valide
29/01/2022;Transport;1800,00;360,00;2160,00;non;en attente
16/06/2022;Representation;8500,00;1700,00;10200,00;perdu;rejete
28/03/2022;Restaurant;1000,50;200,10;1200,60;non;en attente
25/08/2023;Fournitures;7000,99;1400,20;8401,19;photo floue;valide
24/09/2022;Informatique;400,00;80,00;480,00;oui;valide
01/01/2022;Deplacement;200,99;40,20;241,19;photo floue;rejete
06/10/2022;Formation;3000,50;600,10;3600,60;non;en attente
10/07/2023;Formation;800,50;160,10;960,60;non;en attente
05/05/2023;Formation;75,50;15,10;90,60;non;valide
10/03/2022;Deplacement;800,00;160,00;960,00;oui;valide
02/09/2022;Informatique;950,00;190,00;1140,00;perdu;valide
04/08/2023;Telecom;309,50;61,90;371,40;oui;rejete
15/06/2023;Transport;2792,00;558,40;3350,40;perdu;en attente
23/11/2023;Restaurant;1000,50;200,10;1200,60;oui;rejete
01/11/2023;Fournitures;3763,00;752,60;4515,60;perdu;rejete
02/05/2022;Formation;2957,00;591,40;3548,40;photo floue;valide
14/09/2022;Representation;3109,00;621,80;3730,80;non;en attente
16/03/2022;Telecom;850,99;170,20;1021,19;perdu;valide
06/01/2023;Telecom;800,50;160,10;960,60;photo floue;valide
05/02/2023;Representation;300,99;60,20;361,19;perdu;valide
24/08/2022;Formation;650,00;130,00;780,00;photo floue;rejete
25/02/2023;Hotel;500,00;100,00;600,00;photo floue;valide
13/08/2022;Restaurant;800,00;160,00;960,00;photo floue;rejete
14/04/2022;Telecom;2500,00;500,00;3000,00;photo floue;en attente
08/07/2022;Representation;5500,00;1100,00;6600,00;photo floue;en attente
26/01/2023;Informatique;1000,00;200,00;1200,00;oui;valide
17/10/2023;Telecom;750,00;150,00;900,00;oui;rejete
13/10/2022;Restaurant;200,00;40,00;240,00;photo floue;valide
13/05/2022;Representation;900,00;180,00;1080,00;photo floue;rejete
07/02/2022;Formation;2595,99;519,20;3115,19;perdu;rejete
25/02/2023;Formation;900,00;180,00;1080,00;oui;rejete
24/12/2023;Formation;50,00;10,00;60,00;perdu;en attente
02/07/2023;Representation;90,50;18,10;108,60;oui;rejete
25/04/2023;Telecom;1000,00;200,00;1200,00;non;rejete
03/10/2023;Hotel;150,00;30,00;180,00;photo floue;valide
20/09/2023;Deplacement;250,00;50,00;300,00;non;rejete
25/11/2023;Formation;1392,00;278,40;1670,40;photo floue;en attente
11/09/2022;Transport;9500,00;1900,00;11400,00;oui;valide
30/06/2023;Restaurant;2408,00;481,60;2889,60;oui;rejete
15/09/2023;Telecom;600,00;120,00;720,00;non;rejete
04/02/2023;Hotel;700,00;140,00;840,00;perdu;en attente
23/10/2022;Deplacement;500,00;100,00;600,00;photo floue;valide
02/01/2023;Informatique;4000,99;800,20;4801,19;non;rejete
02/08/2022;Transport;950,00;190,00;1140,00;photo floue;rejete
19/07/2022;Deplacement;3695,00;739,00;4434,00;perdu;en attente
27/01/2022;Restaurant;600,00;120,00;720,00;photo floue;en attente
10/10/2023;Representation;450,00;90,00;540,00;photo floue;en attente
11/06/2023;Informatique;2000,00;400,00;2400,00;non;valide
12/06/2022;Restaurant;4058,50;811,70;4870,20;photo floue;en attente
01/05/2022;Deplacement;3000,00;600,00;3600,00;oui;en attente
12/06/2022;Hotel;300,00;60,00;360,00;perdu;rejete
27/02/2023;Telecom;1500,50;300,10;1800,60;perdu;en attente
04/08/2022;Deplacement;4000,50;800,10;4800,60;non;valide
24/06/2022;Informatique;9500,00;1900,00;11400,00;photo floue;valide
07/12/2023;Representation;550,50;110,10;660,60;perdu;rejete
10/02/2022;Taxi/VTC;1000,00;200,00;1200,00;perdu;valide
23/08/2022;Hotel;300,00;60,00;360,00;perdu;en attente
22/09/2022;Fournitures;750,50;150,10;900,60;photo floue;valide
03/12/2022;Deplacement;2615,99;523,20;3139,19;photo floue;valide
25/09/2022;Formation;1500,00;300,00;1800,00;photo floue;en attente
29/09/2022;Restaurant;2500,00;500,00;3000,00;oui;en attente
13/07/2023;Representation;450,00;90,00;540,00;oui;valide
16/08/2023;Telecom;2730,00;546,00;3276,00;perdu;en attente
18/04/2022;Restaurant;500,99;100,20;601,19;non;en attente
30/07/2023;Taxi/VTC;450,00;90,00;540,00;photo floue;en attente
27/12/2022;Taxi/VTC;300,00;60,00;360,00;photo floue;valide
16/04/2023;Representation;4713,99;942,80;5656,79;perdu;rejete
10/03/2023;Taxi/VTC;500,00;100,00;600,00;oui;valide
26/04/2022;Hotel;8500,00;1700,00;10200,00;non;rejete
02/10/2023;Transport;900,00;180,00;1080,00;non;en attente
04/03/2023;Hotel;200,00;40,00;240,00;non;valide
14/12/2023;Formation;938,00;187,60;1125,60;perdu;rejete
05/02/2022;Formation;1500,99;300,20;1801,19;perdu;en attente
05/08/2023;Hotel;75,50;15,10;90,60;perdu;valide
30/09/2023;Transport;950,00;190,00;1140,00;perdu;en attente
20/09/2022;Restaurant;250,00;50,00;300,00;non;en attente
30/07/2022;Restaurant;4644,00;928,80;5572,80;perdu;valide
05/07/2022;Fournitures;4508,00;901,60;5409,60;perdu;rejete
02/06/2023;Taxi/VTC;700,00;140,00;840,00;oui;rejete
24/08/2022;Deplacement;550,00;110,00;660,00;non;rejete
04/11/2023;Fournitures;3500,50;700,10;4200,60;oui;rejete
15/01/2022;Fournitures;4203,99;840,80;5044,79;non;rejete
18/09/2022;Restaurant;4910,50;982,10;5892,60;perdu;rejete
28/06/2023;Informatique;6000,00;1200,00;7200,00;oui;en attente
12/10/2022;Hotel;1000,00;200,00;1200,00;perdu;rejete
04/06/2023;Taxi/VTC;450,00;90,00;540,00;non;valide
16/11/2022;Informatique;90,00;18,00;108,00;non;en attente
22/02/2022;Telecom;600,00;120,00;720,00;perdu;rejete
28/04/2022;Informatique;900,00;180,00;1080,00;non;en attente
30/12/2023;Taxi/VTC;1924,99;385,00;2309,99;perdu;valide
23/07/2022;Fournitures;240,50;48,10;288,60;perdu;rejete
12/06/2023;Informatique;650,00;130,00;780,00;perdu;en attente
11/08/2023;Restaurant;3160,99;632,20;3793,19;oui;valide
08/11/2023;Hotel;9999,00;1999,80;11998,80;photo floue;valide
02/02/2022;Informatique;350,00;70,00;420,00;photo floue;en attente
03/01/2022;Informatique;950,00;190,00;1140,00;perdu;en attente
02/03/2023;Fournitures;650,00;130,00;780,00;oui;valide
21/08/2022;Informatique;2125,00;425,00;2550,00;non;valide
11/04/2023;Restaurant;600,99;120,20;721,19;photo floue;rejete
05/06/2023;Fournitures;2372,00;474,40;2846,40;photo floue;valide
09/09/2023;Taxi/VTC;1000,50;200,10;1200,60;photo floue;valide
12/07/2022;Taxi/VTC;6000,00;1200,00;7200,00;photo floue;valide
05/09/2022;Informatique;3000,00;600,00;3600,00;non;rejete
19/02/2023;Hotel;90,99;18,20;109,19;oui;valide
05/12/2023;Informatique;200,00;40,00;240,00;perdu;valide
14/03/2022;Transport;1500,00;300,00;1800,00;oui;valide
22/10/2023;Informatique;650,00;130,00;780,00;perdu;en attente
10/09/2023;Hotel;600,50;120,10;720,60;oui;valide
11/02/2023;Representation;3069,00;613,80;3682,80;oui;rejete
04/06/2023;Fournitures;800,99;160,20;961,19;oui;valide
24/11/2023;Transport;600,50;120,10;720,60;perdu;rejete
09/04/2023;Representation;800,99;160,20;961,19;non;en attente
08/04/2022;Informatique;7500,00;1500,00;9000,00;photo floue;en attente
06/08/2022;Taxi/VTC;4985,00;997,00;5982,00;photo floue;valide
06/05/2022;Transport;3000,99;600,20;3601,19;photo floue;rejete
17/02/2023;Restaurant;500,00;100,00;600,00;oui;en attente
03/11/2022;Restaurant;800,00;160,00;960,00;perdu;valide
19/12/2022;Telecom;400,00;80,00;480,00;oui;valide
13/12/2022;Transport;150,00;30,00;180,00;photo floue;valide
01/01/2023;Telecom;900,99;180,20;1081,19;photo floue;rejete
07/12/2023;Fournitures;75,99;15,20;91,19;perdu;rejete
02/07/2022;Informatique;750,00;150,00;900,00;perdu;rejete
19/03/2022;Restaurant;4500,00;900,00;5400,00;photo floue;valide
20/04/2022;Representation;200,99;40,20;241,19;oui;en attente
28/11/2022;Informatique;300,50;60,10;360,60;photo floue;valide
06/11/2022;Telecom;4915,99;983,20;5899,19;oui;rejete
17/11/2022;Fournitures;4835,00;967,00;5802,00;perdu;en attente
07/10/2022;Hotel;5000,00;1000,00;6000,00;perdu;rejete
07/07/2023;Fournitures;8500,50;1700,10;10200,60;photo floue;rejete
08/07/2022;Representation;650,99;130,20;781,19;non;en attente
04/12/2022;Formation;4350,00;870,00;5220,00;non;valide
02/03/2022;Hotel;100,50;20,10;120,60;oui;valide
06/10/2022;Informatique;3000,00;600,00;3600,00;oui;rejete
11/02/2022;Deplacement;3872,50;774,50;4647,00;non;en attente
04/08/2023;Informatique;7500,00;1500,00;9000,00;oui;valide
31/01/2022;Deplacement;120,50;24,10;144,60;photo floue;rejete
04/09/2022;Transport;950,00;190,00;1140,00;oui;en attente
24/06/2022;Restaurant;6000,00;1200,00;7200,00;oui;valide
07/03/2023;Deplacement;3000,00;600,00;3600,00;photo floue;en attente
15/06/2022;Deplacement;950,99;190,20;1141,19;perdu;valide
14/04/2023;Transport;150,00;30,00;180,00;non;en attente
11/09/2023;Hotel;100,99;20,20;121,19;perdu;valide
01/07/2022;Deplacement;700,99;140,20;841,19;photo floue;en attente
09/03/2023;Deplacement;900,00;180,00;1080,00;perdu;rejete
03/05/2023;Taxi/VTC;120,00;24,00;144,00;oui;en attente
23/11/2022;Fournitures;6000,50;1200,10;7200,60;non;en attente
20/02/2023;Representation;300,99;60,20;361,19;photo floue;valide
24/07/2023;Restaurant;150,00;30,00;180,00;non;valide
13/08/2023;Formation;430,00;86,00;516,00;perdu;rejete
15/08/2022;Transport;600,99;120,20;721,19;perdu;valide
12/12/2023;Fournitures;350,00;70,00;420,00;oui;valide
11/06/2022;Fournitures;550,00;110,00;660,00;non;valide
27/04/2023;Informatique;950,00;190,00;1140,00;perdu;rejete
05/02/2022;Hotel;800,50;160,10;960,60;perdu;valide
08/03/2022;Telecom;90,00;18,00;108,00;perdu;valide
30/12/2023;Formation;3000,99;600,20;3601,19;photo floue;rejete
13/03/2022;Informatique;450,00;90,00;540,00;non;en attente
30/06/2022;Deplacement;2500,00;500,00;3000,00;perdu;en attente
26/10/2023;Representation;800,00;160,00;960,00;oui;valide
12/01/2023;Telecom;2108,99;421,80;2530,79;oui;rejete
01/05/2023;Fournitures;1800,00;360,00;2160,00;oui;en attente
19/09/2023;Telecom;9000,50;1800,10;10800,60;non;en attente
29/12/2023;Deplacement;900,00;180,00;1080,00;non;rejete
15/05/2023;Representation;500,00;100,00;600,00;perdu;rejete
11/06/2023;Deplacement;700,00;140,00;840,00;non;valide
18/09/2023;Telecom;8500,99;1700,20;10201,19;photo floue;valide
21/10/2022;Telecom;4031,50;806,30;4837,80;non;valide
09/07/2023;Telecom;750,00;150,00;900,00;oui;rejete
18/01/2023;Hotel;2500,99;500,20;3001,19;non;valide
23/09/2023;Restaurant;650,99;130,20;781,19;photo floue;rejete
19/08/2023;Informatique;4000,00;800,00;4800,00;non;en attente
15/06/2023;Formation;800,00;160,00;960,00;non;en attente
22/11/2023;Hotel;2836,00;567,20;3403,20;non;rejete
01/12/2022;Representation;100,99;20,20;121,19;oui;valide
09/02/2023;Informatique;3500,99;700,20;4201,19;photo floue;rejete
20/02/2022;Representation;1500,50;300,10;1800,60;photo floue;valide
27/04/2022;Fournitures;1800,00;360,00;2160,00;oui;valide
07/12/2023;Fournitures;2500,00;500,00;3000,00;non;valide
26/08/2022;Transport;5000,00;1000,00;6000,00;photo floue;rejete
31/10/2023;Taxi/VTC;1000,99;200,20;1201,19;oui;en attente
21/07/2023;Informatique;7000,50;1400,10;8400,60;oui;en attente
20/05/2023;Taxi/VTC;650,00;130,00;780,00;oui;valide
16/09/2023;Representation;900,00;180,00;1080,00;perdu;rejete
24/03/2022;Restaurant;4919,50;983,90;5903,40;perdu;rejete
10/06/2022;Representation;4000,00;800,00;4800,00;oui;rejete
26/03/2023;Hotel;150,99;30,20;181,19;photo floue;rejete
21/07/2022;Hotel;950,00;190,00;1140,00;oui;valide
19/05/2023;Restaurant;2500,99;500,20;3001,19;non;valide
22/09/2022;Restaurant;800,00;160,00;960,00;perdu;valide
08/05/2023;Representation;4000,00;800,00;4800,00;non;en attente
02/06/2023;Informatique;3815,00;763,00;4578,00;photo floue;en attente
06/01/2023;Formation;650,99;130,20;781,19;non;en attente
30/12/2022;Informatique;2966,00;593,20;3559,20;perdu;valide
02/11/2022;Transport;1749,00;349,80;2098,80;oui;valide
06/10/2023;Restaurant;9999,00;1999,80;11998,80;oui;rejete
21/04/2023;Telecom;700,00;140,00;840,00;non;rejete
17/01/2023;Deplacement;800,00;160,00;960,00;photo floue;valide
31/05/2023;Taxi/VTC;9000,00;1800,00;10800,00;oui;en attente
08/04/2023;Informatique;1000,00;200,00;1200,00;non;valide
24/10/2023;Fournitures;1622,00;324,40;1946,40;perdu;valide
08/09/2022;Telecom;5000,99;1000,20;6001,19;perdu;valide
11/10/2023;Fournitures;4000,00;800,00;4800,00;perdu;en attente
02/06/2022;Fournitures;2000,00;400,00;2400,00;photo floue;rejete
12/12/2022;Informatique;800,00;160,00;960,00;perdu;rejete
12/04/2022;Fournitures;1000,00;200,00;1200,00;photo floue;valide
16/02/2022;Restaurant;90,99;18,20;109,19;photo floue;valide
20/02/2022;Representation;4000,00;800,00;4800,00;photo floue;rejete
12/10/2022;Fournitures;1953,00;390,60;2343,60;perdu;rejete
07/04/2023;Transport;150,99;30,20;181,19;perdu;rejete
15/08/2022;Transport;4000,00;800,00;4800,00;non;rejete
29/12/2023;Informatique;9000,00;1800,00;10800,00;oui;valide
08/11/2023;Representation;350,50;70,10;420,60;perdu;valide
05/07/2023;Restaurant;2620,50;524,10;3144,60;oui;rejete
28/04/2022;Hotel;700,00;140,00;840,00;perdu;en attente
03/08/2022;Formation;75,50;15,10;90,60;perdu;valide
12/11/2023;Telecom;942,00;188,40;1130,40;perdu;en attente
06/06/2022;Hotel;175,00;35,00;210,00;photo floue;en attente
11/03/2023;Fournitures;750,00;150,00;900,00;non;valide
31/01/2022;Deplacement;1556,50;311,30;1867,80;perdu;en attente
01/07/2022;Fournitures;1834,00;366,80;2200,80;perdu;en attente
29/09/2023;Telecom;6000,00;1200,00;7200,00;non;en attente
02/06/2022;Formation;80,99;16,20;97,19;perdu;rejete
16/06/2022;Hotel;3918,00;783,60;4701,60;perdu;rejete
10/07/2023;Hotel;9999,00;1999,80;11998,80;oui;valide
19/03/2023;Representation;2000,50;400,10;2400,60;photo floue;valide
25/10/2022;Restaurant;90,00;18,00;108,00;non;rejete
06/05/2022;Hotel;3455,00;691,00;4146,00;photo floue;rejete
07/02/2022;Hotel;9000,00;1800,00;10800,00;oui;rejete
22/06/2022;Hotel;2518,99;503,80;3022,79;perdu;rejete
23/02/2022;Deplacement;2500,00;500,00;3000,00;non;rejete
03/12/2022;Restaurant;3093,99;618,80;3712,79;oui;en attente
12/11/2022;Restaurant;3000,00;600,00;3600,00;oui;rejete
10/03/2023;Fournitures;300,99;60,20;361,19;perdu;valide
11/08/2023;Transport;500,99;100,20;601,19;perdu;en attente
02/03/2022;Restaurant;250,99;50,20;301,19;photo floue;en attente
21/08/2022;Deplacement;7000,00;1400,00;8400,00;photo floue;valide
01/10/2023;Restaurant;1115,00;223,00;1338,00;photo floue;valide
12/03/2023;Formation;150,50;30,10;180,60;non;en attente
09/03/2023;Restaurant;1200,99;240,20;1441,19;perdu;en attente
21/12/2022;Taxi/VTC;8000,99;1600,20;9601,19;photo floue;valide
14/10/2023;Informatique;600,99;120,20;721,19;perdu;rejete
30/01/2023;Hotel;3000,00;600,00;3600,00;photo floue;valide
22/02/2023;Restaurant;500,00;100,00;600,00;photo floue;valide
25/07/2023;Representation;700,00;140,00;840,00;perdu;en attente
07/07/2023;Hotel;1500,00;300,00;1800,00;non;rejete
20/12/2023;Taxi/VTC;750,00;150,00;900,00;non;rejete
01/07/2022;Hotel;548,50;109,70;658,20;photo floue;en attente
29/03/2022;Deplacement;5000,00;1000,00;6000,00;oui;valide
02/08/2023;Telecom;350,50;70,10;420,60;oui;en attente
31/08/2022;Representation;900,00;180,00;1080,00;non;valide
23/08/2022;Informatique;1902,99;380,60;2283,59;non;en attente
11/06/2023;Representation;2500,99;500,20;3001,19;photo floue;rejete
06/05/2023;Restaurant;100,00;20,00;120,00;perdu;en attente
27/03/2023;Hotel;550,99;110,20;661,19;oui;valide
24/10/2023;Fournitures;350,99;70,20;421,19;photo floue;valide
17/08/2022;Taxi/VTC;750,00;150,00;900,00;perdu;rejete
11/08/2022;Hotel;900,50;180,10;1080,60;photo floue;rejete
22/07/2022;Taxi/VTC;850,00;170,00;1020,00;oui;rejete
07/11/2022;Restaurant;700,99;140,20;841,19;photo floue;en attente
14/02/2022;Representation;100,99;20,20;121,19;oui;en attente
09/10/2023;Transport;350,00;70,00;420,00;perdu;en attente
27/04/2023;Representation;450,00;90,00;540,00;non;en attente
27/07/2023;Fournitures;6000,00;1200,00;7200,00;oui;rejete
20/04/2023;Hotel;4365,99;873,20;5239,19;oui;rejete
26/12/2022;Formation;4500,50;900,10;5400,60;oui;en attente
20/05/2023;Transport;850,00;170,00;1020,00;non;rejete
03/09/2023;Fournitures;2132,50;426,50;2559,00;photo floue;valide
29/09/2023;Formation;400,00;80,00;480,00;perdu;en attente
26/03/2022;Formation;5000,00;1000,00;6000,00;non;rejete
05/06/2023;Formation;3198,00;639,60;3837,60;perdu;en attente
05/12/2023;Hotel;900,00;180,00;1080,00;perdu;en attente
12/07/2022;Deplacement;750,99;150,20;901,19;oui;valide
14/11/2023;Deplacement;800,00;160,00;960,00;perdu;en attente
30/05/2023;Transport;4500,00;900,00;5400,00;perdu;valide
04/08/2023;Informatique;9999,00;1999,80;11998,80;photo floue;rejete
06/07/2022;Representation;4681,00;936,20;5617,20;non;en attente
04/05/2022;Telecom;900,00;180,00;1080,00;perdu;en attente
01/01/2023;Fournitures;9000,00;1800,00;10800,00;photo floue;en attente
17/11/2023;Informatique;3905,00;781,00;4686,00;perdu;en attente
20/03/2022;Formation;2500,50;500,10;3000,60;oui;rejete
16/09/2023;Transport;500,00;100,00;600,00;perdu;rejete
19/11/2022;Telecom;950,00;190,00;1140,00;perdu;en attente
21/01/2022;Transport;850,00;170,00;1020,00;photo floue;en attente
30/05/2022;Fournitures;300,00;60,00;360,00;non;rejete
23/09/2023;Hotel;850,00;170,00;1020,00;perdu;rejete
05/09/2022;Fournitures;650,50;130,10;780,60;perdu;valide
29/06/2023;Hotel;200,50;40,10;240,60;non;rejete
04/01/2022;Restaurant;9500,99;1900,20;11401,19;perdu;valide
21/09/2022;Restaurant;4500,00;900,00;5400,00;non;en attente
28/06/2022;Formation;2000,99;400,20;2401,19;perdu;valide
22/01/2022;Transport;1200,00;240,00;1440,00;oui;rejete
19/07/2022;Formation;2501,99;500,40;3002,39;photo floue;en attente
24/07/2022;Formation;600,00;120,00;720,00;non;en attente
01/11/2022;Restaurant;120,00;24,00;144,00;non;rejete
08/10/2023;Fournitures;4407,00;881,40;5288,40;photo floue;en attente
02/02/2023;Formation;1200,99;240,20;1441,19;non;valide
02/09/2023;Taxi/VTC;1800,99;360,20;2161,19;photo floue;rejete
10/11/2023;Telecom;2842,00;568,40;3410,40;photo floue;en attente
02/05/2023;Telecom;500,00;100,00;600,00;non;rejete
01/09/2023;Informatique;9500,00;1900,00;11400,00;photo floue;valide
03/08/2022;Taxi/VTC;1000,00;200,00;1200,00;non;valide
18/02/2023;Transport;1832,00;366,40;2198,40;oui;valide
15/12/2023;Telecom;600,50;120,10;720,60;non;valide
01/12/2022;Telecom;300,00;60,00;360,00;perdu;valide
29/03/2022;Taxi/VTC;150,00;30,00;180,00;photo floue;en attente
14/05/2022;Hotel;100,50;20,10;120,60;oui;en attente
08/11/2022;Transport;1200,50;240,10;1440,60;non;valide
16/04/2023;Deplacement;6000,00;1200,00;7200,00;oui;valide
19/09/2023;Informatique;200,00;40,00;240,00;photo floue;en attente
03/11/2022;Formation;4215,00;843,00;5058,00;perdu;en attente
03/07/2022;Fournitures;2500,00;500,00;3000,00;photo floue;en attente
12/05/2022;Transport;750,00;150,00;900,00;perdu;valide
05/03/2023;Fournitures;2000,99;400,20;2401,19;perdu;rejete
15/02/2023;Representation;800,00;160,00;960,00;oui;valide
11/06/2023;Formation;4761,99;952,40;5714,39;perdu;en attente
09/08/2023;Restaurant;120,00;24,00;144,00;perdu;en attente
16/12/2022;Formation;1800,00;360,00;2160,00;photo floue;en attente
03/04/2023;Deplacement;90,00;18,00;108,00;non;valide
27/04/2022;Telecom;832,50;166,50;999,00;photo floue;valide
18/03/2023;Formation;750,50;150,10;900,60;oui;valide
23/07/2022;Formation;800,50;160,10;960,60;photo floue;valide
22/09/2023;Restaurant;3500,00;700,00;4200,00;non;rejete
25/07/2022;Hotel;750,50;150,10;900,60;oui;en attente
23/06/2023;Deplacement;3000,00;600,00;3600,00;perdu;rejete
18/01/2022;Hotel;8000,99;1600,20;9601,19;perdu;en attente
18/10/2022;Restaurant;100,99;20,20;121,19;perdu;rejete
21/02/2022;Transport;1800,00;360,00;2160,00;oui;rejete
13/06/2022;Transport;500,99;100,20;601,19;perdu;valide
13/07/2023;Fournitures;9999,00;1999,80;11998,80;oui;valide
16/07/2023;Formation;100,50;20,10;120,60;oui;en attente
12/10/2022;Telecom;800,99;160,20;961,19;photo floue;valide
11/05/2023;Telecom;450,00;90,00;540,00;perdu;en attente
02/05/2022;Telecom;1500,00;300,00;1800,00;oui;en attente
05/06/2022;Formation;1500,99;300,20;1801,19;perdu;rejete
29/05/2022;Deplacement;1800,50;360,10;2160,60;non;rejete
07/01/2022;Transport;600,00;120,00;720,00;non;rejete
30/04/2023;Hotel;4404,00;880,80;5284,80;oui;rejete
28/09/2022;Representation;8000,00;1600,00;9600,00;oui;en attente
25/03/2022;Representation;7000,00;1400,00;8400,00;perdu;en attente
29/01/2023;Fournitures;850,00;170,00;1020,00;photo floue;rejete
18/05/2022;Telecom;450,00;90,00;540,00;perdu;valide
26/03/2023;Fournitures;4818,00;963,60;5781,60;perdu;en attente
21/10/2023;Restaurant;600,00;120,00;720,00;perdu;rejete
23/01/2022;Deplacement;2500,99;500,20;3001,19;perdu;rejete
11/02/2023;Telecom;1000,50;200,10;1200,60;non;rejete
25/02/2023;Representation;900,00;180,00;1080,00;non;rejete
03/03/2022;Deplacement;3500,00;700,00;4200,00;photo floue;rejete
04/12/2023;Hotel;100,50;20,10;120,60;photo floue;en attente
19/05/2023;Deplacement;80,50;16,10;96,60;photo floue;rejete
15/12/2023;Taxi/VTC;550,99;110,20;661,19;perdu;rejete
03/07/2023;Restaurant;2592,00;518,40;3110,40;oui;valide
24/03/2022;Deplacement;850,50;170,10;1020,60;non;en attente
01/09/2023;Taxi/VTC;7000,50;1400,10;8400,60;oui;en attente
31/12/2023;Telecom;75,00;15,00;90,00;perdu;rejete
22/07/2022;Restaurant;7500,00;1500,00;9000,00;non;en attente
05/01/2023;Hotel;900,00;180,00;1080,00;photo floue;rejete
16/06/2023;Telecom;1356,00;271,20;1627,20;perdu;en attente
04/06/2023;Taxi/VTC;2830,99;566,20;3397,19;non;valide
10/07/2023;Formation;400,99;80,20;481,19;oui;valide
01/12/2022;Formation;2068,00;413,60;2481,60;oui;en attente
29/10/2022;Informatique;500,00;100,00;600,00;non;valide
05/04/2023;Deplacement;5000,00;1000,00;6000,00;oui;valide
08/01/2023;Representation;850,99;170,20;1021,19;oui;valide
23/01/2023;Telecom;90,00;18,00;108,00;photo floue;rejete
23/03/2022;Restaurant;5000,00;1000,00;6000,00;oui;valide
11/12/2023;Hotel;2000,99;400,20;2401,19;photo floue;valide
25/11/2023;Transport;3000,00;600,00;3600,00;perdu;valide
01/12/2023;Informatique;700,00;140,00;840,00;non;valide
21/05/2023;Telecom;950,99;190,20;1141,19;non;valide
05/05/2023;Restaurant;350,00;70,00;420,00;non;rejete
21/02/2022;Hotel;600,00;120,00;720,00;photo floue;valide
02/05/2023;Fournitures;350,00;70,00;420,00;photo floue;valide
23/05/2022;Restaurant;1500,50;300,10;1800,60;oui;rejete
05/09/2022;Taxi/VTC;8000,50;1600,10;9600,60;perdu;rejete
03/10/2023;Taxi/VTC;800,00;160,00;960,00;photo floue;valide
19/11/2022;Taxi/VTC;700,00;140,00;840,00;non;rejete
26/12/2022;Telecom;800,00;160,00;960,00;perdu;rejete
09/06/2022;Taxi/VTC;6000,50;1200,10;7200,60;photo floue;valide
21/02/2022;Informatique;4021,99;804,40;4826,39;photo floue;rejete
05/06/2022;Formation;711,99;142,40;854,39;photo floue;rejete
19/04/2023;Fournitures;2454,99;491,00;2945,99;oui;en attente
01/12/2022;Restaurant;5000,99;1000,20;6001,19;photo floue;rejete
15/12/2023;Fournitures;357,00;71,40;428,40;perdu;rejete
05/01/2023;Telecom;800,00;160,00;960,00;oui;valide
24/01/2023;Taxi/VTC;3789,99;758,00;4547,99;photo floue;en attente
05/01/2022;Informatique;350,50;70,10;420,60;perdu;valide
05/10/2023;Hotel;500,00;100,00;600,00;photo floue;rejete
23/01/2022;Transport;950,50;190,10;1140,60;perdu;rejete
08/09/2023;Fournitures;1917,00;383,40;2300,40;non;en attente
25/12/2023;Hotel;1266,00;253,20;1519,20;photo floue;valide
26/04/2023;Informatique;950,50;190,10;1140,60;oui;valide
30/08/2023;Deplacement;903,00;180,60;1083,60;non;valide
19/06/2022;Deplacement;100,50;20,10;120,60;perdu;valide
16/03/2023;Fournitures;6000,00;1200,00;7200,00;non;en attente
21/10/2022;Informatique;300,00;60,00;360,00;photo floue;rejete
31/12/2022;Informatique;250,00;50,00;300,00;non;rejete
09/06/2022;Taxi/VTC;7000,99;1400,20;8401,19;non;rejete
10/08/2023;Hotel;2468,50;493,70;2962,20;oui;en attente
05/07/2023;Informatique;4175,00;835,00;5010,00;non;valide
13/06/2023;Restaurant;7500,00;1500,00;9000,00;perdu;rejete
18/09/2022;Transport;900,00;180,00;1080,00;non;valide
17/09/2023;Formation;800,00;160,00;960,00;perdu;rejete
18/12/2022;Fournitures;1000,50;200,10;1200,60;photo floue;en attente
31/03/2023;Hotel;250,00;50,00;300,00;oui;en attente
24/09/2022;Deplacement;5000,00;1000,00;6000,00;photo floue;en attente
13/05/2022;Hotel;80,00;16,00;96,00;non;en attente
13/08/2022;Fournitures;550,50;110,10;660,60;oui;rejete
02/04/2022;Transport;300,00;60,00;360,00;oui;valide
28/08/2022;Restaurant;3820,00;764,00;4584,00;perdu;rejete
30/05/2023;Informatique;6000,99;1200,20;7201,19;oui;rejete
08/10/2023;Restaurant;120,00;24,00;144,00;non;valide
31/08/2023;Informatique;500,50;100,10;600,60;non;valide
22/03/2023;Deplacement;800,50;160,10;960,60;photo floue;valide
17/10/2022;Informatique;2383,50;476,70;2860,20;oui;rejete
27/07/2022;Fournitures;95,00;19,00;114,00;perdu;en attente
01/09/2023;Hotel;9500,00;1900,00;11400,00;non;rejete
16/01/2023;Deplacement;120,00;24,00;144,00;oui;valide
01/12/2023;Taxi/VTC;500,00;100,00;600,00;oui;rejete
15/01/2023;Restaurant;5000,00;1000,00;6000,00;non;rejete
21/10/2023;Informatique;3573,00;714,60;4287,60;photo floue;en attente
15/12/2022;Fournitures;700,00;140,00;840,00;oui;en attente
11/01/2023;Telecom;2000,00;400,00;2400,00;non;en attente
23/06/2023;Restaurant;800,00;160,00;960,00;perdu;valide
12/04/2023;Representation;200,50;40,10;240,60;perdu;rejete
28/09/2022;Informatique;2500,00;500,00;3000,00;perdu;valide
09/03/2023;Telecom;1032,99;206,60;1239,59;photo floue;rejete
11/04/2023;Restaurant;3000,50;600,10;3600,60;photo floue;rejete
27/11/2022;Formation;450,00;90,00;540,00;oui;rejete
21/01/2022;Hotel;9000,99;1800,20;10801,19;photo floue;rejete
28/10/2023;Hotel;500,99;100,20;601,19;perdu;rejete
04/02/2023;Telecom;800,00;160,00;960,00;photo floue;valide
24/05/2023;Telecom;2000,00;400,00;2400,00;photo floue;valide
06/06/2022;Taxi/VTC;1000,00;200,00;1200,00;oui;valide
11/11/2023;Hotel;1000,00;200,00;1200,00;photo floue;rejete
09/11/2023;Restaurant;650,00;130,00;780,00;oui;rejete
23/11/2022;Deplacement;4601,00;920,20;5521,20;photo floue;valide
12/03/2022;Restaurant;50,99;10,20;61,19;perdu;valide
09/10/2022;Representation;1200,00;240,00;1440,00;oui;valide
05/08/2023;Telecom;450,00;90,00;540,00;perdu;rejete
24/11/2022;Formation;950,00;190,00;1140,00;perdu;en attente
25/11/2023;Representation;3124,00;624,80;3748,80;non;valide
07/07/2023;Representation;80,50;16,10;96,60;non;valide
15/04/2023;Deplacement;400,00;80,00;480,00;oui;valide
01/06/2023;Telecom;5000,00;1000,00;6000,00;non;rejete
03/12/2022;Fournitures;500,99;100,20;601,19;oui;valide
04/06/2023;Taxi/VTC;1000,00;200,00;1200,00;photo floue;en attente
01/12/2022;Hotel;500,00;100,00;600,00;photo floue;en attente
02/03/2023;Fournitures;1739,00;347,80;2086,80;photo floue;rejete
23/11/2023;Fournitures;500,50;100,10;600,60;photo floue;valide
26/06/2022;Formation;4093,99;818,80;4912,79;photo floue;en attente
16/05/2023;Restaurant;4875,00;975,00;5850,00;photo floue;valide
29/04/2022;Formation;175,00;35,00;210,00;perdu;valide
20/07/2022;Transport;1500,00;300,00;1800,00;perdu;valide
22/09/2023;Hotel;400,00;80,00;480,00;photo floue;valide
21/10/2023;Representation;4000,50;800,10;4800,60;photo floue;valide
23/10/2023;Fournitures;2782,50;556,50;3339,00;oui;en attente
18/03/2023;Hotel;4453,00;890,60;5343,60;perdu;valide
12/09/2022;Hotel;500,50;100,10;600,60;oui;valide
07/05/2022;Telecom;350,00;70,00;420,00;non;rejete
04/11/2023;Restaurant;1985,99;397,20;2383,19;oui;rejete
07/10/2023;Fournitures;7000,50;1400,10;8400,60;oui;rejete
02/09/2022;Fournitures;1000,00;200,00;1200,00;perdu;valide
17/06/2023;Informatique;250,99;50,20;301,19;non;valide
03/10/2022;Informatique;1800,50;360,10;2160,60;photo floue;rejete
18/11/2023;Taxi/VTC;1221,50;244,30;1465,80;photo floue;rejete
26/08/2023;Transport;1000,50;200,10;1200,60;perdu;rejete
22/11/2023;Hotel;650,00;130,00;780,00;non;rejete
25/06/2022;Telecom;1800,99;360,20;2161,19;non;en attente
21/03/2023;Transport;3384,50;676,90;4061,40;photo floue;en attente
04/02/2022;Hotel;1200,00;240,00;1440,00;oui;en attente
09/04/2023;Telecom;100,50;20,10;120,60;oui;rejete
08/03/2023;Deplacement;1613,50;322,70;1936,20;photo floue;rejete
18/12/2022;Restaurant;950,00;190,00;1140,00;perdu;en attente
25/10/2023;Hotel;1200,50;240,10;1440,60;non;rejete
28/01/2022;Telecom;6000,00;1200,00;7200,00;photo floue;rejete
10/10/2022;Formation;350,50;70,10;420,60;perdu;en attente
25/12/2023;Transport;4523,99;904,80;5428,79;photo floue;en attente
08/06/2023;Restaurant;300,00;60,00;360,00;non;rejete
06/05/2022;Representation;100,00;20,00;120,00;oui;valide
10/02/2022;Hotel;750,00;150,00;900,00;photo floue;en attente
05/06/2022;Restaurant;400,00;80,00;480,00;photo floue;valide
25/08/2022;Fournitures;359,00;71,80;430,80;oui;en attente
02/08/2023;Transport;6000,00;1200,00;7200,00;perdu;rejete
26/10/2022;Informatique;1654,00;330,80;1984,80;non;en attente
02/12/2022;Formation;700,99;140,20;841,19;perdu;en attente
12/10/2022;Formation;450,50;90,10;540,60;perdu;valide
21/08/2022;Transport;9999,99;2000,00;11999,99;photo floue;rejete
04/10/2022;Transport;800,00;160,00;960,00;photo floue;rejete
15/08/2022;Representation;750,00;150,00;900,00;photo floue;en attente
20/11/2023;Telecom;2500,00;500,00;3000,00;photo floue;en attente
22/06/2023;Deplacement;871,00;174,20;1045,20;oui;valide
16/05/2023;Fournitures;450,00;90,00;540,00;photo floue;en attente
02/04/2022;Representation;3000,00;600,00;3600,00;non;valide
15/05/2023;Taxi/VTC;1500,00;300,00;1800,00;non;rejete
08/04/2022;Deplacement;800,00;160,00;960,00;non;valide
18/09/2022;Restaurant;80,00;16,00;96,00;perdu;en attente
22/01/2023;Telecom;900,00;180,00;1080,00;perdu;valide
15/12/2022;Transport;1653,50;330,70;1984,20;photo floue;en attente
17/06/2023;Telecom;450,99;90,20;541,19;photo floue;rejete
01/12/2022;Deplacement;2113,00;422,60;2535,60;photo floue;rejete
23/03/2023;Formation;1834,00;366,80;2200,80;oui;valide
16/08/2023;Hotel;2000,99;400,20;2401,19;non;en attente
20/01/2022;Taxi/VTC;1911,00;382,20;2293,20;photo floue;rejete
08/02/2023;Formation;1000,99;200,20;1201,19;non;valide
13/06/2023;Taxi/VTC;1500,99;300,20;1801,19;oui;rejete
09/11/2022;Deplacement;100,99;20,20;121,19;perdu;en attente
02/10/2023;Representation;400,00;80,00;480,00;oui;rejete
31/08/2022;Deplacement;100,00;20,00;120,00;photo floue;rejete
22/11/2023;Formation;600,00;120,00;720,00;non;en attente
27/09/2022;Taxi/VTC;3930,00;786,00;4716,00;perdu;en attente
31/01/2023;Fournitures;4000,99;800,20;4801,19;oui;en attente
16/03/2022;Fournitures;90,00;18,00;108,00;non;valide
23/10/2023;Taxi/VTC;600,50;120,10;720,60;photo floue;en attente
26/11/2023;Fournitures;250,99;50,20;301,19;non;en attente
29/01/2023;Restaurant;80,00;16,00;96,00;oui;rejete
01/05/2022;Telecom;1200,00;240,00;1440,00;perdu;en attente
29/03/2022;Fournitures;5000,99;1000,20;6001,19;non;rejete
05/08/2023;Transport;550,00;110,00;660,00;non;valide
17/01/2023;Deplacement;900,00;180,00;1080,00;oui;en attente
22/07/2023;Hotel;300,00;60,00;360,00;perdu;en attente
19/09/2023;Taxi/VTC;1000,00;200,00;1200,00;photo floue;en attente
02/07/2022;Telecom;500,00;100,00;600,00;photo floue;en attente
11/10/2022;Representation;650,00;130,00;780,00;photo floue;valide
20/01/2023;Representation;8000,99;1600,20;9601,19;oui;en attente
22/08/2023;Hotel;500,00;100,00;600,00;photo floue;en attente
15/10/2023;Transport;740,99;148,20;889,19;oui;valide
16/07/2022;Representation;300,99;60,20;361,19;perdu;rejete
04/07/2023;Transport;2661,00;532,20;3193,20;photo floue;rejete
31/01/2023;Telecom;250,99;50,20;301,19;non;valide
25/05/2022;Deplacement;100,00;20,00;120,00;oui;rejete
08/06/2022;Taxi/VTC;9000,00;1800,00;10800,00;photo floue;valide
19/08/2022;Formation;4525,00;905,00;5430,00;perdu;en attente
06/02/2023;Informatique;9000,99;1800,20;10801,19;perdu;valide
19/05/2023;Taxi/VTC;80,00;16,00;96,00;non;en attente
14/03/2023;Representation;3416,00;683,20;4099,20;oui;en attente
19/07/2023;Restaurant;1800,00;360,00;2160,00;non;valide
05/10/2022;Telecom;1200,99;240,20;1441,19;oui;rejete
28/04/2022;Restaurant;1500,00;300,00;1800,00;non;rejete
09/02/2022;Formation;900,00;180,00;1080,00;non;valide
28/05/2023;Informatique;300,50;60,10;360,60;non;rejete
08/01/2023;Transport;844,00;168,80;1012,80;photo floue;rejete
30/04/2022;Deplacement;90,50;18,10;108,60;oui;rejete
18/06/2022;Restaurant;600,99;120,20;721,19;non;valide
08/02/2023;Telecom;600,50;120,10;720,60;oui;en attente
25/09/2022;Formation;4000,00;800,00;4800,00;perdu;valide
03/04/2022;Transport;600,99;120,20;721,19;photo floue;valide
22/11/2023;Telecom;200,00;40,00;240,00;photo floue;rejete
27/12/2022;Taxi/VTC;3670,00;734,00;4404,00;non;rejete
25/09/2023;Taxi/VTC;750,00;150,00;900,00;oui;rejete
22/03/2022;Telecom;900,50;180,10;1080,60;non;valide
09/03/2022;Deplacement;800,00;160,00;960,00;perdu;en attente
31/05/2022;Transport;803,50;160,70;964,20;photo floue;rejete
25/12/2023;Informatique;1799,50;359,90;2159,40;oui;en attente
05/09/2022;Fournitures;4500,99;900,20;5401,19;perdu;rejete
18/02/2022;Formation;50,50;10,10;60,60;perdu;rejete
04/09/2022;Deplacement;2937,00;587,40;3524,40;photo floue;valide
20/12/2022;Deplacement;4500,00;900,00;5400,00;non;en attente
31/08/2023;Representation;1800,00;360,00;2160,00;non;valide
01/10/2023;Taxi/VTC;4719,50;943,90;5663,40;photo floue;en attente
03/09/2022;Restaurant;5000,00;1000,00;6000,00;photo floue;valide
04/01/2023;Taxi/VTC;5000,00;1000,00;6000,00;oui;valide
24/03/2023;Representation;5000,00;1000,00;6000,00;oui;en attente
17/04/2023;Taxi/VTC;500,00;100,00;600,00;perdu;rejete
01/04/2023;Representation;1500,00;300,00;1800,00;photo floue;en attente
06/03/2023;Taxi/VTC;750,00;150,00;900,00;photo floue;valide
27/03/2022;Deplacement;650,50;130,10;780,60;perdu;en attente
04/11/2022;Representation;4500,99;900,20;5401,19;non;rejete
31/07/2023;Deplacement;800,99;160,20;961,19;photo floue;en attente
28/02/2023;Hotel;690,50;138,10;828,60;perdu;valide
28/05/2022;Telecom;150,00;30,00;180,00;perdu;en attente
18/08/2022;Informatique;3000,00;600,00;3600,00;perdu;valide
03/11/2022;Formation;100,00;20,00;120,00;non;en attente
04/08/2023;Telecom;3797,50;759,50;4557,00;perdu;valide
21/04/2023;Representation;6000,00;1200,00;7200,00;oui;rejete
06/02/2023;Transport;1000,00;200,00;1200,00;perdu;en attente
28/01/2023;Telecom;500,00;100,00;600,00;perdu;rejete
14/11/2023;Transport;4732,99;946,60;5679,59;perdu;en attente
29/11/2023;Formation;3562,00;712,40;4274,40;non;valide
03/05/2023;Restaurant;231,00;46,20;277,20;non;rejete
04/03/2023;Taxi/VTC;1800,50;360,10;2160,60;photo floue;valide
09/06/2023;Fournitures;900,00;180,00;1080,00;non;valide
08/10/2023;Informatique;200,50;40,10;240,60;photo floue;rejete
17/07/2022;Restaurant;900,00;180,00;1080,00;non;rejete
30/09/2023;Transport;500,50;100,10;600,60;oui;rejete
13/04/2022;Transport;700,00;140,00;840,00;oui;valide
21/06/2022;Fournitures;3218,00;643,60;3861,60;perdu;en attente
08/08/2022;Telecom;3500,00;700,00;4200,00;photo floue;en attente
13/09/2023;Transport;700,00;140,00;840,00;non;valide
02/07/2023;Representation;9500,50;1900,10;11400,60;photo floue;en attente
28/06/2023;Restaurant;350,00;70,00;420,00;oui;rejete
02/12/2023;Representation;900,50;180,10;1080,60;oui;valide
09/04/2022;Restaurant;950,00;190,00;1140,00;photo floue;en attente
08/07/2023;Informatique;4169,00;833,80;5002,80;non;rejete
30/12/2022;Deplacement;4500,50;900,10;5400,60;perdu;valide
17/05/2022;Formation;50,00;10,00;60,00;oui;en attente
14/10/2022;Representation;300,00;60,00;360,00;non;valide
12/12/2023;Hotel;6000,00;1200,00;7200,00;photo floue;valide
07/06/2022;Restaurant;4894,00;978,80;5872,80;oui;en attente
02/09/2022;Restaurant;650,00;130,00;780,00;perdu;valide
16/04/2022;Taxi/VTC;400,00;80,00;480,00;perdu;rejete
06/10/2023;Formation;950,00;190,00;1140,00;photo floue;valide
04/12/2023;Representation;900,00;180,00;1080,00;perdu;valide
31/08/2022;Taxi/VTC;1000,00;200,00;1200,00;oui;valide
30/01/2022;Hotel;1200,50;240,10;1440,60;non;en attente
12/09/2022;Formation;355,00;71,00;426,00;oui;en attente
28/04/2022;Formation;9000,99;1800,20;10801,19;perdu;rejete
20/07/2023;Informatique;3395,50;679,10;4074,60;perdu;valide
18/05/2023;Informatique;300,99;60,20;361,19;photo floue;rejete
28/04/2023;Transport;5000,00;1000,00;6000,00;oui;valide
20/01/2023;Informatique;150,99;30,20;181,19;perdu;en attente
27/03/2023;Formation;900,00;180,00;1080,00;perdu;en attente
06/06/2023;Transport;4807,00;961,40;5768,40;perdu;rejete
29/09/2022;Transport;3000,99;600,20;3601,19;non;valide
05/06/2023;Hotel;853,50;170,70;1024,20;oui;en attente
31/10/2022;Telecom;9000,00;1800,00;10800,00;non;valide
11/11/2022;Telecom;500,50;100,10;600,60;non;valide
31/05/2022;Fournitures;600,50;120,10;720,60;non;en attente
30/07/2023;Fournitures;1740,00;348,00;2088,00;non;valide
12/03/2022;Deplacement;400,00;80,00;480,00;perdu;rejete
15/05/2022;Informatique;500,00;100,00;600,00;photo floue;valide
13/11/2023;Deplacement;350,99;70,20;421,19;non;valide
15/06/2023;Restaurant;1800,00;360,00;2160,00;oui;valide
24/05/2022;Representation;3000,99;600,20;3601,19;photo floue;valide
29/08/2022;Restaurant;1500,00;300,00;1800,00;perdu;en attente
25/03/2023;Hotel;950,99;190,20;1141,19;photo floue;en attente
22/05/2023;Restaurant;750,50;150,10;900,60;oui;rejete
07/02/2023;Telecom;9000,99;1800,20;10801,19;perdu;rejete
18/10/2022;Hotel;7500,00;1500,00;9000,00;photo floue;rejete
15/09/2023;Telecom;1200,00;240,00;1440,00;oui;en attente
23/05/2022;Fournitures;200,00;40,00;240,00;non;valide
22/12/2023;Formation;500,99;100,20;601,19;photo floue;valide
06/12/2023;Formation;120,50;24,10;144,60;perdu;valide
15/08/2022;Fournitures;900,00;180,00;1080,00;non;valide
04/03/2022;Informatique;2500,00;500,00;3000,00;photo floue;valide
11/11/2022;Telecom;900,99;180,20;1081,19;photo floue;en attente
20/08/2023;Formation;1000,50;200,10;1200,60;oui;rejete
01/11/2022;Formation;500,00;100,00;600,00;photo floue;rejete
23/06/2023;Hotel;1800,00;360,00;2160,00;perdu;valide
08/02/2022;Fournitures;750,50;150,10;900,60;non;valide
26/10/2022;Representation;1755,99;351,20;2107,19;perdu;en attente
09/07/2022;Deplacement;2152,00;430,40;2582,40;non;en attente
17/03/2022;Transport;5500,99;1100,20;6601,19;perdu;en attente
10/01/2022;Fournitures;150,00;30,00;180,00;non;valide
21/09/2022;Deplacement;950,99;190,20;1141,19;photo floue;valide
02/11/2022;Informatique;2500,50;500,10;3000,60;perdu;valide
22/06/2023;Formation;4500,99;900,20;5401,19;oui;en attente
01/03/2022;Fournitures;8000,99;1600,20;9601,19;perdu;en attente
29/03/2022;Formation;3234,00;646,80;3880,80;photo floue;rejete
30/06/2023;Taxi/VTC;950,50;190,10;1140,60;photo floue;valide
10/12/2022;Formation;4946,00;989,20;5935,20;non;en attente
07/07/2022;Restaurant;1500,00;300,00;1800,00;perdu;valide
22/12/2023;Taxi/VTC;1200,50;240,10;1440,60;non;rejete
19/01/2022;Formation;750,99;150,20;901,19;oui;valide
11/09/2023;Hotel;600,00;120,00;720,00;oui;valide
19/04/2023;Representation;1000,00;200,00;1200,00;perdu;valide
15/12/2022;Telecom;1200,99;240,20;1441,19;perdu;en attente
21/02/2023;Transport;300,99;60,20;361,19;perdu;valide
22/10/2022;Deplacement;900,50;180,10;1080,60;non;en attente
07/01/2023;Informatique;1200,50;240,10;1440,60;photo floue;valide
06/08/2022;Deplacement;550,50;110,10;660,60;oui;rejete
18/09/2022;Representation;80,00;16,00;96,00;oui;en attente
02/12/2022;Transport;2303,00;460,60;2763,60;non;rejete
01/12/2023;Telecom;3000,00;600,00;3600,00;photo floue;en attente
15/07/2022;Fournitures;90,00;18,00;108,00;oui;rejete
20/09/2023;Deplacement;2181,00;436,20;2617,20;perdu;rejete
20/11/2022;Transport;7500,00;1500,00;9000,00;photo floue;en attente
29/04/2023;Transport;5000,00;1000,00;6000,00;oui;rejete
03/08/2023;Transport;1932,50;386,50;2319,00;photo floue;valide
29/11/2022;Taxi/VTC;300,50;60,10;360,60;perdu;rejete
22/11/2022;Hotel;2979,00;595,80;3574,80;perdu;en attente
23/01/2023;Telecom;50,99;10,20;61,19;photo floue;en attente
25/04/2023;Informatique;4659,00;931,80;5590,80;oui;valide
14/10/2023;Transport;2500,50;500,10;3000,60;photo floue;valide
25/09/2023;Fournitures;8500,99;1700,20;10201,19;perdu;valide
01/07/2023;Fournitures;800,00;160,00;960,00;oui;en attente
19/07/2022;Transport;700,50;140,10;840,60;oui;rejete
14/06/2023;Taxi/VTC;3891,00;778,20;4669,20;perdu;rejete
01/03/2022;Informatique;4176,00;835,20;5011,20;perdu;valide
24/10/2023;Telecom;800,00;160,00;960,00;photo floue;en attente
26/12/2023;Telecom;400,00;80,00;480,00;oui;rejete
01/05/2022;Transport;900,00;180,00;1080,00;oui;rejete
19/01/2022;Transport;150,00;30,00;180,00;photo floue;rejete
13/07/2023;Fournitures;80,99;16,20;97,19;oui;en attente
16/12/2023;Taxi/VTC;800,00;160,00;960,00;non;rejete
23/01/2023;Taxi/VTC;7500,00;1500,00;9000,00;non;rejete
20/06/2023;Transport;900,00;180,00;1080,00;non;valide
17/04/2023;Telecom;1000,50;200,10;1200,60;perdu;rejete
24/01/2023;Fournitures;1000,99;200,20;1201,19;perdu;en attente
07/01/2022;Deplacement;350,00;70,00;420,00;perdu;valide
12/07/2023;Deplacement;2734,50;546,90;3281,40;non;en attente
12/10/2022;Transport;300,00;60,00;360,00;photo floue;en attente
05/06/2022;Taxi/VTC;150,00;30,00;180,00;oui;valide
21/07/2022;Transport;700,00;140,00;840,00;oui;valide
10/07/2023;Transport;640,99;128,20;769,19;oui;rejete
31/08/2023;Transport;750,00;150,00;900,00;oui;valide
01/02/2023;Representation;800,50;160,10;960,60;perdu;valide
19/10/2023;Restaurant;4000,00;800,00;4800,00;non;valide
15/02/2022;Informatique;2500,99;500,20;3001,19;non;en attente
26/02/2022;Hotel;556,50;111,30;667,80;oui;rejete
21/09/2023;Deplacement;4627,00;925,40;5552,40;non;rejete
14/07/2022;Telecom;4239,00;847,80;5086,80;perdu;en attente
11/05/2023;Restaurant;1169,99;234,00;1403,99;oui;valide
01/07/2023;Restaurant;80,00;16,00;96,00;photo floue;valide
13/10/2023;Hotel;950,50;190,10;1140,60;photo floue;en attente
08/05/2022;Informatique;800,99;160,20;961,19;oui;rejete
22/11/2022;Formation;808,00;161,60;969,60;perdu;valide
15/03/2023;Deplacement;700,50;140,10;840,60;photo floue;valide
30/06/2022;Transport;4500,00;900,00;5400,00;oui;en attente
08/04/2023;Fournitures;95,00;19,00;114,00;photo floue;rejete
20/07/2022;Formation;750,00;150,00;900,00;oui;rejete
18/03/2023;Deplacement;750,99;150,20;901,19;oui;en attente
05/01/2023;Hotel;800,00;160,00;960,00;non;en attente
21/04/2022;Restaurant;2000,99;400,20;2401,19;perdu;rejete
03/02/2022;Telecom;750,99;150,20;901,19;non;rejete
16/12/2022;Representation;500,50;100,10;600,60;oui;en attente
10/07/2023;Hotel;650,00;130,00;780,00;photo floue;en attente
16/01/2023;Hotel;5000,00;1000,00;6000,00;perdu;rejete
31/08/2022;Representation;900,00;180,00;1080,00;oui;valide
19/11/2023;Restaurant;443,00;88,60;531,60;photo floue;en attente
01/11/2022;Transport;300,99;60,20;361,19;perdu;valide
16/10/2022;Representation;900,00;180,00;1080,00;non;rejete
14/09/2023;Fournitures;6000,99;1200,20;7201,19;photo floue;en attente
07/03/2023;Informatique;75,00;15,00;90,00;photo floue;rejete
19/06/2022;Transport;2500,00;500,00;3000,00;perdu;en attente
13/06/2023;Fournitures;3000,50;600,10;3600,60;non;valide
07/07/2022;Formation;5500,00;1100,00;6600,00;non;en attente
14/12/2022;Representation;3677,00;735,40;4412,40;oui;en attente
31/01/2023;Deplacement;9999,00;1999,80;11998,80;non;rejete
24/10/2022;Hotel;100,00;20,00;120,00;oui;en attente
21/08/2022;Restaurant;1200,00;240,00;1440,00;non;valide
06/11/2022;Deplacement;7000,99;1400,20;8401,19;perdu;en attente
27/02/2023;Taxi/VTC;300,00;60,00;360,00;perdu;en attente
24/10/2022;Telecom;150,50;30,10;180,60;perdu;valide
31/05/2023;Formation;800,99;160,20;961,19;non;valide
30/06/2022;Informatique;2000,00;400,00;2400,00;non;rejete
25/09/2023;Transport;550,00;110,00;660,00;oui;valide
14/11/2023;Formation;1679,50;335,90;2015,40;perdu;en attente
13/10/2023;Fournitures;3500,99;700,20;4201,19;non;rejete
02/09/2022;Deplacement;4786,50;957,30;5743,80;non;rejete
05/03/2023;Informatique;300,50;60,10;360,60;perdu;en attente
20/11/2023;Restaurant;500,50;100,10;600,60;oui;en attente
31/08/2023;Representation;601,00;120,20;721,20;non;rejete
27/01/2023;Hotel;400,99;80,20;481,19;non;valide
10/07/2023;Restaurant;9999,00;1999,80;11998,80;non;rejete
29/10/2022;Telecom;9500,00;1900,00;11400,00;non;rejete
10/09/2022;Restaurant;1200,00;240,00;1440,00;photo floue;rejete
19/12/2022;Telecom;3000,99;600,20;3601,19;non;rejete
20/09/2023;Deplacement;200,99;40,20;241,19;oui;en attente
27/05/2022;Formation;4213,00;842,60;5055,60;oui;rejete
17/04/2023;Hotel;5000,00;1000,00;6000,00;non;en attente
14/11/2022;Deplacement;700,99;140,20;841,19;oui;valide
28/03/2023;Informatique;558,00;111,60;669,60;oui;rejete
30/07/2022;Restaurant;900,50;180,10;1080,60;non;valide
13/06/2023;Taxi/VTC;350,00;70,00;420,00;perdu;valide
28/03/2022;Hotel;1771,99;354,40;2126,39;oui;en attente
27/06/2023;Formation;600,99;120,20;721,19;photo floue;en attente
27/06/2023;Telecom;7500,00;1500,00;9000,00;perdu;rejete
13/08/2022;Telecom;3335,99;667,20;4003,19;perdu;en attente
28/11/2023;Restaurant;3165,00;633,00;3798,00;non;valide
06/05/2022;Taxi/VTC;450,50;90,10;540,60;oui;rejete
13/09/2023;Formation;500,00;100,00;600,00;perdu;en attente
12/03/2022;Fournitures;3077,99;615,60;3693,59;photo floue;en attente
19/03/2022;Fournitures;900,99;180,20;1081,19;perdu;en attente
03/02/2022;Telecom;120,99;24,20;145,19;perdu;rejete
01/11/2022;Deplacement;200,00;40,00;240,00;photo floue;rejete
23/03/2022;Deplacement;950,00;190,00;1140,00;oui;en attente
26/03/2023;Restaurant;7500,00;1500,00;9000,00;non;valide
08/04/2023;Restaurant;3896,50;779,30;4675,80;non;en attente
13/07/2022;Formation;3500,99;700,20;4201,19;photo floue;rejete
01/06/2023;Telecom;8000,00;1600,00;9600,00;non;rejete
09/10/2022;Formation;700,00;140,00;840,00;perdu;valide
17/08/2022;Fournitures;1928,00;385,60;2313,60;oui;en attente
31/05/2022;Restaurant;50,99;10,20;61,19;non;en attente
11/04/2022;Hotel;550,99;110,20;661,19;oui;en attente
20/04/2022;Deplacement;4000,50;800,10;4800,60;perdu;valide
27/08/2023;Taxi/VTC;250,00;50,00;300,00;perdu;rejete
29/11/2022;Formation;7500,50;1500,10;9000,60;non;valide
02/02/2023;Deplacement;600,50;120,10;720,60;non;en attente
06/04/2023;Deplacement;2000,00;400,00;2400,00;perdu;valide
12/08/2023;Informatique;4055,00;811,00;4866,00;non;valide
26/02/2023;Formation;6000,50;1200,10;7200,60;non;valide
15/08/2023;Hotel;175,00;35,00;210,00;oui;valide
15/02/2022;Representation;4500,99;900,20;5401,19;perdu;rejete
14/08/2022;Deplacement;300,50;60,10;360,60;oui;rejete
10/04/2023;Fournitures;350,00;70,00;420,00;perdu;valide
25/01/2023;Transport;750,50;150,10;900,60;non;en attente
28/07/2023;Deplacement;550,00;110,00;660,00;oui;en attente
30/08/2023;Telecom;500,00;100,00;600,00;non;valide
23/04/2022;Hotel;1800,00;360,00;2160,00;oui;valide
11/07/2022;Telecom;4000,50;800,10;4800,60;photo floue;valide
21/12/2023;Formation;1000,00;200,00;1200,00;oui;en attente
11/01/2023;Hotel;500,99;100,20;601,19;photo floue;valide
15/07/2022;Informatique;900,00;180,00;1080,00;non;en attente
27/08/2022;Transport;150,50;30,10;180,60;perdu;rejete
26/09/2023;Deplacement;4272,00;854,40;5126,40;photo floue;valide
12/08/2022;Deplacement;8000,00;1600,00;9600,00;perdu;rejete
28/12/2022;Informatique;4196,99;839,40;5036,39;oui;rejete
01/11/2023;Transport;850,00;170,00;1020,00;oui;valide
12/10/2022;Restaurant;3000,99;600,20;3601,19;oui;valide
29/10/2022;Transport;750,00;150,00;900,00;photo floue;rejete
16/01/2023;Telecom;50,00;10,00;60,00;non;rejete
21/11/2023;Formation;80,99;16,20;97,19;photo floue;en attente
14/12/2022;Hotel;2000,00;400,00;2400,00;oui;valide
31/12/2023;Informatique;850,99;170,20;1021,19;non;en attente
30/07/2022;Representation;1800,50;360,10;2160,60;perdu;rejete
18/06/2022;Formation;3000,50;600,10;3600,60;non;valide
27/12/2023;Restaurant;75,00;15,00;90,00;photo floue;en attente
06/05/2022;Restaurant;200,99;40,20;241,19;photo floue;rejete
20/01/2023;Hotel;900,99;180,20;1081,19;perdu;en attente
03/04/2022;Deplacement;2000,99;400,20;2401,19;non;en attente
10/11/2022;Hotel;75,00;15,00;90,00;oui;rejete
07/07/2023;Formation;500,50;100,10;600,60;perdu;valide
21/04/2022;Formation;6000,00;1200,00;7200,00;non;valide
23/12/2023;Fournitures;3066,99;613,40;3680,39;perdu;en attente
14/07/2022;Informatique;700,99;140,20;841,19;non;rejete
28/09/2023;Deplacement;350,00;70,00;420,00;oui;valide
28/05/2022;Fournitures;120,00;24,00;144,00;non;en attente
17/12/2022;Hotel;700,00;140,00;840,00;non;rejete
06/03/2023;Hotel;650,00;130,00;780,00;non;rejete
20/01/2023;Transport;250,00;50,00;300,00;non;valide
13/11/2022;Transport;8500,00;1700,00;10200,00;perdu;valide
20/01/2022;Restaurant;750,00;150,00;900,00;non;rejete
22/10/2023;Deplacement;1438,00;287,60;1725,60;photo floue;valide
02/04/2023;Telecom;681,99;136,40;818,39;perdu;valide
22/01/2023;Restaurant;5000,00;1000,00;6000,00;photo floue;valide
17/12/2023;Taxi/VTC;675,50;135,10;810,60;photo floue;rejete
11/10/2022;Transport;400,00;80,00;480,00;perdu;rejete
16/03/2023;Fournitures;900,00;180,00;1080,00;non;en attente
22/07/2023;Taxi/VTC;800,50;160,10;960,60;non;en attente
24/03/2022;Formation;400,00;80,00;480,00;oui;en attente
24/08/2023;Taxi/VTC;2500,50;500,10;3000,60;oui;rejete
29/03/2022;Informatique;250,00;50,00;300,00;perdu;en attente
26/01/2022;Hotel;1000,00;200,00;1200,00;oui;rejete
29/06/2022;Informatique;150,00;30,00;180,00;photo floue;rejete
29/12/2022;Formation;2500,99;500,20;3001,19;photo floue;en attente
27/08/2022;Deplacement;120,00;24,00;144,00;perdu;valide
01/06/2022;Deplacement;250,00;50,00;300,00;photo floue;en attente
22/01/2022;Transport;50,00;10,00;60,00;non;rejete
19/06/2022;Formation;5500,99;1100,20;6601,19;non;en attente
04/07/2022;Transport;3500,00;700,00;4200,00;photo floue;rejete
24/06/2022;Deplacement;600,00;120,00;720,00;photo floue;valide
13/03/2023;Deplacement;500,00;100,00;600,00;photo floue;valide
18/08/2022;Taxi/VTC;800,99;160,20;961,19;photo floue;en attente
14/11/2022;Taxi/VTC;750,99;150,20;901,19;perdu;valide
13/03/2022;Formation;1000,00;200,00;1200,00;non;rejete
16/01/2022;Formation;500,99;100,20;601,19;perdu;valide
04/03/2022;Transport;850,00;170,00;1020,00;non;valide
11/06/2022;Taxi/VTC;9500,00;1900,00;11400,00;photo floue;en attente
17/07/2022;Taxi/VTC;80,00;16,00;96,00;non;rejete
06/05/2023;Informatique;5500,50;1100,10;6600,60;oui;rejete
28/06/2023;Restaurant;95,50;19,10;114,60;oui;rejete
29/12/2022;Transport;2208,00;441,60;2649,60;non;rejete
23/01/2023;Transport;676,50;135,30;811,80;non;rejete
01/03/2023;Informatique;4000,00;800,00;4800,00;non;rejete
21/06/2022;Informatique;750,50;150,10;900,60;non;en attente
22/06/2022;Fournitures;2000,00;400,00;2400,00;oui;en attente
07/05/2023;Deplacement;550,00;110,00;660,00;non;rejete
14/03/2023;Transport;9999,50;1999,90;11999,40;perdu;en attente
30/11/2022;Informatique;50,00;10,00;60,00;perdu;en attente
26/09/2022;Formation;2500,00;500,00;3000,00;perdu;rejete
25/11/2023;Telecom;2000,50;400,10;2400,60;perdu;rejete
02/10/2022;Taxi/VTC;1889,00;377,80;2266,80;perdu;rejete
19/04/2022;Informatique;800,99;160,20;961,19;oui;valide
20/09/2022;Representation;90,00;18,00;108,00;perdu;rejete
31/03/2022;Taxi/VTC;3644,50;728,90;4373,40;oui;en attente
15/01/2022;Taxi/VTC;50,00;10,00;60,00;oui;rejete
29/05/2022;Representation;4500,00;900,00;5400,00;perdu;valide
03/02/2023;Formation;4000,00;800,00;4800,00;photo floue;rejete
29/07/2023;Informatique;1800,99;360,20;2161,19;perdu;valide
13/07/2022;Taxi/VTC;700,00;140,00;840,00;photo floue;valide
30/12/2022;Fournitures;1500,50;300,10;1800,60;perdu;valide
14/02/2023;Formation;2681,00;536,20;3217,20;non;valide
20/12/2023;Restaurant;600,99;120,20;721,19;oui;en attente
16/07/2023;Formation;1200,00;240,00;1440,00;photo floue;rejete
06/08/2022;Deplacement;150,00;30,00;180,00;photo floue;rejete
11/06/2023;Telecom;243,00;48,60;291,60;photo floue;rejete
22/03/2022;Restaurant;2500,00;500,00;3000,00;non;valide
31/07/2023;Informatique;100,00;20,00;120,00;oui;valide
02/08/2023;Deplacement;4688,99;937,80;5626,79;photo floue;valide
08/04/2023;Formation;400,00;80,00;480,00;perdu;en attente
28/05/2023;Representation;3796,00;759,20;4555,20;non;rejete
12/05/2023;Deplacement;850,99;170,20;1021,19;non;rejete
13/12/2023;Deplacement;100,99;20,20;121,19;photo floue;en attente
08/12/2022;Restaurant;9500,00;1900,00;11400,00;non;valide
04/12/2022;Deplacement;1500,50;300,10;1800,60;perdu;en attente
06/09/2023;Informatique;3500,50;700,10;4200,60;oui;en attente
25/12/2022;Taxi/VTC;800,00;160,00;960,00;oui;en attente
11/03/2022;Restaurant;3500,00;700,00;4200,00;perdu;en attente
27/01/2023;Restaurant;2184,99;437,00;2621,99;non;valide
22/12/2022;Fournitures;4000,00;800,00;4800,00;perdu;en attente
23/05/2023;Representation;750,00;150,00;900,00;oui;en attente
02/08/2022;Restaurant;550,00;110,00;660,00;perdu;rejete
12/07/2023;Restaurant;3626,99;725,40;4352,39;non;en attente
29/07/2023;Formation;750,00;150,00;900,00;oui;valide
25/06/2022;Taxi/VTC;350,50;70,10;420,60;photo floue;en attente
04/03/2023;Representation;650,00;130,00;780,00;photo floue;en attente
11/07/2023;Informatique;3472,99;694,60;4167,59;photo floue;valide
25/04/2023;Telecom;2790,00;558,00;3348,00;oui;rejete
31/03/2023;Formation;450,50;90,10;540,60;photo floue;en attente
17/12/2023;Transport;5000,00;1000,00;6000,00;oui;valide
04/07/2023;Hotel;80,00;16,00;96,00;photo floue;en attente
05/10/2023;Representation;6000,00;1200,00;7200,00;non;valide
13/02/2023;Deplacement;2607,00;521,40;3128,40;perdu;en attente
01/05/2022;Deplacement;5000,00;1000,00;6000,00;photo floue;valide
29/09/2023;Hotel;75,00;15,00;90,00;oui;valide
21/01/2023;Restaurant;2142,00;428,40;2570,40;oui;valide
16/12/2023;Deplacement;650,00;130,00;780,00;perdu;valide
29/10/2022;Deplacement;75,50;15,10;90,60;photo floue;en attente
07/03/2023;Taxi/VTC;500,99;100,20;601,19;oui;en attente
20/08/2022;Restaurant;900,00;180,00;1080,00;oui;valide
08/09/2022;Restaurant;250,00;50,00;300,00;perdu;en attente
21/04/2023;Telecom;500,00;100,00;600,00;non;rejete
10/08/2023;Transport;850,00;170,00;1020,00;photo floue;valide
27/02/2022;Formation;900,00;180,00;1080,00;photo floue;rejete
07/03/2022;Fournitures;1200,00;240,00;1440,00;perdu;rejete
25/04/2023;Transport;2274,00;454,80;2728,80;photo floue;rejete
07/02/2022;Telecom;9999,00;1999,80;11998,80;perdu;valide
03/02/2022;Representation;550,00;110,00;660,00;oui;rejete
06/08/2022;Transport;8000,50;1600,10;9600,60;photo floue;valide
06/12/2022;Fournitures;3368,99;673,80;4042,79;photo floue;en attente
20/10/2023;Fournitures;3236,50;647,30;3883,80;photo floue;en attente
31/05/2022;Transport;200,00;40,00;240,00;oui;valide
01/10/2023;Fournitures;3494,00;698,80;4192,80;oui;rejete
20/12/2023;Transport;350,00;70,00;420,00;non;en attente
02/10/2022;Informatique;650,50;130,10;780,60;photo floue;en attente
02/02/2023;Transport;400,99;80,20;481,19;photo floue;valide
30/10/2022;Deplacement;120,00;24,00;144,00;oui;en attente
20/03/2023;Hotel;750,50;150,10;900,60;photo floue;valide
31/08/2023;Formation;1500,00;300,00;1800,00;oui;rejete
18/07/2022;Telecom;2500,50;500,10;3000,60;perdu;valide
10/07/2022;Hotel;2000,99;400,20;2401,19;photo floue;rejete
01/12/2023;Transport;4838,99;967,80;5806,79;oui;rejete
15/12/2023;Informatique;9000,00;1800,00;10800,00;perdu;en attente
07/10/2022;Hotel;346,50;69,30;415,80;oui;valide
24/11/2022;Taxi/VTC;2078,00;415,60;2493,60;oui;rejete
05/10/2023;Representation;9999,99;2000,00;11999,99;non;rejete
11/10/2023;Hotel;250,00;50,00;300,00;photo floue;en attente
28/01/2023;Deplacement;716,00;143,20;859,20;photo floue;rejete
13/02/2022;Transport;7000,99;1400,20;8401,19;oui;en attente
06/01/2022;Transport;600,50;120,10;720,60;oui;en attente
13/11/2022;Formation;450,00;90,00;540,00;oui;rejete
26/11/2023;Representation;850,00;170,00;1020,00;oui;rejete
08/11/2023;Transport;3130,00;626,00;3756,00;perdu;rejete
17/10/2023;Telecom;700,50;140,10;840,60;oui;en attente
09/09/2022;Restaurant;500,50;100,10;600,60;photo floue;valide
31/03/2022;Transport;700,00;140,00;840,00;perdu;rejete
18/02/2023;Transport;950,00;190,00;1140,00;perdu;en attente
26/10/2022;Representation;4371,00;874,20;5245,20;oui;rejete
01/12/2022;Restaurant;300,50;60,10;360,60;non;rejete
07/03/2023;Representation;900,50;180,10;1080,60;photo floue;en attente
29/03/2023;Deplacement;550,50;110,10;660,60;perdu;en attente
01/07/2023;Representation;350,99;70,20;421,19;perdu;en attente
28/05/2023;Formation;1112,00;222,40;1334,40;photo floue;rejete
13/08/2022;Representation;650,00;130,00;780,00;oui;rejete
23/02/2023;Informatique;1200,00;240,00;1440,00;non;valide
28/01/2023;Restaurant;5000,00;1000,00;6000,00;oui;rejete
24/05/2023;Taxi/VTC;120,99;24,20;145,19;non;rejete
18/12/2023;Transport;1800,50;360,10;2160,60;photo floue;rejete
19/06/2023;Fournitures;2000,00;400,00;2400,00;perdu;rejete
13/01/2022;Deplacement;1000,00;200,00;1200,00;non;rejete
19/12/2022;Hotel;3849,00;769,80;4618,80;non;valide
13/05/2023;Informatique;150,00;30,00;180,00;oui;en attente
02/08/2023;Telecom;200,00;40,00;240,00;perdu;rejete
22/11/2022;Hotel;950,50;190,10;1140,60;perdu;en attente
24/10/2022;Formation;1800,99;360,20;2161,19;oui;en attente
20/06/2023;Transport;9000,99;1800,20;10801,19;oui;valide
21/01/2022;Transport;350,00;70,00;420,00;photo floue;en attente
10/09/2023;Hotel;2000,50;400,10;2400,60;photo floue;rejete
30/05/2023;Representation;8000,00;1600,00;9600,00;photo floue;en attente
01/04/2022;Deplacement;3403,50;680,70;4084,20;non;valide
24/09/2022;Fournitures;600,50;120,10;720,60;oui;valide
13/08/2023;Restaurant;2107,00;421,40;2528,40;non;valide
07/03/2023;Telecom;1133,00;226,60;1359,60;non;valide
10/06/2022;Taxi/VTC;350,00;70,00;420,00;oui;rejete
28/06/2023;Restaurant;5000,50;1000,10;6000,60;photo floue;en attente
09/10/2023;Taxi/VTC;4000,00;800,00;4800,00;oui;en attente
23/09/2022;Deplacement;4000,99;800,20;4801,19;photo floue;valide
26/06/2022;Transport;550,00;110,00;660,00;non;valide
12/03/2023;Telecom;1685,00;337,00;2022,00;non;valide
15/08/2023;Restaurant;4175,99;835,20;5011,19;photo floue;en attente
22/08/2023;Restaurant;1200,50;240,10;1440,60;non;rejete
02/06/2022;Formation;50,00;10,00;60,00;oui;en attente
21/05/2023;Hotel;2746,50;549,30;3295,80;photo floue;en attente
28/02/2023;Taxi/VTC;1000,00;200,00;1200,00;non;en attente
26/06/2023;Informatique;3505,00;701,00;4206,00;perdu;rejete
25/09/2023;Transport;500,00;100,00;600,00;photo floue;en attente
03/09/2022;Restaurant;1000,00;200,00;1200,00;non;en attente
19/05/2023;Fournitures;4500,50;900,10;5400,60;non;rejete
13/12/2022;Telecom;9000,00;1800,00;10800,00;oui;valide
15/06/2023;Telecom;3194,00;638,80;3832,80;perdu;valide
08/04/2023;Formation;1978,50;395,70;2374,20;oui;en attente
06/11/2022;Deplacement;650,00;130,00;780,00;perdu;rejete
29/10/2023;Telecom;450,99;90,20;541,19;photo floue;rejete
20/01/2022;Representation;1500,50;300,10;1800,60;non;rejete
26/05/2022;Taxi/VTC;900,00;180,00;1080,00;perdu;valide
24/08/2023;Informatique;3000,99;600,20;3601,19;non;en attente
16/03/2022;Telecom;4926,00;985,20;5911,20;non;rejete
07/05/2023;Informatique;2500,00;500,00;3000,00;perdu;valide
10/11/2023;Deplacement;3000,00;600,00;3600,00;perdu;valide
20/06/2023;Restaurant;2500,50;500,10;3000,60;non;valide
13/04/2023;Hotel;900,00;180,00;1080,00;photo floue;en attente
18/07/2022;Fournitures;250,99;50,20;301,19;perdu;valide
08/01/2023;Fournitures;600,00;120,00;720,00;perdu;valide
17/04/2022;Fournitures;900,00;180,00;1080,00;photo floue;rejete
17/10/2022;Hotel;90,99;18,20;109,19;photo floue;en attente
10/08/2023;Transport;550,00;110,00;660,00;perdu;rejete
30/08/2022;Representation;750,50;150,10;900,60;non;en attente
06/10/2023;Taxi/VTC;450,00;90,00;540,00;perdu;rejete
12/05/2022;Formation;3405,00;681,00;4086,00;photo floue;valide
26/04/2023;Transport;900,50;180,10;1080,60;perdu;en attente
03/06/2023;Deplacement;9999,00;1999,80;11998,80;photo floue;valide
09/10/2023;Taxi/VTC;1703,00;340,60;2043,60;oui;en attente
19/07/2022;Restaurant;1800,00;360,00;2160,00;photo floue;valide
29/07/2023;Deplacement;1200,99;240,20;1441,19;perdu;en attente
03/05/2022;Taxi/VTC;2000,00;400,00;2400,00;non;valide
11/06/2023;Restaurant;2339,00;467,80;2806,80;photo floue;rejete
03/08/2022;Restaurant;400,50;80,10;480,60;photo floue;rejete
21/06/2022;Formation;120,99;24,20;145,19;perdu;rejete
15/09/2022;Telecom;8500,00;1700,00;10200,00;non;rejete
01/10/2022;Representation;700,00;140,00;840,00;perdu;en attente
14/08/2023;Restaurant;550,00;110,00;660,00;non;valide
23/02/2023;Representation;9999,00;1999,80;11998,80;photo floue;rejete
31/07/2023;Formation;200,00;40,00;240,00;oui;valide
26/10/2023;Restaurant;950,00;190,00;1140,00;non;en attente
28/01/2023;Representation;450,99;90,20;541,19;perdu;en attente
10/07/2023;Hotel;5000,00;1000,00;6000,00;non;rejete
29/06/2022;Informatique;5000,50;1000,10;6000,60;oui;rejete
26/12/2023;Informatique;3326,00;665,20;3991,20;oui;valide
08/11/2023;Formation;1994,00;398,80;2392,80;non;en attente
16/07/2022;Informatique;5000,99;1000,20;6001,19;oui;valide
23/09/2022;Deplacement;900,00;180,00;1080,00;oui;valide
24/10/2022;Taxi/VTC;5000,50;1000,10;6000,60;non;rejete
06/11/2023;Restaurant;4000,00;800,00;4800,00;oui;rejete
04/05/2022;Informatique;700,50;140,10;840,60;oui;en attente
15/05/2022;Restaurant;9999,00;1999,80;11998,80;non;valide
26/10/2022;Transport;4648,00;929,60;5577,60;photo floue;en attente
27/08/2022;Fournitures;4073,99;814,80;4888,79;photo floue;en attente
26/10/2023;Hotel;1500,00;300,00;1800,00;photo floue;valide
02/03/2023;Representation;4000,50;800,10;4800,60;oui;valide
17/02/2022;Telecom;250,99;50,20;301,19;non;rejete
02/08/2022;Informatique;700,00;140,00;840,00;non;rejete
19/12/2022;Telecom;750,99;150,20;901,19;perdu;en attente
13/02/2023;Formation;100,00;20,00;120,00;perdu;valide
11/12/2022;Representation;400,00;80,00;480,00;photo floue;en attente
11/12/2022;Deplacement;3500,50;700,10;4200,60;photo floue;valide
17/01/2023;Representation;1200,00;240,00;1440,00;oui;valide
31/07/2023;Hotel;500,00;100,00;600,00;photo floue;en attente
08/11/2022;Deplacement;350,00;70,00;420,00;non;en attente
01/02/2022;Fournitures;900,00;180,00;1080,00;perdu;en attente
25/12/2023;Hotel;850,00;170,00;1020,00;non;rejete
06/12/2023;Hotel;1800,00;360,00;2160,00;non;en attente
22/08/2023;Transport;700,99;140,20;841,19;perdu;valide
16/05/2022;Hotel;4950,50;990,10;5940,60;oui;valide
09/10/2022;Telecom;400,99;80,20;481,19;non;valide
17/07/2023;Representation;100,50;20,10;120,60;perdu;valide
02/10/2023;Fournitures;2500,99;500,20;3001,19;perdu;en attente
31/01/2022;Restaurant;1500,50;300,10;1800,60;photo floue;valide
09/12/2022;Representation;4819,00;963,80;5782,80;photo floue;valide
26/01/2023;Hotel;3554,50;710,90;4265,40;non;en attente
17/11/2023;Formation;900,99;180,20;1081,19;oui;en attente
03/01/2023;Formation;2500,99;500,20;3001,19;photo floue;rejete
28/12/2022;Formation;850,00;170,00;1020,00;photo floue;valide
19/07/2022;Telecom;3500,99;700,20;4201,19;photo floue;en attente
01/07/2023;Telecom;3500,00;700,00;4200,00;non;valide
19/10/2023;Formation;950,50;190,10;1140,60;perdu;valide
13/10/2023;Restaurant;1000,00;200,00;1200,00;photo floue;valide
03/05/2023;Formation;3000,99;600,20;3601,19;photo floue;rejete
25/04/2022;Informatique;1779,99;356,00;2135,99;photo floue;valide
28/09/2022;Restaurant;4296,00;859,20;5155,20;non;rejete
11/07/2023;Transport;500,50;100,10;600,60;perdu;rejete
15/04/2023;Representation;923,99;184,80;1108,79;photo floue;en attente
18/12/2023;Hotel;3166,50;633,30;3799,80;non;rejete
11/12/2023;Informatique;95,00;19,00;114,00;oui;rejete
08/08/2023;Taxi/VTC;300,00;60,00;360,00;photo floue;en attente
22/09/2023;Transport;3500,50;700,10;4200,60;oui;valide
03/05/2022;Representation;600,00;120,00;720,00;photo floue;en attente
10/09/2022;Telecom;1200,99;240,20;1441,19;non;en attente
22/02/2023;Informatique;1000,00;200,00;1200,00;photo floue;en attente
27/02/2023;Taxi/VTC;7500,00;1500,00;9000,00;perdu;rejete
07/08/2023;Formation;550,50;110,10;660,60;oui;valide
08/02/2023;Informatique;4000,99;800,20;4801,19;photo floue;valide
18/05/2023;Taxi/VTC;1800,00;360,00;2160,00;non;rejete
02/09/2022;Telecom;3000,50;600,10;3600,60;photo floue;en attente
08/01/2022;Transport;4500,00;900,00;5400,00;perdu;en attente
19/04/2022;Formation;750,00;150,00;900,00;perdu;valide
28/05/2022;Hotel;550,00;110,00;660,00;photo floue;rejete
12/07/2022;Formation;3500,99;700,20;4201,19;non;en attente
10/12/2022;Fournitures;750,99;150,20;901,19;oui;rejete
10/10/2022;Telecom;700,00;140,00;840,00;oui;rejete
23/10/2023;Deplacement;90,00;18,00;108,00;perdu;rejete
02/09/2023;Hotel;950,00;190,00;1140,00;perdu;rejete
28/05/2022;Formation;150,00;30,00;180,00;oui;valide
26/02/2023;Fournitures;250,00;50,00;300,00;perdu;rejete
15/08/2022;Transport;4000,99;800,20;4801,19;oui;rejete
27/02/2022;Taxi/VTC;2854,00;570,80;3424,80;non;rejete
08/09/2023;Restaurant;1521,00;304,20;1825,20;photo floue;en attente
16/05/2023;Hotel;100,00;20,00;120,00;oui;rejete
14/10/2023;Representation;1800,99;360,20;2161,19;perdu;valide
06/04/2022;Fournitures;500,50;100,10;600,60;perdu;rejete
02/08/2023;Hotel;7000,00;1400,00;8400,00;photo floue;valide
28/01/2023;Informatique;50,00;10,00;60,00;oui;en attente
04/05/2023;Restaurant;700,00;140,00;840,00;photo floue;rejete
07/07/2022;Taxi/VTC;600,00;120,00;720,00;photo floue;en attente
04/02/2023;Hotel;400,50;80,10;480,60;photo floue;rejete
10/06/2022;Deplacement;1694,00;338,80;2032,80;perdu;valide
28/05/2022;Deplacement;600,00;120,00;720,00;perdu;rejete
14/06/2022;Restaurant;550,99;110,20;661,19;photo floue;rejete
03/07/2022;Deplacement;800,00;160,00;960,00;non;valide
10/04/2022;Transport;800,00;160,00;960,00;photo floue;rejete
24/06/2022;Hotel;100,99;20,20;121,19;photo floue;rejete
04/05/2023;Fournitures;100,00;20,00;120,00;photo floue;en attente
08/09/2023;Transport;2500,00;500,00;3000,00;non;en attente
05/09/2022;Hotel;900,00;180,00;1080,00;non;valide
21/11/2023;Informatique;5000,99;1000,20;6001,19;non;valide
09/11/2023;Fournitures;573,00;114,60;687,60;non;en attente
26/09/2022;Taxi/VTC;350,50;70,10;420,60;perdu;rejete
02/08/2022;Representation;9000,00;1800,00;10800,00;oui;rejete
24/12/2022;Informatique;150,50;30,10;180,60;non;en attente
10/10/2022;Restaurant;500,00;100,00;600,00;perdu;en attente
07/10/2023;Transport;600,00;120,00;720,00;non;rejete
01/11/2022;Transport;75,99;15,20;91,19;perdu;en attente
22/12/2022;Representation;4931,50;986,30;5917,80;oui;rejete
11/12/2023;Hotel;800,00;160,00;960,00;oui;en attente
23/09/2022;Transport;550,00;110,00;660,00;perdu;valide
13/04/2022;Hotel;3007,99;601,60;3609,59;photo floue;en attente
20/12/2023;Representation;500,99;100,20;601,19;perdu;valide
02/08/2022;Formation;9000,00;1800,00;10800,00;oui;valide
04/12/2023;Formation;9999,99;2000,00;11999,99;oui;valide
01/12/2022;Deplacement;2958,99;591,80;3550,79;oui;rejete
07/09/2022;Transport;5000,50;1000,10;6000,60;perdu;en attente
08/07/2022;Deplacement;900,50;180,10;1080,60;non;valide
28/01/2022;Taxi/VTC;823,00;164,60;987,60;photo floue;valide
13/02/2022;Representation;850,00;170,00;1020,00;oui;rejete
20/03/2022;Representation;1800,00;360,00;2160,00;photo floue;valide
21/03/2022;Taxi/VTC;120,00;24,00;144,00;perdu;valide
30/11/2023;Representation;175,00;35,00;210,00;non;rejete
30/01/2023;Fournitures;1539,00;307,80;1846,80;non;rejete
02/12/2022;Formation;2500,00;500,00;3000,00;oui;valide
20/10/2023;Formation;95,00;19,00;114,00;oui;rejete
13/04/2023;Taxi/VTC;950,50;190,10;1140,60;perdu;valide
14/07/2022;Representation;1500,99;300,20;1801,19;non;valide
09/08/2023;Informatique;250,00;50,00;300,00;non;rejete
04/10/2023;Restaurant;4551,00;910,20;5461,20;oui;valide
22/07/2022;Informatique;500,50;100,10;600,60;photo floue;rejete
13/11/2022;Taxi/VTC;750,00;150,00;900,00;non;rejete
03/01/2023;Restaurant;150,00;30,00;180,00;oui;rejete
25/05/2022;Formation;1800,50;360,10;2160,60;non;rejete
25/08/2023;Transport;4000,99;800,20;4801,19;perdu;valide
02/07/2023;Taxi/VTC;800,00;160,00;960,00;perdu;en attente
28/02/2022;Transport;100,00;20,00;120,00;non;valide
25/03/2022;Representation;1800,99;360,20;2161,19;photo floue;en attente
21/09/2022;Formation;950,00;190,00;1140,00;oui;en attente
23/02/2022;Hotel;950,99;190,20;1141,19;oui;en attente
09/10/2022;Transport;650,50;130,10;780,60;non;en attente
02/03/2022;Restaurant;600,00;120,00;720,00;non;valide
26/01/2022;Representation;1000,50;200,10;1200,60;perdu;rejete
22/04/2023;Transport;1800,00;360,00;2160,00;oui;rejete
17/11/2022;Transport;600,99;120,20;721,19;photo floue;en attente
25/09/2022;Representation;850,00;170,00;1020,00;non;rejete
26/06/2023;Formation;400,50;80,10;480,60;oui;valide
21/07/2023;Transport;3149,50;629,90;3779,40;photo floue;en attente
27/05/2022;Taxi/VTC;150,00;30,00;180,00;perdu;valide
19/05/2022;Taxi/VTC;1953,99;390,80;2344,79;oui;valide
24/11/2022;Transport;2500,00;500,00;3000,00;non;en attente
29/12/2022;Formation;950,00;190,00;1140,00;perdu;rejete
02/12/2022;Restaurant;750,00;150,00;900,00;photo floue;valide
17/10/2022;Deplacement;700,99;140,20;841,19;perdu;valide
05/04/2022;Informatique;2603,00;520,60;3123,60;photo floue;rejete
11/05/2022;Formation;1800,00;360,00;2160,00;oui;valide
07/11/2023;Restaurant;7500,00;1500,00;9000,00;photo floue;rejete
22/06/2022;Hotel;600,50;120,10;720,60;non;rejete
19/11/2023;Informatique;750,00;150,00;900,00;perdu;rejete
17/12/2023;Formation;200,00;40,00;240,00;non;rejete
30/09/2023;Telecom;350,50;70,10;420,60;photo floue;valide
03/04/2023;Informatique;7000,00;1400,00;8400,00;non;valide
03/06/2023;Representation;2410,00;482,00;2892,00;photo floue;valide
03/06/2023;Transport;150,00;30,00;180,00;non;valide
16/05/2022;Formation;1200,00;240,00;1440,00;oui;rejete
01/09/2023;Deplacement;700,00;140,00;840,00;oui;en attente
31/10/2023;Representation;4834,00;966,80;5800,80;oui;en attente
06/03/2023;Transport;650,00;130,00;780,00;oui;en attente
16/10/2022;Fournitures;4000,00;800,00;4800,00;oui;rejete
15/12/2023;Restaurant;800,99;160,20;961,19;oui;valide
05/11/2023;Formation;2148,00;429,60;2577,60;perdu;valide
04/11/2023;Representation;3000,50;600,10;3600,60;oui;rejete
20/11/2022;Fournitures;8000,99;1600,20;9601,19;perdu;valide
27/11/2022;Taxi/VTC;2000,00;400,00;2400,00;photo floue;valide
16/01/2023;Formation;4000,99;800,20;4801,19;photo floue;en attente
20/03/2023;Fournitures;500,00;100,00;600,00;non;rejete
18/06/2023;Hotel;3500,00;700,00;4200,00;non;rejete
10/05/2022;Representation;2000,00;400,00;2400,00;perdu;valide
29/11/2023;Transport;5500,00;1100,00;6600,00;non;en attente
01/01/2023;Fournitures;2500,99;500,20;3001,19;photo floue;rejete
20/07/2022;Fournitures;2500,50;500,10;3000,60;oui;en attente
18/03/2023;Restaurant;5000,00;1000,00;6000,00;non;valide
13/10/2022;Representation;650,00;130,00;780,00;oui;en attente
15/12/2023;Fournitures;2500,99;500,20;3001,19;non;valide
20/02/2022;Telecom;4471,00;894,20;5365,20;perdu;valide
19/11/2022;Taxi/VTC;1800,00;360,00;2160,00;photo floue;en attente
24/12/2023;Restaurant;80,50;16,10;96,60;photo floue;valide
15/07/2023;Fournitures;2500,00;500,00;3000,00;photo floue;rejete
18/12/2023;Telecom;900,50;180,10;1080,60;oui;rejete
05/04/2023;Hotel;500,00;100,00;600,00;non;en attente
13/08/2022;Deplacement;7000,50;1400,10;8400,60;non;en attente
20/10/2023;Restaurant;1800,00;360,00;2160,00;perdu;rejete
31/07/2022;Fournitures;691,00;138,20;829,20;photo floue;en attente
21/07/2023;Representation;350,00;70,00;420,00;oui;rejete
20/11/2023;Fournitures;90,50;18,10;108,60;perdu;valide
04/01/2023;Fournitures;800,00;160,00;960,00;oui;en attente
21/12/2023;Telecom;2500,99;500,20;3001,19;photo floue;valide
22/02/2022;Transport;2500,00;500,00;3000,00;oui;en attente
03/10/2022;Restaurant;3677,99;735,60;4413,59;oui;en attente
10/09/2022;Deplacement;8000,00;1600,00;9600,00;photo floue;rejete
02/12/2023;Representation;2089,00;417,80;2506,80;oui;valide
19/02/2022;Taxi/VTC;4000,00;800,00;4800,00;non;en attente
31/12/2023;Transport;350,00;70,00;420,00;perdu;en attente
15/01/2023;Representation;650,99;130,20;781,19;non;valide
20/02/2023;Restaurant;2500,00;500,00;3000,00;perdu;rejete
07/05/2022;Informatique;1500,50;300,10;1800,60;photo floue;valide
21/08/2023;Informatique;9000,00;1800,00;10800,00;non;en attente
11/06/2023;Telecom;700,00;140,00;840,00;photo floue;en attente
08/10/2022;Transport;720,50;144,10;864,60;oui;rejete
11/10/2022;Restaurant;700,50;140,10;840,60;photo floue;valide
17/09/2022;Formation;2500,99;500,20;3001,19;oui;rejete
20/01/2022;Representation;150,50;30,10;180,60;oui;en attente
23/07/2023;Representation;4529,00;905,80;5434,80;oui;valide
27/03/2023;Transport;80,99;16,20;97,19;non;rejete
20/07/2022;Taxi/VTC;900,50;180,10;1080,60;non;rejete
13/01/2022;Transport;6000,00;1200,00;7200,00;perdu;en attente
30/11/2022;Taxi/VTC;3438,50;687,70;4126,20;perdu;valide
17/01/2022;Informatique;4816,99;963,40;5780,39;non;rejete
19/02/2023;Hotel;1800,00;360,00;2160,00;perdu;valide
02/09/2023;Restaurant;900,00;180,00;1080,00;perdu;en attente
02/05/2022;Deplacement;1419,00;283,80;1702,80;non;en attente
15/01/2022;Fournitures;2861,00;572,20;3433,20;oui;rejete
30/10/2023;Restaurant;1800,00;360,00;2160,00;non;rejete
29/09/2023;Restaurant;300,99;60,20;361,19;non;en attente
23/03/2022;Taxi/VTC;1800,00;360,00;2160,00;perdu;valide
22/08/2022;Transport;2000,00;400,00;2400,00;photo floue;valide
06/03/2023;Informatique;800,50;160,10;960,60;perdu;en attente
24/02/2023;Hotel;1313,00;262,60;1575,60;non;en attente
20/09/2023;Telecom;95,00;19,00;114,00;non;valide
13/08/2023;Deplacement;500,00;100,00;600,00;photo floue;rejete
26/12/2023;Formation;4000,99;800,20;4801,19;oui;en attente
16/09/2022;Formation;700,00;140,00;840,00;perdu;rejete
20/04/2023;Transport;4661,00;932,20;5593,20;non;valide
19/05/2022;Telecom;650,00;130,00;780,00;non;en attente
25/06/2023;Restaurant;850,00;170,00;1020,00;perdu;en attente
20/09/2022;Deplacement;80,99;16,20;97,19;non;rejete
12/09/2022;Deplacement;550,99;110,20;661,19;photo floue;en attente
11/05/2023;Transport;2170,00;434,00;2604,00;non;rejete
15/04/2023;Transport;350,00;70,00;420,00;non;rejete
02/08/2022;Taxi/VTC;8500,00;1700,00;10200,00;non;valide
01/12/2023;Informatique;250,00;50,00;300,00;perdu;valide
15/04/2023;Telecom;750,00;150,00;900,00;non;valide
30/06/2023;Deplacement;150,00;30,00;180,00;photo floue;en attente
15/08/2023;Restaurant;900,99;180,20;1081,19;non;valide
11/04/2022;Representation;100,00;20,00;120,00;perdu;rejete
21/02/2022;Deplacement;5500,00;1100,00;6600,00;photo floue;en attente
01/04/2023;Restaurant;1500,00;300,00;1800,00;non;valide
01/03/2022;Deplacement;300,00;60,00;360,00;perdu;rejete
04/01/2022;Telecom;600,00;120,00;720,00;perdu;rejete
06/11/2022;Formation;1800,99;360,20;2161,19;oui;valide
26/11/2022;Taxi/VTC;1000,50;200,10;1200,60;perdu;rejete
03/11/2022;Transport;90,00;18,00;108,00;photo floue;rejete
18/02/2023;Transport;6000,00;1200,00;7200,00;photo floue;rejete
06/06/2023;Taxi/VTC;1000,00;200,00;1200,00;non;rejete
21/11/2022;Informatique;1800,00;360,00;2160,00;perdu;valide
10/05/2022;Telecom;2160,00;432,00;2592,00;oui;rejete
11/01/2023;Formation;4500,50;900,10;5400,60;photo floue;rejete
27/01/2022;Fournitures;3500,50;700,10;4200,60;perdu;en attente
17/05/2022;Formation;2318,00;463,60;2781,60;non;en attente
04/11/2023;Representation;1200,00;240,00;1440,00;oui;rejete
16/08/2023;Formation;175,00;35,00;210,00;oui;en attente
16/04/2023;Deplacement;3500,00;700,00;4200,00;photo floue;rejete
18/07/2022;Telecom;479,00;95,80;574,80;photo floue;valide
19/05/2023;Informatique;7000,00;1400,00;8400,00;non;en attente
04/01/2023;Fournitures;1200,00;240,00;1440,00;oui;en attente
24/05/2022;Hotel;2000,50;400,10;2400,60;perdu;valide
21/10/2022;Hotel;792,00;158,40;950,40;photo floue;en attente
12/03/2022;Taxi/VTC;400,99;80,20;481,19;perdu;valide
10/11/2022;Formation;300,99;60,20;361,19;photo floue;rejete
03/07/2023;Restaurant;1000,00;200,00;1200,00;perdu;rejete
13/03/2023;Deplacement;500,00;100,00;600,00;non;valide
19/07/2022;Transport;2500,00;500,00;3000,00;photo floue;en attente
23/08/2023;Deplacement;800,00;160,00;960,00;oui;valide
22/12/2023;Fournitures;3500,00;700,00;4200,00;oui;rejete
07/11/2023;Fournitures;5000,50;1000,10;6000,60;photo floue;en attente
19/02/2023;Informatique;1492,00;298,40;1790,40;perdu;en attente
01/05/2023;Taxi/VTC;500,00;100,00;600,00;non;en attente
10/09/2022;Restaurant;8000,50;1600,10;9600,60;non;en attente
25/03/2022;Formation;900,00;180,00;1080,00;non;rejete
21/12/2022;Hotel;4163,00;832,60;4995,60;non;valide
13/02/2022;Fournitures;7000,00;1400,00;8400,00;photo floue;rejete
29/07/2022;Informatique;8500,00;1700,00;10200,00;oui;en attente
31/08/2022;Deplacement;8500,00;1700,00;10200,00;perdu;valide
01/06/2022;Telecom;100,99;20,20;121,19;non;en attente
11/01/2022;Informatique;1000,99;200,20;1201,19;photo floue;rejete
21/01/2023;Formation;500,00;100,00;600,00;oui;en attente
29/06/2022;Hotel;9000,99;1800,20;10801,19;perdu;en attente
14/06/2023;Transport;2500,50;500,10;3000,60;oui;rejete
25/02/2023;Transport;900,00;180,00;1080,00;oui;valide
12/11/2023;Formation;8500,00;1700,00;10200,00;oui;en attente
20/11/2022;Taxi/VTC;9000,00;1800,00;10800,00;non;en attente
08/09/2022;Deplacement;2814,99;563,00;3377,99;non;valide
10/01/2023;Hotel;100,00;20,00;120,00;non;en attente
29/04/2023;Telecom;2068,99;413,80;2482,79;oui;rejete
06/05/2023;Telecom;400,99;80,20;481,19;non;rejete
27/09/2023;Restaurant;900,00;180,00;1080,00;oui;en attente
03/09/2022;Hotel;4500,00;900,00;5400,00;oui;en attente
24/12/2023;Informatique;3500,00;700,00;4200,00;non;en attente
15/06/2022;Formation;800,50;160,10;960,60;oui;valide
28/08/2023;Fournitures;9999,99;2000,00;11999,99;non;en attente
12/08/2023;Transport;400,00;80,00;480,00;perdu;en attente
13/10/2022;Restaurant;750,00;150,00;900,00;oui;en attente
26/06/2023;Transport;600,00;120,00;720,00;perdu;rejete
15/04/2022;Representation;1395,99;279,20;1675,19;oui;en attente
07/10/2022;Deplacement;90,00;18,00;108,00;oui;en attente
26/08/2022;Taxi/VTC;80,00;16,00;96,00;non;rejete
06/01/2022;Formation;500,99;100,20;601,19;non;valide
26/03/2022;Informatique;3288,00;657,60;3945,60;non;valide
25/09/2022;Fournitures;317,00;63,40;380,40;non;en attente
04/06/2022;Formation;2500,50;500,10;3000,60;oui;valide
06/11/2022;Hotel;450,99;90,20;541,19;oui;en attente
17/05/2022;Fournitures;230,00;46,00;276,00;oui;valide
27/04/2022;Formation;7000,99;1400,20;8401,19;perdu;valide
20/09/2023;Restaurant;4930,00;986,00;5916,00;perdu;valide
25/06/2022;Hotel;2500,99;500,20;3001,19;oui;valide
05/12/2023;Representation;1718,00;343,60;2061,60;perdu;valide
29/05/2022;Deplacement;900,50;180,10;1080,60;photo floue;en attente
01/04/2023;Informatique;200,50;40,10;240,60;non;en attente
10/01/2022;Deplacement;8000,00;1600,00;9600,00;perdu;rejete
18/09/2023;Fournitures;3000,00;600,00;3600,00;photo floue;valide
25/11/2023;Transport;500,00;100,00;600,00;photo floue;valide
19/01/2022;Transport;1500,99;300,20;1801,19;perdu;rejete
06/02/2022;Transport;600,00;120,00;720,00;perdu;valide
05/11/2022;Deplacement;3000,50;600,10;3600,60;oui;en attente
31/07/2023;Fournitures;3386,00;677,20;4063,20;perdu;rejete
03/04/2023;Restaurant;500,00;100,00;600,00;oui;en attente
25/03/2023;Formation;250,00;50,00;300,00;perdu;rejete
10/03/2023;Telecom;2417,50;483,50;2901,00;perdu;en attente
23/12/2022;Formation;800,99;160,20;961,19;photo floue;en attente
04/12/2022;Formation;3500,00;700,00;4200,00;perdu;valide
04/06/2023;Telecom;100,00;20,00;120,00;perdu;en attente
26/08/2023;Telecom;600,99;120,20;721,19;non;rejete
05/09/2022;Formation;7000,00;1400,00;8400,00;oui;en attente
04/08/2023;Hotel;1500,99;300,20;1801,19;oui;en attente
27/05/2023;Taxi/VTC;4902,00;980,40;5882,40;perdu;en attente
20/03/2022;Formation;253,00;50,60;303,60;perdu;valide
31/03/2023;Restaurant;1200,00;240,00;1440,00;photo floue;valide
19/10/2023;Restaurant;50,00;10,00;60,00;non;rejete
18/06/2022;Taxi/VTC;350,50;70,10;420,60;perdu;rejete
03/12/2023;Restaurant;800,00;160,00;960,00;perdu;valide
30/03/2022;Fournitures;2527,99;505,60;3033,59;oui;en attente
10/08/2023;Taxi/VTC;3352,99;670,60;4023,59;oui;en attente
26/06/2022;Telecom;175,00;35,00;210,00;perdu;rejete
21/03/2022;Informatique;750,00;150,00;900,00;oui;rejete
14/06/2023;Hotel;200,00;40,00;240,00;non;valide
10/01/2022;Hotel;150,99;30,20;181,19;photo floue;rejete
02/09/2023;Informatique;1000,99;200,20;1201,19;non;rejete
14/02/2022;Taxi/VTC;200,00;40,00;240,00;non;en attente
17/03/2023;Deplacement;2500,50;500,10;3000,60;non;valide
21/06/2023;Informatique;4500,99;900,20;5401,19;oui;rejete
17/08/2022;Transport;750,00;150,00;900,00;oui;rejete
22/08/2023;Deplacement;4629,50;925,90;5555,40;oui;rejete
23/02/2022;Taxi/VTC;3675,00;735,00;4410,00;oui;rejete
14/06/2023;Formation;750,00;150,00;900,00;photo floue;rejete
17/12/2023;Informatique;4833,00;966,60;5799,60;non;en attente
13/04/2022;Hotel;2500,00;500,00;3000,00;photo floue;valide
12/09/2023;Formation;200,00;40,00;240,00;non;en attente
14/02/2022;Telecom;1500,50;300,10;1800,60;non;rejete
25/10/2023;Representation;3510,00;702,00;4212,00;oui;rejete
03/12/2022;Taxi/VTC;900,00;180,00;1080,00;perdu;rejete
12/05/2022;Representation;3500,00;700,00;4200,00;non;valide
09/09/2023;Fournitures;100,50;20,10;120,60;non;rejete
23/10/2022;Restaurant;950,00;190,00;1140,00;oui;en attente
31/05/2022;Taxi/VTC;4000,50;800,10;4800,60;perdu;rejete
23/05/2022;Representation;4497,00;899,40;5396,40;oui;valide
21/07/2022;Taxi/VTC;1800,50;360,10;2160,60;perdu;en attente
27/02/2022;Transport;500,99;100,20;601,19;photo floue;valide
02/07/2022;Transport;4743,99;948,80;5692,79;perdu;rejete
25/10/2023;Taxi/VTC;600,50;120,10;720,60;oui;en attente
25/11/2022;Taxi/VTC;5000,50;1000,10;6000,60;photo floue;en attente
30/11/2023;Hotel;2095,00;419,00;2514,00;non;rejete
22/03/2022;Informatique;505,00;101,00;606,00;oui;en attente
08/06/2023;Deplacement;500,00;100,00;600,00;non;rejete
22/12/2023;Informatique;7500,50;1500,10;9000,60;photo floue;rejete
09/04/2022;Taxi/VTC;3891,00;778,20;4669,20;photo floue;rejete
18/04/2022;Deplacement;100,99;20,20;121,19;non;valide
05/06/2022;Deplacement;4074,00;814,80;4888,80;oui;en attente
19/09/2022;Informatique;2306,99;461,40;2768,39;photo floue;rejete
10/06/2023;Hotel;50,00;10,00;60,00;non;valide
12/06/2023;Informatique;95,00;19,00;114,00;oui;en attente
27/03/2023;Restaurant;1000,00;200,00;1200,00;oui;en attente
19/11/2022;Informatique;750,99;150,20;901,19;oui;valide
03/08/2022;Informatique;450,00;90,00;540,00;perdu;valide
06/04/2022;Restaurant;2440,00;488,00;2928,00;perdu;valide
26/12/2023;Transport;2500,00;500,00;3000,00;oui;en attente
23/07/2023;Representation;593,99;118,80;712,79;photo floue;valide
17/07/2022;Informatique;175,00;35,00;210,00;photo floue;en attente
30/07/2023;Informatique;950,00;190,00;1140,00;oui;valide
13/03/2022;Deplacement;350,99;70,20;421,19;oui;rejete
30/05/2022;Hotel;3936,00;787,20;4723,20;photo floue;rejete
04/05/2022;Deplacement;1200,99;240,20;1441,19;oui;rejete
19/04/2023;Restaurant;2261,00;452,20;2713,20;non;en attente
25/01/2022;Hotel;8000,00;1600,00;9600,00;oui;en attente
23/04/2022;Telecom;7500,00;1500,00;9000,00;oui;rejete
29/01/2022;Representation;1200,00;240,00;1440,00;perdu;en attente
17/03/2022;Transport;2191,00;438,20;2629,20;oui;valide
17/03/2022;Deplacement;5000,00;1000,00;6000,00;perdu;en attente
10/03/2022;Fournitures;2008,00;401,60;2409,60;non;rejete
04/07/2023;Taxi/VTC;695,00;139,00;834,00;photo floue;rejete
15/11/2023;Transport;650,50;130,10;780,60;oui;valide
31/07/2023;Hotel;8500,50;1700,10;10200,60;perdu;valide
24/05/2022;Hotel;7000,50;1400,10;8400,60;perdu;en attente
13/06/2022;Informatique;850,00;170,00;1020,00;perdu;valide
24/12/2022;Transport;500,00;100,00;600,00;oui;en attente
04/09/2023;Representation;900,00;180,00;1080,00;non;en attente
23/03/2022;Representation;2500,00;500,00;3000,00;perdu;rejete
20/03/2022;Representation;900,50;180,10;1080,60;perdu;valide
30/01/2023;Restaurant;500,00;100,00;600,00;oui;valide
07/09/2023;Transport;5000,00;1000,00;6000,00;oui;en attente
14/01/2022;Transport;3842,00;768,40;4610,40;photo floue;en attente
16/04/2023;Deplacement;450,50;90,10;540,60;non;rejete
23/12/2023;Deplacement;4000,99;800,20;4801,19;oui;rejete
02/11/2023;Informatique;3636,50;727,30;4363,80;perdu;rejete
05/09/2023;Hotel;450,99;90,20;541,19;oui;valide
25/06/2022;Telecom;400,50;80,10;480,60;oui;en attente
28/01/2022;Fournitures;500,99;100,20;601,19;non;en attente
22/03/2023;Fournitures;200,99;40,20;241,19;non;rejete
27/06/2023;Fournitures;750,99;150,20;901,19;oui;valide
17/12/2023;Fournitures;50,50;10,10;60,60;perdu;en attente
29/06/2023;Representation;5000,00;1000,00;6000,00;oui;valide
22/06/2023;Taxi/VTC;1000,50;200,10;1200,60;non;valide
21/09/2023;Fournitures;150,00;30,00;180,00;photo floue;valide
08/11/2022;Informatique;1500,99;300,20;1801,19;oui;valide
25/10/2023;Informatique;3000,50;600,10;3600,60;non;rejete
04/05/2022;Taxi/VTC;400,00;80,00;480,00;photo floue;valide
23/11/2022;Formation;1000,50;200,10;1200,60;oui;valide
28/05/2022;Fournitures;800,00;160,00;960,00;perdu;valide
07/10/2023;Restaurant;1399,00;279,80;1678,80;oui;en attente
21/03/2022;Fournitures;90,00;18,00;108,00;photo floue;en attente
31/01/2023;Formation;600,00;120,00;720,00;oui;en attente
08/07/2023;Informatique;900,99;180,20;1081,19;perdu;en attente
27/05/2023;Transport;8000,99;1600,20;9601,19;photo floue;rejete
27/09/2023;Deplacement;5000,50;1000,10;6000,60;photo floue;rejete
01/09/2022;Informatique;100,99;20,20;121,19;non;rejete
20/05/2023;Restaurant;1000,50;200,10;1200,60;oui;valide
01/10/2022;Hotel;90,99;18,20;109,19;non;valide
05/08/2023;Formation;5500,50;1100,10;6600,60;non;valide
01/12/2022;Deplacement;1500,00;300,00;1800,00;photo floue;valide
17/04/2022;Taxi/VTC;1800,00;360,00;2160,00;perdu;valide
12/08/2023;Representation;750,00;150,00;900,00;perdu;valide
12/07/2023;Transport;5500,99;1100,20;6601,19;photo floue;valide
01/01/2023;Informatique;1800,99;360,20;2161,19;oui;en attente
20/08/2022;Fournitures;4500,00;900,00;5400,00;non;rejete
12/12/2023;Hotel;500,00;100,00;600,00;photo floue;valide
20/04/2022;Representation;2000,00;400,00;2400,00;oui;valide
05/06/2022;Formation;9000,99;1800,20;10801,19;non;en attente
16/01/2023;Taxi/VTC;950,50;190,10;1140,60;photo floue;rejete
18/04/2023;Deplacement;5000,99;1000,20;6001,19;perdu;valide
28/11/2022;Transport;3000,50;600,10;3600,60;photo floue;valide
02/09/2022;Fournitures;7000,00;1400,00;8400,00;oui;en attente
04/08/2022;Telecom;4500,00;900,00;5400,00;photo floue;valide
27/06/2022;Representation;700,00;140,00;840,00;oui;valide
27/09/2023;Hotel;800,00;160,00;960,00;non;rejete
04/07/2023;Hotel;350,50;70,10;420,60;non;valide
01/03/2023;Formation;450,00;90,00;540,00;non;rejete
26/02/2023;Informatique;900,00;180,00;1080,00;oui;valide
20/05/2023;Deplacement;4500,50;900,10;5400,60;photo floue;rejete
02/08/2023;Fournitures;4367,00;873,40;5240,40;photo floue;rejete
13/03/2022;Fournitures;5000,00;1000,00;6000,00;oui;valide
29/01/2023;Hotel;800,50;160,10;960,60;oui;en attente
21/10/2023;Telecom;8500,99;1700,20;10201,19;perdu;en attente
13/06/2023;Restaurant;850,00;170,00;1020,00;non;en attente
21/04/2022;Deplacement;1712,99;342,60;2055,59;photo floue;en attente
14/10/2022;Deplacement;2960,99;592,20;3553,19;non;valide
22/12/2022;Representation;1888,00;377,60;2265,60;perdu;valide
26/10/2022;Deplacement;450,00;90,00;540,00;non;rejete
01/11/2023;Informatique;850,99;170,20;1021,19;photo floue;valide
11/03/2022;Transport;1729,99;346,00;2075,99;oui;rejete
22/08/2022;Fournitures;1800,50;360,10;2160,60;non;valide
01/02/2022;Informatique;1254,00;250,80;1504,80;oui;en attente
20/07/2023;Representation;500,00;100,00;600,00;perdu;valide
08/01/2022;Taxi/VTC;950,00;190,00;1140,00;photo floue;valide
11/04/2023;Informatique;900,50;180,10;1080,60;oui;valide
04/08/2023;Taxi/VTC;1500,99;300,20;1801,19;oui;en attente
15/05/2022;Hotel;600,00;120,00;720,00;oui;rejete
14/11/2022;Informatique;8500,99;1700,20;10201,19;oui;valide
16/09/2023;Telecom;2448,00;489,60;2937,60;perdu;rejete
17/07/2023;Fournitures;4722,00;944,40;5666,40;non;en attente
06/08/2023;Telecom;500,00;100,00;600,00;oui;en attente
14/11/2022;Representation;2500,50;500,10;3000,60;photo floue;valide
01/08/2022;Formation;3500,50;700,10;4200,60;oui;rejete
29/11/2023;Taxi/VTC;9500,50;1900,10;11400,60;photo floue;valide
13/01/2022;Taxi/VTC;900,00;180,00;1080,00;photo floue;valide
06/04/2022;Informatique;850,50;170,10;1020,60;photo floue;en attente
28/12/2022;Telecom;400,99;80,20;481,19;oui;en attente
28/01/2023;Fournitures;1475,99;295,20;1771,19;non;rejete
14/03/2022;Telecom;4500,99;900,20;5401,19;photo floue;valide
31/10/2023;Restaurant;850,00;170,00;1020,00;perdu;en attente
10/10/2023;Hotel;3882,00;776,40;4658,40;photo floue;valide
07/10/2023;Fournitures;3339,50;667,90;4007,40;non;en attente
21/12/2023;Taxi/VTC;3500,50;700,10;4200,60;non;rejete
18/02/2023;Restaurant;2500,00;500,00;3000,00;oui;valide
25/06/2022;Informatique;800,00;160,00;960,00;photo floue;rejete
20/04/2023;Formation;350,99;70,20;421,19;photo floue;en attente
01/11/2022;Taxi/VTC;700,50;140,10;840,60;photo floue;valide
05/10/2023;Telecom;300,99;60,20;361,19;non;en attente
30/11/2023;Transport;700,00;140,00;840,00;perdu;valide
13/04/2023;Transport;9000,00;1800,00;10800,00;non;valide
24/07/2023;Restaurant;800,99;160,20;961,19;non;en attente
15/08/2022;Representation;900,99;180,20;1081,19;perdu;rejete
02/02/2022;Restaurant;100,00;20,00;120,00;oui;en attente
24/11/2023;Formation;2000,50;400,10;2400,60;photo floue;en attente
02/01/2023;Informatique;250,00;50,00;300,00;oui;rejete
13/11/2023;Taxi/VTC;4162,00;832,40;4994,40;perdu;en attente
08/07/2022;Hotel;400,00;80,00;480,00;photo floue;valide
27/02/2023;Informatique;95,50;19,10;114,60;oui;en attente
03/05/2023;Taxi/VTC;2929,99;586,00;3515,99;perdu;rejete
29/07/2023;Hotel;500,50;100,10;600,60;non;rejete
18/04/2023;Telecom;1800,00;360,00;2160,00;non;valide
14/03/2022;Taxi/VTC;4000,00;800,00;4800,00;perdu;en attente
28/03/2022;Restaurant;3000,50;600,10;3600,60;oui;valide
21/10/2022;Telecom;9999,00;1999,80;11998,80;photo floue;en attente
18/02/2022;Fournitures;150,00;30,00;180,00;oui;valide
10/05/2022;Representation;500,99;100,20;601,19;non;en attente
28/02/2022;Deplacement;3500,50;700,10;4200,60;oui;rejete
20/11/2022;Taxi/VTC;5500,00;1100,00;6600,00;perdu;en attente
17/09/2022;Restaurant;4938,50;987,70;5926,20;oui;rejete
29/11/2022;Representation;600,00;120,00;720,00;photo floue;rejete
02/05/2022;Restaurant;550,99;110,20;661,19;non;en attente
04/10/2023;Fournitures;2500,00;500,00;3000,00;oui;en attente
17/01/2022;Formation;1281,00;256,20;1537,20;perdu;valide
13/06/2023;Informatique;50,99;10,20;61,19;perdu;en attente
29/06/2023;Representation;300,00;60,00;360,00;perdu;rejete
12/01/2022;Hotel;1800,00;360,00;2160,00;perdu;rejete
23/11/2023;Transport;4500,00;900,00;5400,00;oui;valide
12/03/2022;Informatique;3500,00;700,00;4200,00;photo floue;en attente
28/10/2023;Hotel;1000,50;200,10;1200,60;photo floue;en attente
20/04/2023;Representation;7500,00;1500,00;9000,00;oui;rejete
06/06/2022;Deplacement;750,99;150,20;901,19;perdu;rejete
19/12/2022;Telecom;3500,00;700,00;4200,00;oui;en attente
27/12/2023;Taxi/VTC;7000,00;1400,00;8400,00;perdu;valide
20/05/2023;Deplacement;900,00;180,00;1080,00;photo floue;en attente
14/07/2023;Formation;250,50;50,10;300,60;photo floue;rejete
26/12/2023;Transport;200,50;40,10;240,60;perdu;en attente
18/02/2022;Restaurant;500,99;100,20;601,19;photo floue;en attente
19/05/2023;Deplacement;800,00;160,00;960,00;perdu;valide
30/07/2022;Restaurant;700,50;140,10;840,60;photo floue;rejete
26/08/2022;Fournitures;1000,50;200,10;1200,60;perdu;rejete
26/04/2023;Formation;991,00;198,20;1189,20;oui;en attente
04/12/2023;Informatique;900,00;180,00;1080,00;oui;rejete
27/02/2023;Informatique;650,00;130,00;780,00;non;valide
18/06/2022;Formation;700,99;140,20;841,19;perdu;valide
12/09/2023;Telecom;900,00;180,00;1080,00;photo floue;en attente
10/02/2023;Taxi/VTC;5000,00;1000,00;6000,00;photo floue;rejete
15/06/2022;Representation;400,00;80,00;480,00;non;valide
12/03/2023;Hotel;700,99;140,20;841,19;non;rejete
19/02/2023;Deplacement;500,00;100,00;600,00;non;en attente
07/12/2023;Formation;1200,00;240,00;1440,00;non;valide
21/08/2022;Representation;600,50;120,10;720,60;non;valide
06/10/2023;Hotel;3000,50;600,10;3600,60;photo floue;rejete
13/07/2022;Fournitures;800,00;160,00;960,00;perdu;rejete
13/01/2023;Telecom;50,00;10,00;60,00;photo floue;en attente
18/03/2022;Informatique;500,50;100,10;600,60;perdu;valide
27/05/2023;Taxi/VTC;700,00;140,00;840,00;photo floue;rejete
28/05/2023;Fournitures;1997,00;399,40;2396,40;photo floue;rejete
29/05/2022;Taxi/VTC;1800,00;360,00;2160,00;oui;en attente
09/06/2023;Fournitures;2298,00;459,60;2757,60;perdu;rejete
04/08/2022;Taxi/VTC;5500,99;1100,20;6601,19;perdu;en attente
25/02/2023;Transport;700,50;140,10;840,60;perdu;valide
22/06/2022;Representation;9000,00;1800,00;10800,00;non;en attente
11/10/2022;Fournitures;1000,50;200,10;1200,60;non;en attente
20/12/2023;Restaurant;200,00;40,00;240,00;oui;rejete
27/10/2023;Fournitures;6000,00;1200,00;7200,00;oui;en attente
13/04/2023;Informatique;7500,00;1500,00;9000,00;non;rejete
01/07/2023;Fournitures;750,00;150,00;900,00;non;en attente
19/02/2023;Formation;2500,50;500,10;3000,60;perdu;en attente
12/09/2022;Restaurant;7000,50;1400,10;8400,60;oui;en attente
28/04/2022;Fournitures;3500,99;700,20;4201,19;oui;valide
04/12/2022;Telecom;4489,00;897,80;5386,80;non;rejete
03/07/2022;Transport;475,99;95,20;571,19;perdu;en attente
30/11/2022;Representation;572,00;114,40;686,40;oui;valide
03/01/2022;Hotel;800,00;160,00;960,00;photo floue;rejete
02/10/2022;Taxi/VTC;600,99;120,20;721,19;photo floue;en attente
17/03/2022;Taxi/VTC;1739,00;347,80;2086,80;non;valide
15/01/2022;Restaurant;600,00;120,00;720,00;photo floue;rejete
30/03/2023;Telecom;400,00;80,00;480,00;non;rejete
16/03/2022;Restaurant;2360,00;472,00;2832,00;perdu;valide
11/07/2022;Transport;175,00;35,00;210,00;non;en attente
18/08/2023;Telecom;3346,00;669,20;4015,20;photo floue;en attente
07/02/2022;Telecom;1500,00;300,00;1800,00;oui;valide
25/12/2022;Restaurant;800,50;160,10;960,60;perdu;en attente
13/06/2022;Deplacement;2500,50;500,10;3000,60;photo floue;en attente
01/11/2022;Informatique;450,00;90,00;540,00;perdu;valide
14/08/2022;Deplacement;950,50;190,10;1140,60;oui;valide
11/01/2022;Hotel;8000,99;1600,20;9601,19;non;valide
08/01/2022;Fournitures;9000,00;1800,00;10800,00;oui;valide
19/01/2022;Hotel;1000,50;200,10;1200,60;photo floue;rejete
20/03/2022;Representation;150,00;30,00;180,00;perdu;rejete
02/10/2023;Restaurant;900,50;180,10;1080,60;photo floue;valide
13/04/2022;Informatique;650,99;130,20;781,19;photo floue;rejete
31/10/2022;Informatique;750,50;150,10;900,60;oui;en attente
04/02/2022;Deplacement;100,00;20,00;120,00;perdu;en attente
24/05/2023;Fournitures;320,00;64,00;384,00;oui;rejete
14/09/2023;Fournitures;900,50;180,10;1080,60;perdu;en attente
02/02/2022;Representation;2500,50;500,10;3000,60;non;en attente
29/05/2023;Fournitures;4000,00;800,00;4800,00;photo floue;rejete
20/03/2023;Representation;100,50;20,10;120,60;non;valide
05/11/2022;Deplacement;2000,00;400,00;2400,00;non;valide
22/09/2022;Fournitures;350,50;70,10;420,60;photo floue;en attente
28/05/2023;Representation;750,50;150,10;900,60;oui;rejete
25/05/2022;Fournitures;1000,99;200,20;1201,19;non;valide
25/09/2022;Informatique;395,00;79,00;474,00;oui;valide
09/07/2023;Transport;250,99;50,20;301,19;non;valide
06/01/2022;Taxi/VTC;120,50;24,10;144,60;perdu;en attente
09/10/2023;Deplacement;750,50;150,10;900,60;oui;en attente
12/01/2023;Restaurant;1100,00;220,00;1320,00;non;en attente
26/04/2023;Taxi/VTC;7500,00;1500,00;9000,00;photo floue;en attente
29/05/2022;Representation;3219,00;643,80;3862,80;oui;rejete
16/07/2022;Formation;700,00;140,00;840,00;non;rejete
11/11/2023;Taxi/VTC;350,00;70,00;420,00;photo floue;rejete
24/11/2023;Restaurant;700,00;140,00;840,00;non;valide
16/11/2022;Restaurant;450,00;90,00;540,00;oui;rejete
19/08/2022;Representation;2500,50;500,10;3000,60;photo floue;rejete
17/05/2023;Restaurant;600,00;120,00;720,00;photo floue;en attente
02/07/2022;Fournitures;1024,50;204,90;1229,40;oui;valide
12/10/2022;Hotel;500,00;100,00;600,00;non;en attente
13/10/2023;Representation;5000,99;1000,20;6001,19;photo floue;en attente
03/04/2023;Taxi/VTC;750,00;150,00;900,00;perdu;rejete
12/08/2023;Hotel;1419,00;283,80;1702,80;perdu;rejete
08/01/2022;Hotel;1060,50;212,10;1272,60;photo floue;en attente
11/04/2022;Transport;8500,99;1700,20;10201,19;non;valide
17/06/2022;Informatique;450,00;90,00;540,00;perdu;rejete
16/09/2023;Deplacement;2653,00;530,60;3183,60;photo floue;valide
03/10/2022;Hotel;500,00;100,00;600,00;photo floue;valide
24/03/2022;Hotel;9000,00;1800,00;10800,00;photo floue;valide
18/06/2023;Restaurant;900,00;180,00;1080,00;perdu;valide
13/07/2023;Fournitures;1800,00;360,00;2160,00;oui;en attente
25/02/2023;Deplacement;5000,00;1000,00;6000,00;non;valide
13/01/2022;Restaurant;697,00;139,40;836,40;perdu;valide
31/01/2022;Representation;175,00;35,00;210,00;photo floue;valide
27/11/2023;Representation;1800,00;360,00;2160,00;non;valide
12/07/2022;Transport;950,00;190,00;1140,00;non;en attente
10/11/2022;Informatique;4286,00;857,20;5143,20;non;en attente
07/12/2022;Telecom;4367,00;873,40;5240,40;oui;rejete
16/06/2023;Representation;90,50;18,10;108,60;photo floue;valide
20/08/2022;Hotel;500,00;100,00;600,00;photo floue;rejete
07/08/2022;Fournitures;3020,99;604,20;3625,19;non;rejete
27/06/2022;Restaurant;350,99;70,20;421,19;non;en attente
21/12/2022;Formation;950,99;190,20;1141,19;perdu;rejete
09/02/2023;Transport;900,50;180,10;1080,60;non;rejete
22/01/2022;Formation;950,50;190,10;1140,60;perdu;valide
13/04/2022;Restaurant;5000,00;1000,00;6000,00;photo floue;rejete
23/12/2023;Telecom;1800,00;360,00;2160,00;perdu;valide
17/08/2023;Telecom;900,00;180,00;1080,00;oui;en attente
26/09/2023;Fournitures;1000,00;200,00;1200,00;non;rejete
13/04/2023;Deplacement;833,00;166,60;999,60;photo floue;rejete
21/02/2023;Hotel;9999,00;1999,80;11998,80;perdu;valide
12/04/2023;Fournitures;800,00;160,00;960,00;non;rejete
02/01/2022;Formation;750,50;150,10;900,60;perdu;valide
29/04/2023;Informatique;3487,99;697,60;4185,59;oui;en attente
21/01/2022;Restaurant;800,00;160,00;960,00;non;valide
26/03/2022;Hotel;3735,00;747,00;4482,00;perdu;en attente
05/03/2022;Representation;450,00;90,00;540,00;perdu;rejete
23/03/2023;Telecom;763,00;152,60;915,60;photo floue;valide
26/11/2023;Transport;4554,00;910,80;5464,80;perdu;valide
12/09/2022;Hotel;1624,50;324,90;1949,40;non;en attente
03/09/2022;Formation;7500,00;1500,00;9000,00;oui;en attente
05/11/2022;Informatique;850,50;170,10;1020,60;perdu;rejete
28/12/2022;Telecom;350,00;70,00;420,00;perdu;en attente
27/12/2023;Representation;4620,00;924,00;5544,00;photo floue;rejete
27/01/2022;Fournitures;450,50;90,10;540,60;photo floue;rejete
21/06/2023;Deplacement;800,00;160,00;960,00;non;rejete
14/04/2023;Formation;4966,50;993,30;5959,80;oui;rejete
30/08/2022;Telecom;2500,50;500,10;3000,60;non;valide
29/06/2022;Telecom;7000,00;1400,00;8400,00;non;valide
18/04/2022;Telecom;4793,00;958,60;5751,60;non;en attente
07/05/2023;Taxi/VTC;800,50;160,10;960,60;photo floue;en attente
29/10/2022;Fournitures;750,00;150,00;900,00;non;valide
27/05/2022;Restaurant;3500,00;700,00;4200,00;oui;en attente
02/02/2022;Formation;600,50;120,10;720,60;oui;en attente
20/09/2023;Deplacement;4928,00;985,60;5913,60;perdu;en attente
06/02/2023;Deplacement;450,00;90,00;540,00;oui;rejete
15/12/2023;Informatique;80,00;16,00;96,00;non;valide
30/08/2023;Telecom;250,00;50,00;300,00;perdu;en attente
19/03/2022;Fournitures;4500,50;900,10;5400,60;perdu;valide
24/04/2023;Informatique;4000,99;800,20;4801,19;photo floue;en attente
30/03/2022;Transport;4073,00;814,60;4887,60;perdu;valide
06/07/2022;Transport;9000,00;1800,00;10800,00;photo floue;valide
26/02/2023;Restaurant;800,00;160,00;960,00;photo floue;valide
21/11/2022;Deplacement;1615,00;323,00;1938,00;photo floue;en attente
24/11/2023;Taxi/VTC;100,50;20,10;120,60;photo floue;en attente
21/09/2023;Deplacement;1000,50;200,10;1200,60;oui;rejete
09/02/2023;Restaurant;80,50;16,10;96,60;photo floue;rejete
19/12/2022;Representation;300,00;60,00;360,00;perdu;valide
14/11/2022;Restaurant;2000,00;400,00;2400,00;oui;rejete
02/05/2022;Informatique;950,99;190,20;1141,19;oui;rejete
13/05/2023;Formation;4500,00;900,00;5400,00;non;en attente
02/11/2023;Deplacement;800,50;160,10;960,60;non;rejete
29/11/2022;Telecom;850,00;170,00;1020,00;photo floue;en attente
23/08/2023;Taxi/VTC;500,00;100,00;600,00;oui;rejete
13/07/2022;Taxi/VTC;600,50;120,10;720,60;oui;rejete
03/09/2023;Informatique;150,00;30,00;180,00;photo floue;rejete
19/06/2022;Taxi/VTC;4000,00;800,00;4800,00;non;rejete
23/05/2023;Formation;800,00;160,00;960,00;oui;en attente
24/11/2023;Telecom;50,00;10,00;60,00;oui;rejete
28/11/2023;Fournitures;1500,00;300,00;1800,00;perdu;valide
04/06/2022;Formation;100,00;20,00;120,00;photo floue;en attente
17/04/2022;Formation;2000,99;400,20;2401,19;photo floue;en attente
23/02/2023;Deplacement;800,00;160,00;960,00;oui;valide
04/12/2022;Telecom;400,00;80,00;480,00;perdu;rejete
27/12/2023;Formation;1000,99;200,20;1201,19;non;rejete
14/01/2022;Telecom;175,00;35,00;210,00;non;rejete
02/10/2022;Informatique;950,00;190,00;1140,00;perdu;rejete
03/11/2023;Deplacement;80,00;16,00;96,00;non;en attente
07/03/2023;Taxi/VTC;2946,00;589,20;3535,20;perdu;en attente
29/09/2022;Telecom;700,99;140,20;841,19;oui;rejete
19/05/2023;Representation;3000,99;600,20;3601,19;photo floue;valide
29/06/2022;Hotel;350,00;70,00;420,00;oui;valide
04/09/2023;Deplacement;500,00;100,00;600,00;perdu;rejete
23/10/2022;Representation;7500,00;1500,00;9000,00;photo floue;valide
22/10/2023;Transport;2500,00;500,00;3000,00;non;rejete
11/12/2023;Deplacement;1000,00;200,00;1200,00;oui;valide
09/01/2022;Fournitures;3686,00;737,20;4423,20;non;en attente
17/08/2022;Deplacement;100,00;20,00;120,00;non;rejete
04/05/2023;Restaurant;3500,50;700,10;4200,60;non;en attente
24/08/2022;Informatique;850,50;170,10;1020,60;oui;en attente
10/10/2023;Telecom;850,00;170,00;1020,00;perdu;valide
05/10/2023;Fournitures;4500,00;900,00;5400,00;perdu;valide
06/07/2023;Transport;2000,00;400,00;2400,00;photo floue;valide
24/03/2022;Informatique;600,00;120,00;720,00;non;rejete
04/12/2022;Fournitures;950,00;190,00;1140,00;perdu;rejete
01/09/2023;Restaurant;200,00;40,00;240,00;photo floue;valide
01/01/2022;Transport;200,00;40,00;240,00;photo floue;rejete
02/05/2022;Fournitures;120,50;24,10;144,60;perdu;valide
15/05/2023;Representation;200,50;40,10;240,60;oui;en attente
31/01/2023;Fournitures;7500,00;1500,00;9000,00;perdu;rejete
11/02/2022;Transport;1689,00;337,80;2026,80;non;en attente
26/05/2022;Fournitures;500,00;100,00;600,00;perdu;en attente
11/11/2023;Taxi/VTC;750,99;150,20;901,19;non;en attente
22/11/2022;Formation;600,00;120,00;720,00;photo floue;valide
18/03/2022;Hotel;900,99;180,20;1081,19;perdu;valide
25/01/2023;Informatique;150,50;30,10;180,60;photo floue;en attente
28/10/2023;Formation;1500,50;300,10;1800,60;non;en attente
20/01/2022;Transport;3752,99;750,60;4503,59;photo floue;en attente
28/10/2023;Taxi/VTC;3546,99;709,40;4256,39;non;rejete
15/10/2023;Formation;231,00;46,20;277,20;photo floue;rejete
18/12/2022;Taxi/VTC;100,00;20,00;120,00;oui;en attente
14/01/2023;Hotel;4000,00;800,00;4800,00;oui;en attente
14/10/2022;Informatique;1800,50;360,10;2160,60;photo floue;en attente
01/10/2022;Hotel;4000,00;800,00;4800,00;non;en attente
06/02/2022;Deplacement;350,00;70,00;420,00;non;rejete
11/01/2023;Fournitures;4045,00;809,00;4854,00;photo floue;rejete
27/02/2023;Hotel;700,99;140,20;841,19;non;en attente
23/12/2022;Transport;600,00;120,00;720,00;photo floue;rejete
24/07/2022;Telecom;800,50;160,10;960,60;photo floue;valide
06/03/2023;Deplacement;650,00;130,00;780,00;photo floue;rejete
13/09/2022;Hotel;600,99;120,20;721,19;photo floue;en attente
05/08/2022;Formation;500,00;100,00;600,00;perdu;valide
27/01/2023;Fournitures;4500,00;900,00;5400,00;perdu;valide
05/01/2022;Taxi/VTC;2371,00;474,20;2845,20;oui;en attente
03/03/2022;Informatique;3150,00;630,00;3780,00;perdu;valide
24/08/2023;Representation;650,99;130,20;781,19;perdu;en attente
27/11/2023;Taxi/VTC;1000,50;200,10;1200,60;photo floue;en attente
08/11/2023;Restaurant;9000,00;1800,00;10800,00;perdu;rejete
16/09/2022;Transport;3000,99;600,20;3601,19;perdu;rejete
26/08/2022;Fournitures;900,50;180,10;1080,60;non;en attente
07/03/2022;Transport;1000,00;200,00;1200,00;oui;rejete
05/12/2022;Representation;8000,00;1600,00;9600,00;oui;en attente
20/05/2022;Deplacement;350,50;70,10;420,60;perdu;en attente
16/02/2022;Telecom;3000,50;600,10;3600,60;photo floue;en attente
28/09/2022;Formation;1500,99;300,20;1801,19;perdu;rejete
08/07/2023;Representation;600,00;120,00;720,00;oui;rejete
07/05/2022;Deplacement;3083,00;616,60;3699,60;perdu;rejete
09/04/2022;Formation;3695,99;739,20;4435,19;photo floue;rejete
27/10/2022;Taxi/VTC;550,50;110,10;660,60;perdu;valide
14/02/2023;Hotel;4752,99;950,60;5703,59;oui;en attente
25/07/2023;Informatique;2327,00;465,40;2792,40;non;en attente
24/12/2023;Taxi/VTC;2500,50;500,10;3000,60;non;valide
29/01/2022;Formation;200,00;40,00;240,00;non;en attente
17/07/2022;Deplacement;950,00;190,00;1140,00;oui;en attente
11/04/2023;Representation;900,00;180,00;1080,00;non;valide
23/05/2022;Formation;650,50;130,10;780,60;photo floue;valide
21/10/2022;Telecom;650,00;130,00;780,00;photo floue;valide
16/08/2022;Informatique;120,00;24,00;144,00;perdu;en attente
17/02/2023;Restaurant;4887,99;977,60;5865,59;non;en attente
07/06/2022;Transport;3547,99;709,60;4257,59;non;en attente
23/08/2023;Restaurant;4369,50;873,90;5243,40;photo floue;en attente
31/08/2023;Hotel;800,99;160,20;961,19;non;valide
13/09/2023;Hotel;422,99;84,60;507,59;photo floue;valide
30/10/2022;Informatique;300,50;60,10;360,60;perdu;valide
21/07/2023;Restaurant;710,50;142,10;852,60;non;rejete
11/12/2022;Restaurant;50,50;10,10;60,60;non;en attente
20/03/2022;Informatique;500,00;100,00;600,00;perdu;valide
26/07/2023;Representation;7500,99;1500,20;9001,19;non;en attente
16/12/2023;Taxi/VTC;750,99;150,20;901,19;perdu;en attente
23/04/2022;Telecom;900,50;180,10;1080,60;oui;en attente
28/12/2023;Hotel;150,99;30,20;181,19;oui;rejete
04/03/2022;Deplacement;5500,00;1100,00;6600,00;photo floue;valide
29/01/2022;Telecom;4500,99;900,20;5401,19;perdu;en attente
15/05/2022;Fournitures;9500,00;1900,00;11400,00;photo floue;en attente
04/03/2022;Taxi/VTC;450,99;90,20;541,19;oui;valide
05/06/2023;Formation;4500,00;900,00;5400,00;oui;valide
22/02/2022;Fournitures;500,00;100,00;600,00;non;rejete
24/07/2023;Informatique;700,00;140,00;840,00;perdu;en attente
22/09/2022;Fournitures;5000,99;1000,20;6001,19;oui;valide
07/05/2022;Transport;1800,99;360,20;2161,19;perdu;rejete
28/09/2022;Transport;1026,00;205,20;1231,20;oui;en attente
28/06/2023;Restaurant;1000,00;200,00;1200,00;photo floue;valide
26/06/2022;Telecom;5000,99;1000,20;6001,19;perdu;rejete
12/04/2023;Informatique;450,00;90,00;540,00;non;en attente
19/01/2023;Restaurant;2000,99;400,20;2401,19;non;rejete
20/01/2022;Taxi/VTC;3219,00;643,80;3862,80;photo floue;valide
07/05/2022;Taxi/VTC;200,00;40,00;240,00;perdu;en attente
22/05/2022;Hotel;3579,00;715,80;4294,80;non;en attente
07/07/2022;Informatique;900,50;180,10;1080,60;photo floue;rejete
20/11/2023;Transport;4000,00;800,00;4800,00;non;valide
26/12/2022;Deplacement;2961,00;592,20;3553,20;oui;rejete
11/07/2023;Taxi/VTC;4729,00;945,80;5674,80;non;rejete
15/04/2022;Deplacement;95,50;19,10;114,60;perdu;valide
10/05/2022;Representation;750,00;150,00;900,00;oui;valide
15/08/2023;Transport;120,99;24,20;145,19;non;rejete
06/06/2023;Informatique;9999,50;1999,90;11999,40;perdu;rejete
18/07/2023;Transport;500,00;100,00;600,00;non;rejete
28/10/2022;Fournitures;4000,00;800,00;4800,00;photo floue;en attente
28/12/2023;Deplacement;400,50;80,10;480,60;non;en attente
03/04/2023;Restaurant;950,99;190,20;1141,19;non;rejete
26/06/2023;Restaurant;250,50;50,10;300,60;non;en attente
01/09/2023;Fournitures;100,00;20,00;120,00;oui;valide
26/11/2022;Transport;950,00;190,00;1140,00;non;valide
07/05/2022;Fournitures;1626,99;325,40;1952,39;non;valide
03/05/2023;Deplacement;1513,50;302,70;1816,20;oui;en attente
05/06/2023;Transport;2407,00;481,40;2888,40;non;valide
26/03/2022;Hotel;4000,99;800,20;4801,19;photo floue;valide
31/01/2023;Informatique;2500,00;500,00;3000,00;oui;en attente
10/03/2023;Taxi/VTC;2000,00;400,00;2400,00;non;rejete
24/08/2022;Hotel;1200,00;240,00;1440,00;photo floue;en attente
09/01/2022;Restaurant;90,00;18,00;108,00;non;rejete
07/07/2022;Informatique;1000,00;200,00;1200,00;oui;valide
09/02/2023;Telecom;2798,00;559,60;3357,60;perdu;en attente
31/07/2023;Hotel;3000,99;600,20;3601,19;photo floue;rejete
14/01/2023;Formation;2099,50;419,90;2519,40;oui;en attente
10/12/2023;Taxi/VTC;1000,00;200,00;1200,00;photo floue;rejete
05/11/2022;Restaurant;8500,99;1700,20;10201,19;photo floue;rejete
01/11/2023;Restaurant;500,00;100,00;600,00;oui;valide
10/10/2023;Fournitures;8000,00;1600,00;9600,00;perdu;valide
24/09/2023;Informatique;600,00;120,00;720,00;oui;rejete
12/05/2022;Formation;1286,00;257,20;1543,20;oui;rejete
06/07/2023;Formation;500,00;100,00;600,00;non;valide
10/10/2022;Taxi/VTC;2500,00;500,00;3000,00;non;en attente
14/09/2022;Deplacement;750,99;150,20;901,19;photo floue;valide
02/05/2023;Transport;1000,00;200,00;1200,00;photo floue;valide
20/09/2023;Deplacement;650,00;130,00;780,00;photo floue;rejete
05/07/2023;Transport;800,00;160,00;960,00;oui;valide
16/04/2022;Deplacement;850,00;170,00;1020,00;photo floue;rejete
14/12/2022;Representation;250,00;50,00;300,00;photo floue;rejete
23/05/2022;Fournitures;400,00;80,00;480,00;non;en attente
31/05/2022;Fournitures;2500,99;500,20;3001,19;non;en attente
24/06/2022;Formation;500,00;100,00;600,00;photo floue;en attente
27/06/2022;Deplacement;600,00;120,00;720,00;perdu;valide
12/10/2023;Informatique;350,00;70,00;420,00;non;rejete
15/03/2022;Formation;1000,99;200,20;1201,19;non;en attente
19/11/2022;Transport;250,00;50,00;300,00;photo floue;valide
19/11/2022;Restaurant;4504,99;901,00;5405,99;photo floue;valide
17/10/2023;Informatique;500,99;100,20;601,19;non;valide
27/03/2023;Formation;550,00;110,00;660,00;perdu;rejete
21/10/2022;Taxi/VTC;250,99;50,20;301,19;perdu;rejete
16/01/2022;Restaurant;5000,50;1000,10;6000,60;photo floue;rejete
27/12/2023;Restaurant;380,00;76,00;456,00;photo floue;valide
07/12/2023;Deplacement;2179,99;436,00;2615,99;photo floue;en attente
25/11/2022;Deplacement;700,00;140,00;840,00;oui;valide
21/10/2022;Deplacement;250,00;50,00;300,00;photo floue;en attente
23/05/2022;Hotel;450,50;90,10;540,60;non;en attente
09/02/2022;Deplacement;350,00;70,00;420,00;photo floue;rejete
21/03/2022;Representation;3500,00;700,00;4200,00;oui;rejete
27/12/2022;Taxi/VTC;8000,50;1600,10;9600,60;photo floue;rejete
30/05/2023;Representation;100,99;20,20;121,19;perdu;en attente
06/08/2023;Hotel;1500,00;300,00;1800,00;non;valide
15/02/2022;Taxi/VTC;400,99;80,20;481,19;perdu;valide
30/04/2023;Hotel;200,00;40,00;240,00;perdu;rejete
21/11/2022;Informatique;4145,00;829,00;4974,00;photo floue;en attente
23/07/2022;Informatique;8000,50;1600,10;9600,60;perdu;valide
24/09/2023;Deplacement;9000,50;1800,10;10800,60;non;valide
28/05/2023;Informatique;950,00;190,00;1140,00;non;valide
23/02/2023;Telecom;1000,50;200,10;1200,60;photo floue;en attente
05/03/2023;Representation;1677,50;335,50;2013,00;photo floue;en attente
04/10/2022;Transport;700,00;140,00;840,00;oui;rejete
20/02/2022;Formation;120,50;24,10;144,60;non;valide
14/07/2022;Fournitures;900,00;180,00;1080,00;photo floue;en attente
06/11/2023;Representation;2500,50;500,10;3000,60;oui;rejete
06/06/2022;Representation;1000,99;200,20;1201,19;non;en attente
07/01/2023;Transport;500,00;100,00;600,00;oui;en attente
17/05/2023;Fournitures;5000,99;1000,20;6001,19;photo floue;valide
05/08/2022;Representation;750,99;150,20;901,19;non;valide
19/09/2023;Fournitures;2632,50;526,50;3159,00;non;valide
13/09/2023;Fournitures;1500,99;300,20;1801,19;non;en attente
09/05/2022;Transport;1200,99;240,20;1441,19;oui;rejete
06/05/2022;Deplacement;2000,50;400,10;2400,60;oui;valide
16/10/2022;Informatique;3794,00;758,80;4552,80;photo floue;rejete
31/07/2023;Transport;488,50;97,70;586,20;oui;valide
08/12/2022;Hotel;150,00;30,00;180,00;perdu;en attente
28/12/2022;Transport;7500,00;1500,00;9000,00;perdu;en attente
11/04/2022;Telecom;120,00;24,00;144,00;oui;rejete
23/09/2023;Informatique;600,00;120,00;720,00;perdu;rejete
03/02/2022;Transport;1500,99;300,20;1801,19;oui;en attente
06/09/2023;Fournitures;1200,00;240,00;1440,00;oui;rejete
21/10/2022;Telecom;400,99;80,20;481,19;non;en attente
15/05/2023;Restaurant;550,99;110,20;661,19;oui;en attente
12/11/2023;Fournitures;700,00;140,00;840,00;perdu;en attente
21/03/2023;Informatique;1000,00;200,00;1200,00;non;valide
22/04/2022;Restaurant;9500,00;1900,00;11400,00;oui;rejete
16/06/2023;Fournitures;200,00;40,00;240,00;oui;valide
09/11/2022;Telecom;3111,99;622,40;3734,39;photo floue;valide
26/05/2022;Taxi/VTC;300,50;60,10;360,60;non;valide
07/07/2022;Representation;4500,00;900,00;5400,00;oui;valide
10/10/2022;Transport;300,00;60,00;360,00;oui;valide
17/05/2022;Hotel;5000,50;1000,10;6000,60;non;rejete
02/08/2022;Fournitures;590,99;118,20;709,19;photo floue;valide
24/06/2022;Hotel;9999,00;1999,80;11998,80;perdu;rejete
30/03/2022;Fournitures;550,99;110,20;661,19;photo floue;valide
26/04/2022;Informatique;9999,00;1999,80;11998,80;non;en attente
18/10/2023;Telecom;4000,99;800,20;4801,19;non;rejete
14/05/2023;Deplacement;750,50;150,10;900,60;perdu;en attente
25/02/2022;Taxi/VTC;1089,00;217,80;1306,80;oui;rejete
30/08/2023;Fournitures;750,50;150,10;900,60;perdu;rejete
17/05/2022;Transport;95,00;19,00;114,00;non;en attente
18/12/2022;Taxi/VTC;3000,00;600,00;3600,00;oui;rejete
15/01/2022;Fournitures;2500,00;500,00;3000,00;perdu;valide
21/08/2022;Telecom;4500,99;900,20;5401,19;photo floue;en attente
04/03/2022;Formation;5000,99;1000,20;6001,19;non;rejete
28/08/2023;Representation;1750,00;350,00;2100,00;perdu;valide
31/10/2022;Formation;90,00;18,00;108,00;photo floue;valide
28/05/2022;Fournitures;800,00;160,00;960,00;oui;valide
22/08/2023;Transport;75,00;15,00;90,00;oui;valide
07/08/2023;Transport;550,00;110,00;660,00;oui;en attente
12/10/2023;Taxi/VTC;50,00;10,00;60,00;photo floue;valide
16/07/2023;Restaurant;950,50;190,10;1140,60;non;en attente
02/10/2022;Restaurant;800,99;160,20;961,19;oui;rejete
22/05/2022;Hotel;150,00;30,00;180,00;oui;en attente
03/10/2022;Formation;700,00;140,00;840,00;photo floue;rejete
28/11/2022;Representation;3927,50;785,50;4713,00;oui;rejete
28/04/2023;Deplacement;3625,00;725,00;4350,00;photo floue;valide
16/03/2023;Deplacement;5000,00;1000,00;6000,00;non;valide
07/10/2023;Restaurant;80,00;16,00;96,00;non;rejete
22/11/2022;Representation;550,00;110,00;660,00;oui;en attente
24/10/2023;Representation;900,00;180,00;1080,00;perdu;en attente
24/10/2022;Representation;700,50;140,10;840,60;oui;en attente
26/04/2023;Transport;4820,99;964,20;5785,19;oui;valide
13/06/2023;Representation;3322,00;664,40;3986,40;non;en attente
26/08/2023;Informatique;3771,99;754,40;4526,39;oui;rejete
20/09/2022;Transport;800,00;160,00;960,00;perdu;rejete
30/10/2023;Transport;500,00;100,00;600,00;non;rejete
22/09/2022;Taxi/VTC;600,00;120,00;720,00;photo floue;rejete
05/12/2023;Representation;4000,99;800,20;4801,19;photo floue;rejete
17/08/2023;Fournitures;250,00;50,00;300,00;photo floue;valide
17/05/2022;Transport;200,00;40,00;240,00;perdu;rejete
22/11/2022;Formation;400,00;80,00;480,00;non;rejete
09/01/2023;Informatique;2741,99;548,40;3290,39;non;en attente
29/03/2023;Telecom;500,00;100,00;600,00;oui;rejete
17/03/2023;Deplacement;4000,00;800,00;4800,00;photo floue;rejete
15/12/2022;Formation;120,00;24,00;144,00;photo floue;rejete
04/11/2023;Hotel;8000,00;1600,00;9600,00;non;valide
30/11/2023;Deplacement;1800,99;360,20;2161,19;perdu;valide
31/01/2022;Telecom;100,00;20,00;120,00;perdu;rejete
19/06/2022;Hotel;2866,00;573,20;3439,20;oui;rejete
07/06/2023;Deplacement;700,00;140,00;840,00;oui;en attente
05/01/2022;Representation;4500,99;900,20;5401,19;photo floue;rejete
16/09/2022;Fournitures;50,99;10,20;61,19;photo floue;en attente
25/10/2023;Hotel;4500,00;900,00;5400,00;perdu;valide
02/01/2023;Transport;3059,99;612,00;3671,99;non;valide
18/05/2022;Telecom;4000,00;800,00;4800,00;oui;rejete
12/11/2023;Informatique;4003,99;800,80;4804,79;non;valide
04/04/2023;Hotel;3289,00;657,80;3946,80;perdu;valide
04/08/2023;Formation;750,99;150,20;901,19;perdu;valide
17/07/2023;Informatique;431,99;86,40;518,39;non;rejete
20/11/2022;Restaurant;3894,00;778,80;4672,80;perdu;valide
10/07/2023;Fournitures;8000,00;1600,00;9600,00;non;valide
09/01/2022;Fournitures;400,50;80,10;480,60;oui;valide
29/07/2022;Taxi/VTC;300,00;60,00;360,00;non;rejete
14/11/2022;Transport;836,99;167,40;1004,39;non;en attente
18/09/2022;Hotel;500,99;100,20;601,19;non;en attente
30/09/2022;Representation;450,00;90,00;540,00;photo floue;valide
03/10/2023;Telecom;2238,00;447,60;2685,60;photo floue;en attente
13/06/2023;Deplacement;1200,99;240,20;1441,19;perdu;rejete
20/04/2023;Taxi/VTC;1500,00;300,00;1800,00;oui;valide
25/12/2023;Informatique;2252,50;450,50;2703,00;photo floue;valide
10/05/2023;Transport;2500,50;500,10;3000,60;perdu;valide
22/08/2023;Taxi/VTC;850,50;170,10;1020,60;perdu;rejete
21/08/2023;Representation;241,50;48,30;289,80;non;en attente
10/08/2022;Deplacement;500,99;100,20;601,19;oui;valide
05/10/2022;Hotel;900,99;180,20;1081,19;oui;rejete
23/08/2023;Taxi/VTC;900,50;180,10;1080,60;photo floue;rejete
08/12/2022;Restaurant;4378,50;875,70;5254,20;photo floue;valide
12/03/2022;Telecom;500,50;100,10;600,60;oui;rejete
26/05/2022;Taxi/VTC;7500,50;1500,10;9000,60;photo floue;rejete
01/03/2023;Telecom;500,50;100,10;600,60;perdu;rejete
17/07/2023;Formation;2500,50;500,10;3000,60;oui;valide
07/02/2023;Restaurant;800,99;160,20;961,19;oui;rejete
19/08/2022;Formation;900,99;180,20;1081,19;photo floue;en attente
07/08/2022;Representation;8000,50;1600,10;9600,60;non;rejete
01/06/2022;Telecom;5000,00;1000,00;6000,00;oui;en attente
07/09/2022;Taxi/VTC;450,99;90,20;541,19;perdu;rejete
26/01/2022;Representation;700,99;140,20;841,19;photo floue;en attente
25/06/2022;Telecom;900,00;180,00;1080,00;perdu;en attente
20/11/2023;Fournitures;600,00;120,00;720,00;perdu;en attente
15/04/2023;Formation;1800,00;360,00;2160,00;perdu;valide
19/03/2022;Formation;8000,50;1600,10;9600,60;oui;rejete
28/07/2023;Transport;544,99;109,00;653,99;non;en attente
12/08/2023;Fournitures;6000,50;1200,10;7200,60;perdu;rejete
07/04/2023;Representation;950,00;190,00;1140,00;non;en attente
09/12/2022;Hotel;200,99;40,20;241,19;perdu;valide
24/03/2023;Restaurant;550,00;110,00;660,00;oui;valide
22/08/2023;Restaurant;1819,50;363,90;2183,40;non;valide
25/02/2023;Representation;4117,00;823,40;4940,40;non;valide
16/07/2022;Formation;2500,00;500,00;3000,00;photo floue;valide
08/12/2022;Telecom;4500,00;900,00;5400,00;oui;en attente
20/11/2023;Informatique;500,00;100,00;600,00;perdu;en attente
28/11/2023;Taxi/VTC;3271,00;654,20;3925,20;photo floue;rejete
08/09/2022;Fournitures;300,99;60,20;361,19;oui;en attente
06/03/2022;Informatique;4500,00;900,00;5400,00;photo floue;rejete
03/01/2023;Deplacement;1545,50;309,10;1854,60;photo floue;rejete
20/08/2022;Restaurant;6000,50;1200,10;7200,60;non;rejete
20/01/2023;Deplacement;450,50;90,10;540,60;photo floue;valide
11/12/2022;Restaurant;750,50;150,10;900,60;oui;en attente
26/11/2022;Taxi/VTC;2500,00;500,00;3000,00;non;en attente
30/10/2023;Telecom;100,50;20,10;120,60;oui;en attente
19/06/2023;Informatique;75,00;15,00;90,00;non;rejete
14/11/2022;Representation;8000,00;1600,00;9600,00;perdu;valide
12/05/2023;Telecom;2000,00;400,00;2400,00;non;valide
14/05/2022;Formation;900,00;180,00;1080,00;perdu;valide
25/03/2022;Restaurant;800,00;160,00;960,00;perdu;valide
29/08/2022;Transport;400,00;80,00;480,00;oui;rejete
13/07/2022;Restaurant;80,00;16,00;96,00;perdu;rejete
26/03/2022;Fournitures;700,50;140,10;840,60;non;en attente
16/06/2022;Fournitures;900,99;180,20;1081,19;oui;rejete
29/10/2022;Transport;2000,00;400,00;2400,00;photo floue;en attente
04/07/2022;Fournitures;80,00;16,00;96,00;non;en attente
05/03/2023;Taxi/VTC;950,00;190,00;1140,00;photo floue;valide
08/12/2022;Taxi/VTC;7000,99;1400,20;8401,19;oui;en attente
29/12/2022;Fournitures;4878,00;975,60;5853,60;photo floue;valide
10/07/2022;Restaurant;600,50;120,10;720,60;oui;valide
02/03/2023;Informatique;800,50;160,10;960,60;non;rejete
29/04/2022;Informatique;9999,99;2000,00;11999,99;oui;valide
11/10/2023;Fournitures;700,50;140,10;840,60;non;rejete
21/05/2023;Transport;1800,00;360,00;2160,00;oui;valide
30/04/2022;Hotel;400,50;80,10;480,60;photo floue;en attente
05/07/2023;Taxi/VTC;5000,00;1000,00;6000,00;photo floue;valide
05/05/2022;Hotel;4000,00;800,00;4800,00;non;rejete
03/01/2023;Restaurant;850,00;170,00;1020,00;non;valide
17/10/2023;Hotel;950,50;190,10;1140,60;perdu;en attente
04/04/2022;Hotel;2364,00;472,80;2836,80;perdu;valide
21/11/2022;Telecom;8000,99;1600,20;9601,19;oui;valide
07/12/2023;Fournitures;650,00;130,00;780,00;non;en attente
22/01/2022;Taxi/VTC;4089,50;817,90;4907,40;non;valide
16/04/2022;Representation;150,00;30,00;180,00;photo floue;rejete
01/01/2022;Taxi/VTC;3919,50;783,90;4703,40;perdu;rejete
26/11/2022;Restaurant;90,00;18,00;108,00;perdu;en attente
29/06/2022;Telecom;650,00;130,00;780,00;oui;rejete
03/07/2022;Representation;120,99;24,20;145,19;photo floue;en attente
23/07/2023;Restaurant;1481,00;296,20;1777,20;oui;en attente
27/03/2023;Representation;850,00;170,00;1020,00;perdu;en attente
01/01/2022;Hotel;5000,00;1000,00;6000,00;non;valide
09/05/2022;Fournitures;1000,99;200,20;1201,19;photo floue;rejete
11/03/2022;Restaurant;9500,99;1900,20;11401,19;photo floue;rejete
27/12/2022;Fournitures;700,99;140,20;841,19;perdu;valide
18/07/2022;Telecom;200,00;40,00;240,00;oui;en attente
16/12/2022;Informatique;4500,50;900,10;5400,60;oui;valide
10/01/2022;Telecom;1142,99;228,60;1371,59;oui;en attente
30/04/2023;Hotel;1000,99;200,20;1201,19;non;en attente
04/01/2022;Restaurant;900,00;180,00;1080,00;perdu;valide
02/05/2023;Telecom;922,00;184,40;1106,40;non;en attente
22/04/2022;Hotel;8000,00;1600,00;9600,00;photo floue;rejete
23/10/2023;Telecom;900,99;180,20;1081,19;perdu;valide
31/01/2022;Deplacement;8500,00;1700,00;10200,00;photo floue;rejete
05/05/2023;Taxi/VTC;4500,00;900,00;5400,00;perdu;en attente
26/01/2022;Fournitures;4000,99;800,20;4801,19;non;rejete
02/02/2023;Fournitures;175,50;35,10;210,60;oui;en attente
28/05/2023;Representation;550,00;110,00;660,00;perdu;rejete
03/08/2022;Formation;150,00;30,00;180,00;non;en attente
21/01/2022;Restaurant;350,00;70,00;420,00;perdu;valide
08/10/2023;Informatique;1869,50;373,90;2243,40;oui;valide
18/08/2022;Telecom;500,99;100,20;601,19;oui;en attente
10/09/2023;Transport;1800,00;360,00;2160,00;oui;rejete
22/05/2023;Transport;4602,50;920,50;5523,00;photo floue;rejete
10/01/2023;Representation;350,00;70,00;420,00;photo floue;valide
03/03/2023;Fournitures;4500,00;900,00;5400,00;non;valide
07/06/2022;Telecom;120,00;24,00;144,00;oui;valide
16/12/2023;Transport;150,50;30,10;180,60;photo floue;rejete
16/11/2022;Representation;750,99;150,20;901,19;perdu;rejete
08/07/2023;Telecom;1200,50;240,10;1440,60;perdu;valide
30/11/2022;Telecom;300,99;60,20;361,19;perdu;rejete
31/01/2023;Informatique;454,00;90,80;544,80;oui;rejete
12/07/2023;Taxi/VTC;2812,00;562,40;3374,40;photo floue;valide
07/04/2023;Transport;6000,50;1200,10;7200,60;perdu;rejete
07/02/2023;Informatique;300,00;60,00;360,00;oui;valide
07/07/2022;Representation;300,00;60,00;360,00;oui;rejete
24/06/2022;Transport;4179,00;835,80;5014,80;perdu;valide
10/10/2022;Telecom;800,00;160,00;960,00;oui;valide
28/11/2022;Telecom;350,99;70,20;421,19;photo floue;rejete
18/11/2022;Informatique;500,50;100,10;600,60;oui;en attente
06/10/2022;Informatique;200,99;40,20;241,19;non;rejete
10/07/2023;Taxi/VTC;9000,50;1800,10;10800,60;non;valide
30/01/2022;Taxi/VTC;7000,00;1400,00;8400,00;oui;rejete
09/12/2022;Transport;1532,50;306,50;1839,00;oui;valide
18/05/2023;Restaurant;5500,50;1100,10;6600,60;perdu;en attente
21/06/2022;Deplacement;2178,50;435,70;2614,20;perdu;en attente
07/10/2022;Telecom;80,00;16,00;96,00;perdu;rejete
11/12/2022;Informatique;1200,00;240,00;1440,00;photo floue;rejete
31/05/2022;Restaurant;3000,50;600,10;3600,60;photo floue;valide
27/11/2023;Hotel;300,00;60,00;360,00;photo floue;rejete
15/04/2022;Deplacement;950,00;190,00;1140,00;photo floue;rejete
04/04/2022;Formation;4953,50;990,70;5944,20;photo floue;valide
09/07/2023;Taxi/VTC;3731,00;746,20;4477,20;perdu;valide
30/11/2022;Fournitures;347,99;69,60;417,59;oui;en attente
09/07/2023;Informatique;120,00;24,00;144,00;photo floue;rejete
10/02/2023;Representation;3133,00;626,60;3759,60;perdu;en attente
04/04/2023;Deplacement;250,50;50,10;300,60;oui;en attente
21/05/2022;Taxi/VTC;9500,50;1900,10;11400,60;photo floue;rejete
18/02/2023;Informatique;4500,00;900,00;5400,00;non;en attente
21/12/2022;Informatique;800,50;160,10;960,60;non;valide
20/06/2023;Restaurant;150,00;30,00;180,00;oui;rejete
10/09/2023;Telecom;1800,00;360,00;2160,00;photo floue;valide
06/08/2023;Representation;90,00;18,00;108,00;perdu;rejete
21/06/2023;Hotel;2500,00;500,00;3000,00;non;en attente
16/12/2023;Hotel;1996,00;399,20;2395,20;photo floue;valide
31/05/2022;Restaurant;8500,00;1700,00;10200,00;non;en attente
18/04/2023;Fournitures;3000,99;600,20;3601,19;non;rejete
22/09/2023;Transport;981,00;196,20;1177,20;oui;rejete
06/09/2023;Telecom;853,00;170,60;1023,60;oui;valide
04/05/2022;Telecom;5000,00;1000,00;6000,00;non;rejete
08/04/2023;Fournitures;1000,00;200,00;1200,00;non;en attente
07/08/2022;Fournitures;3000,99;600,20;3601,19;non;valide
14/02/2023;Telecom;4953,00;990,60;5943,60;photo floue;valide
30/05/2023;Restaurant;1000,99;200,20;1201,19;perdu;valide
28/04/2022;Telecom;850,00;170,00;1020,00;oui;en attente
21/09/2023;Transport;1800,00;360,00;2160,00;non;valide
28/10/2023;Restaurant;250,00;50,00;300,00;non;en attente
31/07/2022;Restaurant;2347,99;469,60;2817,59;photo floue;en attente
08/02/2023;Telecom;700,00;140,00;840,00;photo floue;rejete
28/10/2023;Informatique;3417,00;683,40;4100,40;perdu;valide
06/02/2022;Telecom;200,00;40,00;240,00;non;valide
08/04/2023;Fournitures;4161,00;832,20;4993,20;perdu;valide
08/10/2022;Informatique;700,50;140,10;840,60;photo floue;rejete
27/07/2022;Transport;3000,00;600,00;3600,00;non;en attente
27/03/2023;Transport;494,00;98,80;592,80;perdu;valide
14/09/2023;Taxi/VTC;400,99;80,20;481,19;photo floue;valide
06/02/2022;Informatique;5000,50;1000,10;6000,60;photo floue;en attente
18/03/2022;Informatique;550,00;110,00;660,00;oui;valide
17/12/2022;Hotel;650,00;130,00;780,00;non;rejete
15/10/2023;Representation;1500,00;300,00;1800,00;oui;rejete
04/05/2022;Informatique;250,00;50,00;300,00;photo floue;valide
04/12/2022;Transport;4484,50;896,90;5381,40;photo floue;en attente
19/11/2022;Restaurant;1800,00;360,00;2160,00;photo floue;rejete
14/02/2023;Deplacement;5000,00;1000,00;6000,00;photo floue;en attente
20/01/2023;Hotel;120,00;24,00;144,00;oui;en attente
01/11/2023;Restaurant;4500,00;900,00;5400,00;photo floue;en attente
06/01/2023;Telecom;700,99;140,20;841,19;oui;rejete
16/05/2022;Transport;7000,00;1400,00;8400,00;photo floue;valide
27/11/2022;Taxi/VTC;4716,00;943,20;5659,20;non;valide
07/06/2022;Restaurant;1800,00;360,00;2160,00;perdu;en attente
15/01/2022;Fournitures;2901,99;580,40;3482,39;perdu;en attente
08/03/2023;Transport;900,50;180,10;1080,60;oui;rejete
31/01/2022;Restaurant;5000,99;1000,20;6001,19;oui;rejete
17/05/2023;Restaurant;634,00;126,80;760,80;oui;valide
13/09/2022;Restaurant;750,00;150,00;900,00;photo floue;valide
30/09/2022;Deplacement;7000,50;1400,10;8400,60;photo floue;rejete
07/09/2023;Hotel;1500,00;300,00;1800,00;oui;en attente
24/10/2022;Transport;650,00;130,00;780,00;oui;valide
28/09/2023;Fournitures;300,00;60,00;360,00;oui;rejete
12/11/2023;Hotel;1000,99;200,20;1201,19;oui;rejete
06/02/2023;Informatique;3382,00;676,40;4058,40;oui;en attente
09/12/2022;Formation;4842,99;968,60;5811,59;oui;rejete
13/05/2022;Telecom;700,00;140,00;840,00;non;en attente
22/07/2023;Informatique;1500,99;300,20;1801,19;perdu;valide
28/09/2022;Restaurant;80,50;16,10;96,60;photo floue;rejete
30/06/2023;Fournitures;450,00;90,00;540,00;non;en attente
07/07/2022;Hotel;6000,99;1200,20;7201,19;perdu;valide
29/05/2022;Informatique;600,00;120,00;720,00;perdu;en attente
16/11/2023;Deplacement;1500,00;300,00;1800,00;non;valide
07/10/2022;Informatique;3000,00;600,00;3600,00;non;rejete
11/09/2022;Formation;500,00;100,00;600,00;photo floue;en attente
15/08/2022;Informatique;2173,00;434,60;2607,60;perdu;en attente
04/10/2023;Deplacement;700,99;140,20;841,19;oui;en attente
16/01/2023;Deplacement;550,50;110,10;660,60;perdu;rejete
19/05/2023;Formation;300,00;60,00;360,00;perdu;valide
07/04/2023;Restaurant;3000,00;600,00;3600,00;oui;rejete
23/01/2023;Fournitures;1200,00;240,00;1440,00;non;valide
14/07/2023;Deplacement;7000,00;1400,00;8400,00;perdu;en attente
04/06/2022;Taxi/VTC;900,00;180,00;1080,00;photo floue;rejete
26/10/2023;Representation;1800,00;360,00;2160,00;oui;rejete
21/09/2023;Hotel;120,50;24,10;144,60;photo floue;rejete
28/08/2022;Formation;3747,50;749,50;4497,00;non;en attente
15/02/2022;Representation;2987,00;597,40;3584,40;perdu;rejete
12/08/2023;Representation;550,50;110,10;660,60;non;en attente
26/02/2022;Transport;1000,99;200,20;1201,19;non;valide
06/09/2022;Transport;1500,00;300,00;1800,00;non;en attente
10/12/2022;Hotel;300,99;60,20;361,19;perdu;en attente
15/04/2022;Formation;750,00;150,00;900,00;photo floue;en attente
19/10/2022;Formation;300,50;60,10;360,60;non;rejete
16/10/2022;Taxi/VTC;5000,00;1000,00;6000,00;perdu;en attente
19/01/2022;Informatique;4000,00;800,00;4800,00;perdu;valide
30/07/2022;Representation;400,00;80,00;480,00;oui;en attente
13/12/2022;Deplacement;400,99;80,20;481,19;non;valide
18/03/2022;Restaurant;1805,00;361,00;2166,00;photo floue;en attente
08/02/2023;Taxi/VTC;5000,00;1000,00;6000,00;perdu;en attente
01/08/2022;Formation;4000,99;800,20;4801,19;non;en attente
10/10/2023;Fournitures;748,00;149,60;897,60;non;valide
31/10/2022;Fournitures;2000,00;400,00;2400,00;oui;en attente
03/05/2022;Telecom;4230,50;846,10;5076,60;non;en attente
26/05/2023;Informatique;4000,99;800,20;4801,19;perdu;valide
02/07/2023;Informatique;3500,50;700,10;4200,60;photo floue;rejete
02/03/2022;Informatique;3000,00;600,00;3600,00;oui;rejete
06/08/2022;Representation;900,00;180,00;1080,00;oui;valide
11/07/2022;Hotel;3335,50;667,10;4002,60;non;valide
03/06/2023;Fournitures;550,50;110,10;660,60;photo floue;rejete
03/01/2023;Formation;3775,00;755,00;4530,00;photo floue;valide
02/02/2022;Fournitures;400,99;80,20;481,19;photo floue;en attente
02/03/2023;Informatique;75,00;15,00;90,00;non;rejete
06/02/2023;Informatique;450,99;90,20;541,19;photo floue;valide
15/07/2022;Transport;3000,00;600,00;3600,00;non;en attente
21/06/2022;Representation;1000,00;200,00;1200,00;oui;rejete
25/08/2022;Restaurant;3000,00;600,00;3600,00;photo floue;valide
01/08/2023;Transport;150,00;30,00;180,00;photo floue;valide
12/07/2023;Hotel;1932,00;386,40;2318,40;photo floue;en attente
27/05/2022;Fournitures;5000,00;1000,00;6000,00;perdu;valide
10/12/2023;Fournitures;5500,50;1100,10;6600,60;perdu;en attente
09/06/2022;Informatique;95,50;19,10;114,60;oui;rejete
08/09/2023;Formation;3968,99;793,80;4762,79;non;rejete
13/07/2023;Transport;850,00;170,00;1020,00;perdu;valide
25/09/2022;Informatique;900,99;180,20;1081,19;oui;en attente
14/06/2023;Taxi/VTC;600,50;120,10;720,60;perdu;rejete
23/07/2022;Representation;450,50;90,10;540,60;oui;valide
12/01/2023;Restaurant;4786,00;957,20;5743,20;perdu;rejete
05/10/2022;Telecom;200,50;40,10;240,60;perdu;en attente
10/01/2023;Fournitures;1800,00;360,00;2160,00;perdu;en attente
05/11/2023;Transport;750,00;150,00;900,00;non;rejete
11/12/2023;Informatique;4739,50;947,90;5687,40;non;valide
21/07/2023;Transport;1000,99;200,20;1201,19;non;rejete
29/06/2022;Deplacement;1047,99;209,60;1257,59;perdu;en attente
27/07/2022;Informatique;1500,00;300,00;1800,00;non;en attente
29/04/2023;Restaurant;900,99;180,20;1081,19;perdu;rejete
21/01/2022;Formation;550,00;110,00;660,00;oui;en attente
13/09/2023;Restaurant;150,99;30,20;181,19;photo floue;rejete
10/12/2023;Hotel;2650,00;530,00;3180,00;perdu;rejete
06/12/2023;Representation;3000,00;600,00;3600,00;oui;en attente
12/06/2022;Informatique;3305,50;661,10;3966,60;perdu;valide
15/10/2022;Representation;5000,00;1000,00;6000,00;non;en attente
13/10/2022;Taxi/VTC;2768,99;553,80;3322,79;non;valide
23/12/2022;Representation;95,50;19,10;114,60;photo floue;valide
24/12/2022;Deplacement;4708,00;941,60;5649,60;oui;rejete
04/12/2023;Transport;100,99;20,20;121,19;oui;valide
12/03/2023;Taxi/VTC;400,00;80,00;480,00;perdu;en attente
11/06/2023;Representation;50,50;10,10;60,60;perdu;rejete
08/07/2022;Taxi/VTC;1519,50;303,90;1823,40;photo floue;en attente
22/12/2023;Telecom;300,00;60,00;360,00;non;rejete
24/10/2022;Informatique;800,00;160,00;960,00;oui;valide
07/12/2022;Informatique;1500,00;300,00;1800,00;photo floue;rejete
04/04/2022;Representation;750,00;150,00;900,00;non;valide
23/11/2023;Fournitures;500,00;100,00;600,00;non;rejete
31/07/2023;Taxi/VTC;900,00;180,00;1080,00;non;valide
30/12/2022;Telecom;900,00;180,00;1080,00;perdu;rejete
23/01/2023;Restaurant;6000,99;1200,20;7201,19;perdu;en attente
21/03/2023;Telecom;9999,00;1999,80;11998,80;photo floue;valide
27/05/2022;Representation;3000,00;600,00;3600,00;perdu;valide
02/02/2023;Telecom;400,00;80,00;480,00;perdu;rejete
28/11/2023;Hotel;1000,00;200,00;1200,00;photo floue;rejete
31/03/2023;Deplacement;120,00;24,00;144,00;non;valide
06/04/2023;Representation;1800,99;360,20;2161,19;photo floue;valide
23/02/2023;Hotel;3535,99;707,20;4243,19;photo floue;en attente
10/02/2022;Telecom;150,00;30,00;180,00;non;rejete
12/12/2022;Informatique;1500,99;300,20;1801,19;non;en attente
27/06/2022;Taxi/VTC;900,00;180,00;1080,00;perdu;en attente
11/08/2022;Taxi/VTC;4023,00;804,60;4827,60;oui;en attente
20/04/2022;Telecom;120,00;24,00;144,00;perdu;rejete
20/04/2022;Telecom;50,50;10,10;60,60;oui;rejete
15/06/2022;Informatique;150,00;30,00;180,00;oui;valide
12/02/2022;Restaurant;2500,99;500,20;3001,19;non;rejete
24/01/2022;Telecom;4000,00;800,00;4800,00;photo floue;valide
05/11/2022;Fournitures;5000,50;1000,10;6000,60;oui;en attente
18/11/2023;Deplacement;175,00;35,00;210,00;perdu;rejete
13/12/2022;Restaurant;1000,00;200,00;1200,00;oui;rejete
25/04/2022;Formation;1000,50;200,10;1200,60;photo floue;rejete
15/02/2022;Telecom;2000,50;400,10;2400,60;oui;valide
08/03/2022;Transport;800,99;160,20;961,19;oui;rejete
05/05/2023;Restaurant;3000,00;600,00;3600,00;non;valide
08/04/2023;Representation;650,00;130,00;780,00;non;valide
25/01/2022;Formation;800,99;160,20;961,19;photo floue;en attente
25/01/2023;Fournitures;500,00;100,00;600,00;photo floue;valide
16/02/2023;Formation;500,50;100,10;600,60;photo floue;valide
31/12/2022;Restaurant;4765,00;953,00;5718,00;perdu;rejete
05/11/2022;Restaurant;4819,00;963,80;5782,80;photo floue;en attente
14/08/2022;Formation;550,99;110,20;661,19;oui;en attente
17/11/2023;Restaurant;2000,50;400,10;2400,60;photo floue;rejete
13/05/2022;Telecom;650,99;130,20;781,19;non;en attente
25/12/2022;Transport;750,50;150,10;900,60;non;valide
17/03/2023;Restaurant;100,00;20,00;120,00;non;rejete
31/03/2023;Hotel;900,50;180,10;1080,60;non;rejete
30/05/2022;Taxi/VTC;4857,99;971,60;5829,59;non;en attente
18/04/2022;Transport;150,99;30,20;181,19;photo floue;rejete
24/01/2022;Telecom;5500,00;1100,00;6600,00;photo floue;en attente
18/08/2023;Restaurant;350,99;70,20;421,19;perdu;en attente
13/04/2022;Restaurant;800,00;160,00;960,00;photo floue;en attente
20/11/2022;Formation;4000,50;800,10;4800,60;photo floue;rejete
06/12/2023;Fournitures;3100,00;620,00;3720,00;oui;en attente
19/06/2023;Hotel;50,50;10,10;60,60;perdu;rejete
02/12/2023;Telecom;242,50;48,50;291,00;non;rejete
12/10/2022;Transport;900,50;180,10;1080,60;non;rejete
28/04/2023;Representation;4000,99;800,20;4801,19;non;rejete
24/02/2022;Formation;150,00;30,00;180,00;oui;en attente
24/04/2022;Representation;300,50;60,10;360,60;photo floue;rejete
11/04/2023;Taxi/VTC;4500,00;900,00;5400,00;non;valide
17/07/2023;Restaurant;600,00;120,00;720,00;photo floue;valide
01/12/2023;Taxi/VTC;75,00;15,00;90,00;oui;en attente
04/03/2023;Representation;4000,00;800,00;4800,00;oui;en attente
16/04/2022;Restaurant;600,00;120,00;720,00;photo floue;rejete
01/01/2023;Telecom;1800,00;360,00;2160,00;photo floue;valide
23/03/2022;Taxi/VTC;8500,00;1700,00;10200,00;non;rejete
06/01/2022;Taxi/VTC;2812,99;562,60;3375,59;perdu;valide
23/11/2022;Deplacement;120,00;24,00;144,00;non;rejete
09/02/2022;Fournitures;8000,50;1600,10;9600,60;non;valide
01/01/2023;Fournitures;2708,00;541,60;3249,60;oui;en attente
23/11/2023;Deplacement;2000,00;400,00;2400,00;non;valide
23/07/2023;Deplacement;1261,50;252,30;1513,80;non;valide
29/03/2022;Fournitures;847,50;169,50;1017,00;oui;valide
23/05/2022;Informatique;450,50;90,10;540,60;perdu;en attente
05/07/2022;Hotel;650,00;130,00;780,00;photo floue;valide
24/10/2022;Restaurant;1000,00;200,00;1200,00;photo floue;valide
05/01/2023;Representation;2386,00;477,20;2863,20;oui;rejete
06/08/2023;Restaurant;4000,50;800,10;4800,60;photo floue;rejete
16/10/2022;Restaurant;3000,50;600,10;3600,60;oui;rejete
07/02/2023;Restaurant;750,00;150,00;900,00;non;en attente
14/08/2023;Restaurant;3133,00;626,60;3759,60;non;rejete
09/12/2022;Telecom;100,50;20,10;120,60;perdu;valide
10/06/2022;Deplacement;500,99;100,20;601,19;perdu;valide
13/08/2023;Telecom;8000,50;1600,10;9600,60;perdu;en attente
31/08/2023;Formation;650,50;130,10;780,60;oui;rejete
14/03/2023;Hotel;2500,50;500,10;3000,60;oui;en attente
24/04/2023;Restaurant;850,00;170,00;1020,00;photo floue;rejete
10/05/2023;Transport;4913,00;982,60;5895,60;perdu;rejete
08/02/2023;Transport;5000,99;1000,20;6001,19;non;en attente
14/06/2023;Fournitures;500,50;100,10;600,60;non;en attente
21/02/2022;Representation;950,50;190,10;1140,60;non;valide
30/05/2023;Hotel;8000,00;1600,00;9600,00;photo floue;rejete
18/04/2023;Taxi/VTC;783,99;156,80;940,79;photo floue;rejete
19/01/2022;Taxi/VTC;8000,50;1600,10;9600,60;non;en attente
22/01/2022;Telecom;1200,00;240,00;1440,00;photo floue;en attente
13/02/2023;Restaurant;500,00;100,00;600,00;perdu;valide
03/07/2022;Deplacement;3500,50;700,10;4200,60;non;rejete
02/10/2022;Formation;1851,00;370,20;2221,20;oui;en attente
01/03/2023;Telecom;4037,99;807,60;4845,59;oui;en attente
09/06/2022;Informatique;3636,00;727,20;4363,20;non;valide
31/07/2023;Taxi/VTC;500,00;100,00;600,00;perdu;en attente
13/05/2023;Representation;95,00;19,00;114,00;oui;valide
18/10/2023;Deplacement;2500,00;500,00;3000,00;perdu;rejete
18/04/2023;Telecom;950,99;190,20;1141,19;perdu;rejete
10/09/2023;Informatique;2500,00;500,00;3000,00;oui;en attente
29/04/2022;Fournitures;2801,00;560,20;3361,20;perdu;rejete
28/01/2022;Restaurant;90,50;18,10;108,60;oui;rejete
23/10/2022;Formation;2578,00;515,60;3093,60;oui;en attente
15/01/2023;Representation;1734,00;346,80;2080,80;oui;rejete
12/11/2022;Deplacement;450,99;90,20;541,19;perdu;valide
27/07/2023;Representation;3500,00;700,00;4200,00;photo floue;valide
24/09/2022;Representation;75,99;15,20;91,19;non;en attente
17/07/2022;Fournitures;4500,00;900,00;5400,00;perdu;en attente
30/04/2023;Taxi/VTC;100,00;20,00;120,00;perdu;rejete
24/06/2022;Representation;1500,50;300,10;1800,60;oui;valide
10/09/2022;Representation;4500,00;900,00;5400,00;oui;en attente
21/09/2022;Restaurant;1800,00;360,00;2160,00;perdu;rejete
21/01/2023;Transport;250,99;50,20;301,19;non;valide
24/03/2023;Telecom;4000,00;800,00;4800,00;photo floue;rejete
24/08/2022;Informatique;600,00;120,00;720,00;oui;rejete
20/07/2022;Deplacement;100,50;20,10;120,60;non;en attente
19/08/2022;Formation;250,50;50,10;300,60;non;rejete
08/01/2022;Hotel;1200,99;240,20;1441,19;oui;rejete
07/08/2022;Telecom;650,00;130,00;780,00;photo floue;rejete
03/07/2022;Informatique;450,00;90,00;540,00;photo floue;en attente
26/05/2023;Telecom;750,00;150,00;900,00;non;en attente
12/06/2023;Taxi/VTC;1000,99;200,20;1201,19;oui;en attente
07/06/2022;Hotel;2500,50;500,10;3000,60;oui;en attente
24/12/2023;Representation;1653,00;330,60;1983,60;photo floue;valide
01/08/2022;Fournitures;4377,00;875,40;5252,40;oui;rejete
09/11/2022;Hotel;457,99;91,60;549,59;non;rejete
27/10/2022;Formation;850,50;170,10;1020,60;photo floue;rejete
03/11/2022;Formation;1791,99;358,40;2150,39;perdu;en attente
28/09/2023;Fournitures;3148,99;629,80;3778,79;oui;valide
02/11/2023;Telecom;1500,00;300,00;1800,00;oui;en attente
22/03/2023;Taxi/VTC;1500,50;300,10;1800,60;perdu;en attente
20/01/2023;Restaurant;550,00;110,00;660,00;non;valide
01/04/2023;Transport;150,50;30,10;180,60;photo floue;en attente
17/11/2022;Informatique;50,50;10,10;60,60;photo floue;valide
22/11/2022;Telecom;450,00;90,00;540,00;perdu;valide
22/01/2023;Informatique;850,50;170,10;1020,60;non;valide
21/08/2023;Telecom;600,00;120,00;720,00;oui;rejete
27/06/2023;Informatique;3359,00;671,80;4030,80;oui;valide
13/08/2023;Formation;3000,99;600,20;3601,19;oui;rejete
13/04/2022;Representation;234,50;46,90;281,40;oui;en attente
09/09/2023;Informatique;600,00;120,00;720,00;photo floue;en attente
23/11/2023;Deplacement;4274,50;854,90;5129,40;perdu;valide
03/05/2022;Informatique;3227,00;645,40;3872,40;non;valide
31/08/2022;Formation;3784,00;756,80;4540,80;perdu;en attente
24/08/2023;Representation;1200,00;240,00;1440,00;perdu;en attente
17/06/2023;Hotel;1500,50;300,10;1800,60;photo floue;rejete
19/05/2023;Informatique;9999,00;1999,80;11998,80;oui;en attente
13/11/2023;Transport;150,00;30,00;180,00;non;rejete
08/03/2023;Hotel;1394,00;278,80;1672,80;photo floue;en attente
05/08/2023;Taxi/VTC;1800,99;360,20;2161,19;oui;en attente
30/03/2022;Representation;2441,00;488,20;2929,20;oui;valide
02/12/2022;Restaurant;900,00;180,00;1080,00;oui;valide
26/05/2022;Representation;450,00;90,00;540,00;oui;rejete
07/10/2022;Formation;2739,00;547,80;3286,80;perdu;rejete
21/01/2022;Representation;75,50;15,10;90,60;non;valide
22/05/2023;Taxi/VTC;250,99;50,20;301,19;perdu;valide
14/07/2022;Hotel;1575,00;315,00;1890,00;perdu;rejete
06/05/2023;Telecom;250,00;50,00;300,00;oui;rejete
01/11/2022;Informatique;450,00;90,00;540,00;oui;en attente
23/05/2022;Representation;2000,50;400,10;2400,60;oui;en attente
21/11/2022;Formation;1319,00;263,80;1582,80;non;en attente
08/03/2023;Restaurant;700,99;140,20;841,19;photo floue;valide
31/10/2022;Fournitures;50,00;10,00;60,00;non;en attente
05/04/2022;Formation;80,50;16,10;96,60;perdu;rejete
03/07/2023;Transport;850,00;170,00;1020,00;oui;valide
07/05/2022;Informatique;5000,99;1000,20;6001,19;non;valide
11/09/2022;Fournitures;800,50;160,10;960,60;photo floue;valide
18/10/2022;Hotel;2500,00;500,00;3000,00;photo floue;valide
03/11/2023;Representation;1885,00;377,00;2262,00;non;en attente
11/08/2022;Restaurant;1800,00;360,00;2160,00;perdu;en attente
29/07/2023;Formation;250,00;50,00;300,00;oui;en attente
04/02/2022;Fournitures;800,00;160,00;960,00;perdu;en attente
17/10/2022;Representation;800,99;160,20;961,19;photo floue;rejete
08/09/2023;Fournitures;350,00;70,00;420,00;photo floue;en attente
25/09/2023;Telecom;2715,00;543,00;3258,00;perdu;valide
01/03/2022;Informatique;450,99;90,20;541,19;non;en attente
28/03/2023;Informatique;100,00;20,00;120,00;photo floue;en attente
17/05/2023;Informatique;500,00;100,00;600,00;perdu;en attente
01/03/2022;Telecom;250,99;50,20;301,19;non;valide
08/01/2022;Formation;800,00;160,00;960,00;perdu;rejete
02/02/2023;Hotel;3489,50;697,90;4187,40;non;rejete
02/01/2023;Telecom;8500,00;1700,00;10200,00;oui;rejete
14/04/2022;Representation;550,00;110,00;660,00;perdu;rejete
15/07/2022;Representation;4187,00;837,40;5024,40;perdu;en attente
23/01/2022;Informatique;1800,00;360,00;2160,00;perdu;valide
30/05/2023;Transport;1000,99;200,20;1201,19;perdu;en attente
13/04/2023;Telecom;300,00;60,00;360,00;non;en attente
25/10/2022;Taxi/VTC;5000,00;1000,00;6000,00;non;valide
18/06/2023;Informatique;250,00;50,00;300,00;oui;valide
02/03/2023;Hotel;2464,00;492,80;2956,80;non;en attente
22/04/2023;Telecom;75,00;15,00;90,00;non;en attente
08/01/2023;Taxi/VTC;900,00;180,00;1080,00;non;valide
31/03/2023;Taxi/VTC;120,50;24,10;144,60;perdu;en attente
27/02/2022;Deplacement;300,00;60,00;360,00;photo floue;valide
26/09/2023;Transport;5500,00;1100,00;6600,00;photo floue;rejete
11/04/2023;Hotel;3000,99;600,20;3601,19;oui;rejete
04/06/2023;Fournitures;250,50;50,10;300,60;perdu;valide
07/04/2022;Telecom;1200,00;240,00;1440,00;perdu;rejete
17/06/2023;Deplacement;850,99;170,20;1021,19;perdu;en attente
14/11/2022;Deplacement;150,00;30,00;180,00;photo floue;en attente
28/08/2023;Restaurant;1343,99;268,80;1612,79;photo floue;en attente
07/08/2022;Telecom;850,00;170,00;1020,00;non;rejete
31/08/2022;Fournitures;7500,50;1500,10;9000,60;photo floue;valide
03/02/2023;Formation;5500,50;1100,10;6600,60;non;valide
08/06/2022;Restaurant;3169,50;633,90;3803,40;photo floue;valide
21/05/2022;Deplacement;3056,99;611,40;3668,39;photo floue;en attente
07/10/2023;Deplacement;950,50;190,10;1140,60;perdu;valide
16/08/2022;Hotel;800,00;160,00;960,00;non;rejete
22/05/2023;Deplacement;600,00;120,00;720,00;perdu;en attente
02/11/2022;Representation;700,00;140,00;840,00;oui;en attente
19/10/2022;Informatique;1800,99;360,20;2161,19;oui;valide
16/02/2023;Formation;5000,50;1000,10;6000,60;non;en attente
22/05/2023;Telecom;100,00;20,00;120,00;photo floue;en attente
21/06/2022;Taxi/VTC;1500,99;300,20;1801,19;oui;en attente
05/07/2023;Transport;1653,00;330,60;1983,60;perdu;en attente
28/06/2022;Informatique;750,00;150,00;900,00;perdu;en attente
24/08/2023;Representation;650,00;130,00;780,00;perdu;en attente
22/01/2023;Taxi/VTC;2000,00;400,00;2400,00;oui;en attente
21/10/2022;Telecom;2500,00;500,00;3000,00;non;rejete
09/12/2022;Fournitures;950,00;190,00;1140,00;oui;valide
17/05/2023;Telecom;90,00;18,00;108,00;perdu;rejete
08/06/2023;Informatique;1193,00;238,60;1431,60;oui;rejete
30/12/2023;Hotel;1800,00;360,00;2160,00;photo floue;en attente
02/04/2022;Deplacement;80,00;16,00;96,00;photo floue;en attente
25/07/2023;Taxi/VTC;3024,00;604,80;3628,80;non;en attente
11/06/2022;Fournitures;3500,00;700,00;4200,00;perdu;valide
18/07/2022;Transport;2500,50;500,10;3000,60;non;en attente
03/04/2022;Deplacement;3000,50;600,10;3600,60;perdu;en attente
06/12/2023;Restaurant;700,00;140,00;840,00;non;valide
27/04/2022;Transport;2500,00;500,00;3000,00;non;valide
11/05/2023;Transport;5000,00;1000,00;6000,00;perdu;en attente
26/12/2023;Informatique;950,00;190,00;1140,00;oui;valide
08/09/2022;Deplacement;120,99;24,20;145,19;non;valide
27/11/2023;Telecom;500,00;100,00;600,00;oui;en attente
24/10/2023;Formation;500,99;100,20;601,19;non;en attente
03/06/2023;Restaurant;3577,00;715,40;4292,40;non;rejete
29/09/2022;Transport;3388,00;677,60;4065,60;perdu;valide
05/01/2023;Restaurant;250,00;50,00;300,00;photo floue;en attente
09/06/2022;Fournitures;850,00;170,00;1020,00;non;en attente
11/04/2022;Fournitures;400,00;80,00;480,00;photo floue;en attente
25/07/2022;Formation;1984,00;396,80;2380,80;photo floue;en attente
29/04/2022;Informatique;700,00;140,00;840,00;non;valide
01/09/2022;Telecom;900,00;180,00;1080,00;perdu;valide
27/05/2023;Transport;2142,00;428,40;2570,40;photo floue;en attente
15/11/2022;Formation;1500,00;300,00;1800,00;photo floue;valide
12/10/2023;Representation;400,00;80,00;480,00;oui;valide
19/01/2023;Fournitures;800,99;160,20;961,19;perdu;rejete
16/05/2023;Deplacement;80,00;16,00;96,00;non;en attente
08/06/2022;Deplacement;9000,99;1800,20;10801,19;perdu;rejete
13/11/2023;Deplacement;4500,00;900,00;5400,00;perdu;rejete
12/09/2022;Taxi/VTC;450,50;90,10;540,60;oui;rejete
22/10/2023;Fournitures;850,00;170,00;1020,00;oui;rejete
01/08/2022;Taxi/VTC;3888,00;777,60;4665,60;photo floue;valide
05/07/2022;Fournitures;1200,99;240,20;1441,19;perdu;en attente
08/04/2022;Restaurant;3240,50;648,10;3888,60;non;rejete
06/10/2023;Transport;5000,00;1000,00;6000,00;non;valide
02/12/2023;Taxi/VTC;1000,00;200,00;1200,00;photo floue;en attente
26/06/2023;Taxi/VTC;300,99;60,20;361,19;non;rejete
26/10/2022;Formation;950,00;190,00;1140,00;oui;en attente
22/09/2022;Hotel;3123,00;624,60;3747,60;oui;rejete
21/05/2023;Deplacement;4368,99;873,80;5242,79;photo floue;en attente
28/11/2023;Hotel;300,00;60,00;360,00;non;valide
07/11/2023;Restaurant;2500,99;500,20;3001,19;non;en attente
03/02/2023;Fournitures;500,99;100,20;601,19;perdu;rejete
14/04/2023;Transport;4181,50;836,30;5017,80;perdu;valide
08/08/2023;Telecom;600,99;120,20;721,19;oui;rejete
01/04/2022;Informatique;500,50;100,10;600,60;photo floue;valide
26/03/2023;Hotel;800,00;160,00;960,00;oui;rejete
10/09/2022;Representation;3348,99;669,80;4018,79;non;valide
07/04/2023;Informatique;500,50;100,10;600,60;oui;en attente
28/01/2023;Fournitures;700,50;140,10;840,60;non;en attente
24/03/2022;Deplacement;3799,50;759,90;4559,40;photo floue;valide
23/04/2022;Representation;1565,50;313,10;1878,60;non;valide
10/12/2022;Representation;100,99;20,20;121,19;photo floue;valide
10/11/2023;Formation;900,00;180,00;1080,00;perdu;rejete
15/06/2022;Formation;600,00;120,00;720,00;perdu;valide
01/05/2023;Taxi/VTC;500,99;100,20;601,19;oui;en attente
04/03/2023;Taxi/VTC;4500,00;900,00;5400,00;non;rejete
20/10/2023;Informatique;1000,50;200,10;1200,60;oui;rejete
18/04/2023;Taxi/VTC;850,50;170,10;1020,60;photo floue;rejete
30/10/2023;Informatique;1800,00;360,00;2160,00;photo floue;rejete
15/12/2023;Deplacement;3748,00;749,60;4497,60;oui;valide
04/07/2023;Informatique;4500,00;900,00;5400,00;non;rejete
29/12/2022;Deplacement;1583,99;316,80;1900,79;non;rejete
24/05/2023;Informatique;1478,00;295,60;1773,60;perdu;rejete
13/10/2023;Informatique;4479,00;895,80;5374,80;photo floue;en attente
02/03/2023;Transport;850,99;170,20;1021,19;oui;valide
21/07/2023;Hotel;6000,99;1200,20;7201,19;photo floue;rejete
08/06/2022;Informatique;550,00;110,00;660,00;photo floue;en attente
16/01/2022;Deplacement;3500,00;700,00;4200,00;perdu;rejete
20/01/2022;Representation;3781,99;756,40;4538,39;photo floue;rejete
22/05/2022;Taxi/VTC;850,00;170,00;1020,00;non;rejete
26/06/2022;Fournitures;5000,50;1000,10;6000,60;photo floue;rejete
28/03/2023;Hotel;500,99;100,20;601,19;perdu;valide
05/11/2023;Formation;1800,00;360,00;2160,00;photo floue;valide
10/05/2022;Deplacement;450,00;90,00;540,00;non;rejete
16/05/2022;Deplacement;1200,00;240,00;1440,00;oui;en attente
07/07/2023;Deplacement;4000,00;800,00;4800,00;perdu;en attente
15/11/2022;Fournitures;1500,00;300,00;1800,00;perdu;valide
11/09/2022;Transport;5500,50;1100,10;6600,60;perdu;rejete
21/10/2022;Restaurant;100,00;20,00;120,00;photo floue;rejete
28/01/2023;Transport;2000,00;400,00;2400,00;perdu;rejete
06/11/2023;Informatique;2000,00;400,00;2400,00;non;valide
21/07/2022;Transport;850,50;170,10;1020,60;perdu;en attente
27/02/2023;Informatique;500,00;100,00;600,00;non;en attente
14/04/2023;Formation;600,00;120,00;720,00;oui;en attente
14/12/2023;Taxi/VTC;420,99;84,20;505,19;perdu;en attente
23/10/2022;Telecom;2708,00;541,60;3249,60;non;en attente
04/07/2022;Restaurant;900,00;180,00;1080,00;photo floue;rejete
29/10/2022;Hotel;3000,50;600,10;3600,60;non;en attente
06/06/2022;Formation;4500,00;900,00;5400,00;photo floue;valide
05/09/2023;Representation;505,99;101,20;607,19;perdu;rejete
24/11/2022;Taxi/VTC;3500,50;700,10;4200,60;oui;valide
06/05/2023;Informatique;750,99;150,20;901,19;photo floue;rejete
18/12/2022;Transport;3822,00;764,40;4586,40;oui;valide
26/04/2023;Hotel;2000,00;400,00;2400,00;perdu;rejete
05/01/2023;Transport;950,00;190,00;1140,00;perdu;en attente
10/04/2022;Telecom;3500,00;700,00;4200,00;oui;rejete
16/07/2022;Informatique;750,00;150,00;900,00;photo floue;en attente
29/08/2022;Taxi/VTC;4051,00;810,20;4861,20;oui;valide
17/10/2023;Deplacement;800,99;160,20;961,19;perdu;valide
04/10/2023;Transport;3500,00;700,00;4200,00;photo floue;valide
29/03/2022;Informatique;5000,00;1000,00;6000,00;photo floue;valide
22/11/2022;Formation;1500,99;300,20;1801,19;perdu;rejete
18/11/2022;Representation;2077,00;415,40;2492,40;oui;en attente
06/03/2023;Formation;950,00;190,00;1140,00;perdu;valide
08/06/2023;Informatique;2500,00;500,00;3000,00;perdu;valide
13/03/2023;Representation;350,99;70,20;421,19;non;en attente
29/07/2023;Representation;900,50;180,10;1080,60;photo floue;rejete
10/11/2023;Telecom;800,00;160,00;960,00;oui;valide
19/04/2023;Telecom;900,99;180,20;1081,19;photo floue;en attente
27/01/2022;Telecom;4500,00;900,00;5400,00;photo floue;valide
08/05/2023;Informatique;5500,00;1100,00;6600,00;perdu;en attente
26/07/2022;Taxi/VTC;250,99;50,20;301,19;photo floue;rejete
02/04/2023;Transport;3000,00;600,00;3600,00;oui;en attente
16/05/2022;Transport;2000,00;400,00;2400,00;oui;valide
29/10/2022;Representation;700,00;140,00;840,00;non;valide
27/06/2023;Restaurant;3577,99;715,60;4293,59;oui;en attente
19/02/2022;Restaurant;5000,99;1000,20;6001,19;non;rejete
08/08/2022;Fournitures;4500,99;900,20;5401,19;perdu;en attente
11/10/2022;Informatique;600,00;120,00;720,00;photo floue;rejete
11/05/2022;Taxi/VTC;250,00;50,00;300,00;perdu;valide
13/08/2022;Fournitures;400,00;80,00;480,00;photo floue;valide
02/10/2023;Deplacement;900,00;180,00;1080,00;non;en attente
21/03/2023;Restaurant;500,00;100,00;600,00;oui;rejete
12/02/2023;Taxi/VTC;800,50;160,10;960,60;oui;valide
20/11/2023;Formation;75,00;15,00;90,00;photo floue;rejete
05/04/2023;Informatique;2473,00;494,60;2967,60;photo floue;en attente
21/10/2023;Taxi/VTC;5500,99;1100,20;6601,19;photo floue;rejete
07/03/2023;Transport;3335,00;667,00;4002,00;oui;valide
06/12/2022;Telecom;4873,99;974,80;5848,79;perdu;rejete
06/10/2022;Representation;800,00;160,00;960,00;perdu;en attente
27/09/2022;Fournitures;3500,99;700,20;4201,19;non;rejete
14/04/2023;Fournitures;100,99;20,20;121,19;oui;valide
24/07/2023;Fournitures;400,00;80,00;480,00;perdu;rejete
22/03/2022;Restaurant;856,00;171,20;1027,20;photo floue;en attente
25/03/2022;Fournitures;1000,50;200,10;1200,60;non;valide
25/03/2022;Hotel;2328,99;465,80;2794,79;non;en attente
01/06/2022;Hotel;3500,50;700,10;4200,60;oui;rejete
21/01/2023;Transport;7500,00;1500,00;9000,00;oui;rejete
10/06/2023;Hotel;4500,00;900,00;5400,00;perdu;en attente
21/02/2022;Deplacement;4500,00;900,00;5400,00;oui;rejete
22/07/2023;Hotel;2914,99;583,00;3497,99;non;en attente
24/09/2023;Restaurant;9000,99;1800,20;10801,19;photo floue;rejete
10/03/2022;Representation;750,99;150,20;901,19;oui;en attente
06/04/2023;Restaurant;250,00;50,00;300,00;oui;en attente
10/04/2023;Hotel;850,00;170,00;1020,00;oui;valide
04/12/2022;Fournitures;1252,99;250,60;1503,59;non;en attente
24/12/2023;Hotel;2422,00;484,40;2906,40;oui;valide
04/10/2023;Taxi/VTC;90,00;18,00;108,00;photo floue;rejete
21/08/2023;Formation;3500,00;700,00;4200,00;oui;rejete
23/03/2023;Formation;90,00;18,00;108,00;oui;valide
27/07/2023;Fournitures;4500,00;900,00;5400,00;photo floue;rejete
23/02/2022;Deplacement;2885,50;577,10;3462,60;photo floue;en attente
18/05/2023;Informatique;900,50;180,10;1080,60;photo floue;en attente
09/03/2023;Informatique;450,00;90,00;540,00;perdu;valide
03/12/2023;Telecom;800,99;160,20;961,19;oui;en attente
10/07/2022;Hotel;400,50;80,10;480,60;perdu;valide
11/12/2022;Fournitures;80,00;16,00;96,00;photo floue;rejete
19/12/2022;Fournitures;650,00;130,00;780,00;photo floue;rejete
16/04/2022;Hotel;95,50;19,10;114,60;perdu;valide
12/10/2023;Informatique;900,50;180,10;1080,60;photo floue;en attente
01/11/2023;Representation;650,00;130,00;780,00;photo floue;en attente
29/05/2023;Deplacement;7000,00;1400,00;8400,00;oui;rejete
09/10/2022;Telecom;4000,00;800,00;4800,00;perdu;en attente
22/10/2022;Representation;550,50;110,10;660,60;oui;en attente
22/11/2022;Transport;120,00;24,00;144,00;perdu;valide
27/11/2022;Formation;3500,00;700,00;4200,00;oui;valide
02/06/2022;Transport;4342,00;868,40;5210,40;photo floue;en attente
17/07/2023;Hotel;450,99;90,20;541,19;oui;rejete
20/07/2022;Informatique;600,99;120,20;721,19;perdu;valide
13/05/2022;Representation;3000,00;600,00;3600,00;oui;rejete
05/11/2023;Representation;2000,00;400,00;2400,00;photo floue;en attente
16/01/2023;Telecom;150,50;30,10;180,60;non;rejete
16/01/2022;Transport;75,00;15,00;90,00;photo floue;rejete
07/02/2023;Telecom;500,00;100,00;600,00;non;valide
14/01/2022;Representation;150,00;30,00;180,00;non;en attente
22/01/2023;Informatique;623,00;124,60;747,60;non;en attente
08/12/2022;Restaurant;273,99;54,80;328,79;oui;en attente
07/11/2023;Restaurant;7000,00;1400,00;8400,00;perdu;en attente
23/12/2023;Fournitures;550,00;110,00;660,00;perdu;en attente
09/06/2022;Formation;400,00;80,00;480,00;perdu;en attente
04/02/2023;Telecom;2000,50;400,10;2400,60;oui;valide
31/12/2022;Fournitures;750,50;150,10;900,60;oui;rejete
07/09/2023;Restaurant;500,00;100,00;600,00;perdu;en attente
13/08/2022;Informatique;75,50;15,10;90,60;perdu;en attente
06/07/2022;Fournitures;300,00;60,00;360,00;non;valide
27/09/2023;Deplacement;950,99;190,20;1141,19;non;rejete
23/04/2023;Restaurant;2438,50;487,70;2926,20;perdu;en attente
20/07/2023;Restaurant;1500,99;300,20;1801,19;non;valide
13/05/2023;Telecom;600,00;120,00;720,00;photo floue;valide
08/05/2022;Representation;1800,00;360,00;2160,00;oui;en attente
24/08/2022;Taxi/VTC;450,00;90,00;540,00;non;en attente
30/12/2022;Formation;3743,50;748,70;4492,20;non;en attente
06/06/2022;Informatique;300,00;60,00;360,00;photo floue;en attente
20/11/2023;Hotel;4000,50;800,10;4800,60;oui;rejete
19/05/2022;Informatique;100,00;20,00;120,00;oui;rejete
04/07/2023;Restaurant;1189,00;237,80;1426,80;non;en attente
23/01/2023;Fournitures;95,00;19,00;114,00;photo floue;en attente
26/12/2022;Transport;2490,00;498,00;2988,00;perdu;rejete
05/02/2022;Informatique;800,00;160,00;960,00;photo floue;en attente
21/12/2022;Telecom;2000,50;400,10;2400,60;perdu;en attente
03/11/2022;Fournitures;250,50;50,10;300,60;photo floue;en attente
20/08/2022;Transport;950,00;190,00;1140,00;oui;rejete
09/05/2022;Restaurant;100,00;20,00;120,00;oui;rejete
31/03/2022;Fournitures;3103,00;620,60;3723,60;oui;rejete
12/08/2023;Restaurant;650,00;130,00;780,00;photo floue;en attente
10/03/2022;Transport;5000,00;1000,00;6000,00;oui;en attente
25/12/2023;Representation;2734,00;546,80;3280,80;oui;en attente
13/08/2022;Informatique;500,99;100,20;601,19;non;rejete
28/10/2023;Transport;400,50;80,10;480,60;non;rejete
24/07/2022;Fournitures;200,99;40,20;241,19;oui;valide
05/07/2022;Fournitures;1580,00;316,00;1896,00;oui;en attente
03/08/2022;Representation;650,00;130,00;780,00;perdu;en attente
17/05/2023;Representation;650,50;130,10;780,60;oui;valide
04/10/2023;Informatique;3000,50;600,10;3600,60;non;rejete
03/07/2022;Restaurant;500,00;100,00;600,00;non;en attente
26/03/2022;Hotel;650,50;130,10;780,60;perdu;valide
20/09/2022;Formation;750,50;150,10;900,60;non;rejete
07/04/2022;Hotel;7500,00;1500,00;9000,00;perdu;rejete
31/01/2023;Telecom;750,00;150,00;900,00;oui;valide
08/12/2022;Hotel;650,99;130,20;781,19;oui;valide
31/12/2023;Representation;750,99;150,20;901,19;perdu;valide
31/03/2023;Taxi/VTC;1500,00;300,00;1800,00;perdu;rejete
14/12/2023;Formation;1500,00;300,00;1800,00;perdu;rejete
16/01/2023;Telecom;3082,50;616,50;3699,00;photo floue;valide
21/04/2023;Restaurant;650,00;130,00;780,00;oui;en attente
13/09/2022;Fournitures;4000,99;800,20;4801,19;photo floue;rejete
13/06/2023;Restaurant;1000,99;200,20;1201,19;perdu;valide
06/11/2023;Hotel;750,00;150,00;900,00;photo floue;en attente
02/07/2023;Restaurant;600,00;120,00;720,00;perdu;en attente
21/12/2023;Restaurant;500,00;100,00;600,00;perdu;rejete
21/02/2022;Hotel;950,99;190,20;1141,19;non;valide
05/07/2023;Formation;4647,00;929,40;5576,40;photo floue;en attente
13/01/2023;Representation;900,00;180,00;1080,00;non;rejete
21/08/2022;Telecom;1305,99;261,20;1567,19;non;en attente
08/02/2023;Hotel;3500,50;700,10;4200,60;photo floue;valide
05/09/2023;Representation;1500,00;300,00;1800,00;perdu;en attente
19/11/2022;Fournitures;700,99;140,20;841,19;photo floue;en attente
28/05/2022;Informatique;800,00;160,00;960,00;perdu;valide
24/03/2022;Informatique;1500,00;300,00;1800,00;perdu;rejete
07/03/2023;Informatique;1000,50;200,10;1200,60;non;en attente
30/07/2022;Deplacement;4478,00;895,60;5373,60;perdu;rejete
03/01/2023;Formation;450,00;90,00;540,00;perdu;rejete
08/07/2023;Transport;1000,50;200,10;1200,60;oui;en attente
21/04/2022;Telecom;950,00;190,00;1140,00;perdu;en attente
05/10/2022;Representation;150,99;30,20;181,19;photo floue;en attente
22/05/2023;Fournitures;100,00;20,00;120,00;non;rejete
30/06/2022;Deplacement;350,00;70,00;420,00;photo floue;valide
22/06/2022;Deplacement;120,00;24,00;144,00;non;en attente
03/11/2022;Transport;120,00;24,00;144,00;perdu;rejete
02/09/2023;Formation;9500,99;1900,20;11401,19;oui;valide
22/10/2023;Taxi/VTC;5500,99;1100,20;6601,19;non;en attente
17/10/2022;Taxi/VTC;100,00;20,00;120,00;non;valide
17/03/2022;Formation;2479,50;495,90;2975,40;oui;rejete
02/02/2022;Telecom;350,00;70,00;420,00;non;rejete
15/12/2023;Transport;2284,99;457,00;2741,99;photo floue;valide
07/06/2023;Transport;250,99;50,20;301,19;photo floue;rejete
23/09/2022;Formation;2159,99;432,00;2591,99;photo floue;en attente
17/11/2022;Transport;375,00;75,00;450,00;perdu;en attente
08/12/2023;Formation;3500,00;700,00;4200,00;photo floue;valide
05/09/2022;Formation;400,00;80,00;480,00;photo floue;en attente
24/08/2022;Representation;3500,99;700,20;4201,19;non;rejete
18/03/2022;Informatique;2000,00;400,00;2400,00;photo floue;en attente
23/07/2023;Informatique;850,00;170,00;1020,00;non;rejete
05/01/2023;Restaurant;2000,00;400,00;2400,00;non;valide
02/10/2023;Representation;300,50;60,10;360,60;oui;en attente
24/06/2022;Deplacement;3719,00;743,80;4462,80;non;en attente
20/11/2022;Informatique;850,00;170,00;1020,00;non;en attente
07/11/2022;Telecom;4804,00;960,80;5764,80;photo floue;valide
01/05/2022;Fournitures;95,00;19,00;114,00;perdu;en attente
19/10/2023;Transport;1000,00;200,00;1200,00;photo floue;valide
19/08/2023;Fournitures;600,50;120,10;720,60;photo floue;en attente
21/09/2022;Informatique;3000,00;600,00;3600,00;non;rejete
05/05/2023;Taxi/VTC;600,00;120,00;720,00;perdu;en attente
24/11/2022;Hotel;500,00;100,00;600,00;photo floue;rejete
16/11/2023;Representation;7000,50;1400,10;8400,60;oui;valide
17/12/2022;Deplacement;80,00;16,00;96,00;non;en attente
28/02/2022;Deplacement;1200,99;240,20;1441,19;perdu;en attente
14/01/2022;Representation;400,99;80,20;481,19;perdu;en attente
03/12/2023;Hotel;90,00;18,00;108,00;oui;en attente
14/02/2022;Deplacement;1400,00;280,00;1680,00;photo floue;rejete
11/08/2022;Informatique;3500,00;700,00;4200,00;non;valide
02/04/2023;Taxi/VTC;2000,00;400,00;2400,00;photo floue;rejete
25/02/2022;Restaurant;2500,00;500,00;3000,00;photo floue;rejete
28/10/2022;Telecom;4727,99;945,60;5673,59;photo floue;valide
21/04/2023;Restaurant;600,00;120,00;720,00;photo floue;en attente
04/09/2022;Taxi/VTC;600,00;120,00;720,00;perdu;rejete
04/08/2023;Hotel;1500,99;300,20;1801,19;perdu;en attente
06/05/2022;Fournitures;5000,00;1000,00;6000,00;oui;en attente
06/07/2022;Representation;950,00;190,00;1140,00;oui;rejete
07/11/2023;Transport;850,00;170,00;1020,00;non;en attente
15/05/2022;Informatique;700,00;140,00;840,00;non;en attente
23/07/2023;Hotel;2500,00;500,00;3000,00;non;en attente
29/03/2022;Restaurant;175,00;35,00;210,00;photo floue;valide
15/08/2022;Telecom;2888,00;577,60;3465,60;perdu;en attente
11/10/2022;Representation;4000,99;800,20;4801,19;perdu;rejete
13/10/2022;Deplacement;4000,00;800,00;4800,00;oui;en attente
16/12/2023;Representation;3268,00;653,60;3921,60;non;en attente
21/04/2022;Informatique;900,99;180,20;1081,19;non;valide
08/10/2023;Telecom;300,50;60,10;360,60;oui;valide
24/11/2023;Hotel;300,00;60,00;360,00;non;rejete
16/09/2023;Deplacement;600,50;120,10;720,60;non;valide
26/09/2022;Deplacement;439,00;87,80;526,80;photo floue;rejete
08/01/2022;Representation;800,50;160,10;960,60;photo floue;en attente
02/08/2022;Taxi/VTC;4500,00;900,00;5400,00;non;en attente
28/09/2022;Deplacement;900,50;180,10;1080,60;photo floue;valide
13/02/2023;Transport;900,99;180,20;1081,19;non;rejete
15/06/2023;Restaurant;4500,00;900,00;5400,00;oui;en attente
05/04/2022;Formation;922,00;184,40;1106,40;non;en attente
29/10/2023;Formation;1062,99;212,60;1275,59;oui;rejete
23/11/2022;Hotel;750,99;150,20;901,19;oui;en attente
17/09/2022;Deplacement;1500,00;300,00;1800,00;non;rejete
29/07/2023;Representation;1731,00;346,20;2077,20;perdu;valide
28/02/2022;Deplacement;700,00;140,00;840,00;photo floue;rejete
26/11/2023;Transport;750,50;150,10;900,60;non;valide
09/05/2022;Transport;3000,00;600,00;3600,00;perdu;valide
15/12/2022;Telecom;750,00;150,00;900,00;oui;rejete
05/09/2023;Hotel;200,50;40,10;240,60;non;rejete
18/10/2023;Telecom;800,00;160,00;960,00;perdu;en attente
16/03/2023;Telecom;100,99;20,20;121,19;oui;rejete
28/08/2022;Taxi/VTC;3500,50;700,10;4200,60;perdu;valide
16/10/2022;Transport;2500,00;500,00;3000,00;non;valide
02/01/2023;Representation;450,00;90,00;540,00;non;valide
25/03/2022;Fournitures;3226,99;645,40;3872,39;non;rejete
24/04/2022;Telecom;90,00;18,00;108,00;perdu;en attente
28/10/2022;Deplacement;1678,99;335,80;2014,79;photo floue;rejete
08/01/2022;Formation;800,00;160,00;960,00;perdu;valide
13/08/2022;Deplacement;1200,00;240,00;1440,00;photo floue;rejete
19/09/2023;Transport;800,00;160,00;960,00;oui;rejete
23/05/2023;Telecom;400,00;80,00;480,00;perdu;en attente
29/05/2023;Representation;2500,99;500,20;3001,19;perdu;valide
16/03/2023;Fournitures;4187,50;837,50;5025,00;photo floue;valide
25/01/2023;Fournitures;1000,99;200,20;1201,19;perdu;en attente
05/02/2022;Taxi/VTC;6000,00;1200,00;7200,00;perdu;rejete
27/03/2023;Fournitures;1200,50;240,10;1440,60;perdu;valide
22/09/2022;Transport;5000,00;1000,00;6000,00;non;en attente
01/01/2022;Telecom;1500,99;300,20;1801,19;non;en attente
27/01/2022;Hotel;5000,00;1000,00;6000,00;photo floue;valide
10/05/2023;Fournitures;2371,00;474,20;2845,20;non;en attente
09/05/2022;Taxi/VTC;900,00;180,00;1080,00;non;valide
31/08/2023;Transport;80,00;16,00;96,00;oui;valide
06/04/2022;Fournitures;800,50;160,10;960,60;photo floue;en attente
03/07/2022;Fournitures;1790,00;358,00;2148,00;non;valide
26/03/2023;Telecom;1500,00;300,00;1800,00;oui;valide
13/09/2022;Taxi/VTC;80,50;16,10;96,60;non;rejete
06/01/2023;Formation;3152,00;630,40;3782,40;photo floue;en attente
15/06/2023;Transport;750,99;150,20;901,19;non;valide
10/03/2022;Taxi/VTC;500,00;100,00;600,00;perdu;rejete
18/01/2022;Restaurant;3000,00;600,00;3600,00;oui;rejete
23/08/2022;Representation;900,99;180,20;1081,19;photo floue;valide
09/05/2023;Hotel;400,00;80,00;480,00;photo floue;rejete
03/09/2022;Telecom;7000,99;1400,20;8401,19;photo floue;valide
30/07/2023;Deplacement;900,00;180,00;1080,00;non;valide
10/05/2022;Transport;700,50;140,10;840,60;perdu;rejete
20/06/2023;Restaurant;1681,00;336,20;2017,20;non;en attente
01/07/2023;Taxi/VTC;750,99;150,20;901,19;photo floue;valide
14/02/2022;Deplacement;4000,00;800,00;4800,00;perdu;rejete
04/08/2023;Fournitures;950,00;190,00;1140,00;perdu;en attente
10/07/2022;Transport;600,99;120,20;721,19;oui;rejete
16/01/2023;Transport;5500,00;1100,00;6600,00;photo floue;rejete
10/05/2022;Telecom;350,00;70,00;420,00;oui;rejete
29/08/2022;Hotel;2441,00;488,20;2929,20;perdu;en attente
23/01/2022;Transport;1000,00;200,00;1200,00;perdu;rejete
04/03/2023;Transport;1000,00;200,00;1200,00;oui;rejete
20/12/2022;Restaurant;4500,00;900,00;5400,00;non;rejete
20/01/2023;Restaurant;650,99;130,20;781,19;non;valide
31/12/2022;Representation;650,00;130,00;780,00;non;rejete
20/12/2023;Informatique;4190,99;838,20;5029,19;perdu;en attente
05/10/2022;Restaurant;800,00;160,00;960,00;perdu;valide
24/12/2022;Restaurant;700,50;140,10;840,60;non;en attente
26/05/2023;Deplacement;4500,00;900,00;5400,00;oui;rejete
04/06/2023;Fournitures;2692,50;538,50;3231,00;oui;rejete
27/10/2022;Transport;300,50;60,10;360,60;non;valide
02/11/2023;Formation;90,00;18,00;108,00;non;rejete
12/09/2022;Transport;750,99;150,20;901,19;perdu;en attente
25/07/2023;Taxi/VTC;250,00;50,00;300,00;perdu;en attente
14/04/2022;Transport;450,50;90,10;540,60;non;en attente
30/09/2022;Hotel;750,00;150,00;900,00;perdu;valide
11/12/2022;Taxi/VTC;8000,00;1600,00;9600,00;perdu;valide
18/10/2023;Hotel;2500,99;500,20;3001,19;oui;en attente
13/10/2023;Fournitures;200,00;40,00;240,00;perdu;valide
07/03/2022;Formation;350,99;70,20;421,19;non;valide
02/08/2022;Formation;5000,99;1000,20;6001,19;oui;rejete
13/04/2023;Taxi/VTC;150,00;30,00;180,00;non;valide
30/07/2023;Hotel;500,50;100,10;600,60;perdu;en attente
02/11/2022;Fournitures;4345,99;869,20;5215,19;oui;rejete
24/08/2022;Restaurant;500,99;100,20;601,19;non;valide
15/08/2023;Restaurant;4594,00;918,80;5512,80;perdu;rejete
14/10/2023;Restaurant;4500,99;900,20;5401,19;non;rejete
13/10/2023;Telecom;3807,00;761,40;4568,40;non;en attente
20/03/2023;Hotel;150,00;30,00;180,00;perdu;rejete
19/01/2022;Hotel;600,00;120,00;720,00;photo floue;rejete
25/09/2023;Formation;1800,50;360,10;2160,60;photo floue;rejete
03/03/2022;Transport;4500,50;900,10;5400,60;oui;rejete
08/07/2023;Formation;900,00;180,00;1080,00;oui;rejete
04/11/2023;Restaurant;4000,00;800,00;4800,00;oui;rejete
10/04/2022;Fournitures;300,99;60,20;361,19;non;valide
15/01/2022;Representation;950,00;190,00;1140,00;perdu;rejete
11/03/2023;Formation;700,50;140,10;840,60;oui;en attente
16/08/2022;Hotel;350,00;70,00;420,00;oui;en attente
04/11/2022;Hotel;100,50;20,10;120,60;oui;rejete
30/01/2022;Representation;750,99;150,20;901,19;photo floue;en attente
18/12/2022;Restaurant;500,00;100,00;600,00;photo floue;rejete
01/10/2022;Informatique;500,00;100,00;600,00;non;rejete
07/07/2022;Formation;450,50;90,10;540,60;oui;rejete
29/10/2022;Transport;4036,00;807,20;4843,20;photo floue;en attente
18/11/2023;Hotel;3268,00;653,60;3921,60;non;en attente
13/04/2023;Deplacement;1189,99;238,00;1427,99;oui;valide
01/10/2023;Telecom;2000,00;400,00;2400,00;perdu;valide
17/01/2023;Fournitures;750,00;150,00;900,00;perdu;valide
24/11/2023;Informatique;9999,99;2000,00;11999,99;photo floue;en attente
14/08/2023;Restaurant;400,00;80,00;480,00;non;rejete
22/06/2022;Telecom;300,99;60,20;361,19;oui;valide
02/07/2022;Transport;7500,00;1500,00;9000,00;oui;rejete
28/11/2023;Fournitures;120,99;24,20;145,19;perdu;valide
25/03/2022;Representation;600,50;120,10;720,60;oui;rejete
23/09/2022;Deplacement;350,00;70,00;420,00;oui;valide
24/11/2022;Telecom;400,99;80,20;481,19;oui;en attente
01/09/2022;Informatique;900,50;180,10;1080,60;oui;valide
07/05/2022;Deplacement;300,00;60,00;360,00;perdu;en attente
24/08/2022;Telecom;2000,50;400,10;2400,60;photo floue;en attente
21/03/2022;Restaurant;650,00;130,00;780,00;non;en attente
23/02/2023;Telecom;4000,00;800,00;4800,00;photo floue;en attente
04/03/2023;Deplacement;400,00;80,00;480,00;non;rejete
28/03/2023;Telecom;3186,00;637,20;3823,20;non;valide
12/05/2023;Informatique;300,00;60,00;360,00;oui;en attente
18/08/2023;Hotel;2000,00;400,00;2400,00;oui;rejete
10/11/2023;Transport;3827,50;765,50;4593,00;photo floue;en attente
13/03/2023;Hotel;900,00;180,00;1080,00;photo floue;en attente
07/02/2023;Fournitures;175,99;35,20;211,19;oui;en attente
21/05/2023;Hotel;3000,99;600,20;3601,19;oui;rejete
18/05/2023;Telecom;3950,00;790,00;4740,00;perdu;rejete
22/11/2022;Transport;1500,99;300,20;1801,19;perdu;en attente
17/04/2022;Deplacement;500,00;100,00;600,00;perdu;en attente
12/10/2022;Transport;500,00;100,00;600,00;photo floue;en attente
07/07/2022;Informatique;700,00;140,00;840,00;perdu;en attente
28/01/2022;Telecom;175,99;35,20;211,19;photo floue;valide
24/07/2023;Deplacement;900,99;180,20;1081,19;perdu;en attente
16/02/2022;Formation;392,00;78,40;470,40;photo floue;en attente
11/03/2023;Deplacement;950,00;190,00;1140,00;non;valide
16/10/2023;Telecom;1000,00;200,00;1200,00;oui;en attente
27/05/2023;Restaurant;2500,99;500,20;3001,19;perdu;valide
24/06/2023;Representation;3020,50;604,10;3624,60;non;rejete
05/11/2022;Informatique;1158,00;231,60;1389,60;photo floue;rejete
29/12/2023;Transport;900,99;180,20;1081,19;oui;en attente
27/10/2023;Deplacement;4786,00;957,20;5743,20;photo floue;rejete
15/10/2023;Transport;500,99;100,20;601,19;perdu;rejete
14/06/2023;Telecom;4627,50;925,50;5553,00;oui;valide
10/08/2023;Taxi/VTC;950,00;190,00;1140,00;perdu;valide
10/06/2022;Formation;2500,00;500,00;3000,00;perdu;en attente
19/12/2022;Fournitures;90,00;18,00;108,00;non;valide
05/07/2023;Deplacement;750,00;150,00;900,00;non;en attente
23/12/2022;Telecom;765,00;153,00;918,00;oui;valide
29/03/2022;Restaurant;550,00;110,00;660,00;non;rejete
13/05/2023;Hotel;4000,00;800,00;4800,00;oui;rejete
27/07/2023;Formation;250,99;50,20;301,19;oui;rejete
04/10/2023;Taxi/VTC;600,00;120,00;720,00;perdu;en attente
27/05/2023;Transport;800,50;160,10;960,60;non;rejete
22/02/2022;Hotel;600,00;120,00;720,00;non;rejete
05/01/2023;Telecom;2500,50;500,10;3000,60;perdu;rejete
01/04/2023;Informatique;6000,00;1200,00;7200,00;perdu;valide
23/11/2022;Telecom;900,00;180,00;1080,00;non;rejete
13/10/2022;Hotel;2500,50;500,10;3000,60;perdu;rejete
19/07/2023;Restaurant;2096,00;419,20;2515,20;photo floue;en attente
09/12/2023;Transport;2937,50;587,50;3525,00;non;rejete
22/08/2022;Representation;450,00;90,00;540,00;oui;en attente
10/01/2022;Restaurant;950,00;190,00;1140,00;non;valide
10/09/2023;Telecom;1967,50;393,50;2361,00;photo floue;en attente
26/08/2023;Formation;1800,00;360,00;2160,00;perdu;en attente
17/07/2022;Restaurant;3870,00;774,00;4644,00;perdu;rejete
19/04/2023;Fournitures;4000,50;800,10;4800,60;perdu;valide
08/10/2023;Telecom;350,99;70,20;421,19;perdu;valide
13/02/2022;Hotel;2500,00;500,00;3000,00;oui;en attente
26/01/2022;Deplacement;1219,00;243,80;1462,80;photo floue;en attente
27/12/2023;Deplacement;1000,00;200,00;1200,00;non;rejete
08/01/2023;Telecom;5000,99;1000,20;6001,19;photo floue;rejete
01/04/2022;Telecom;226,50;45,30;271,80;photo floue;valide
17/01/2023;Hotel;250,99;50,20;301,19;oui;rejete
12/11/2022;Telecom;5500,99;1100,20;6601,19;perdu;valide
13/05/2023;Hotel;1000,00;200,00;1200,00;photo floue;en attente
16/08/2023;Representation;100,00;20,00;120,00;oui;rejete
03/12/2023;Hotel;2500,00;500,00;3000,00;perdu;en attente
18/10/2023;Formation;3000,00;600,00;3600,00;perdu;rejete
06/03/2023;Taxi/VTC;3500,50;700,10;4200,60;oui;en attente
26/01/2023;Representation;450,99;90,20;541,19;photo floue;valide
24/06/2022;Taxi/VTC;3500,99;700,20;4201,19;non;valide
26/12/2022;Formation;1800,00;360,00;2160,00;oui;valide
10/11/2023;Hotel;500,00;100,00;600,00;perdu;valide
05/09/2022;Telecom;500,00;100,00;600,00;non;valide
23/09/2022;Hotel;4880,50;976,10;5856,60;perdu;en attente
08/12/2022;Taxi/VTC;8500,00;1700,00;10200,00;oui;en attente
05/08/2023;Taxi/VTC;8000,50;1600,10;9600,60;oui;en attente
28/09/2023;Restaurant;350,00;70,00;420,00;photo floue;valide
03/11/2023;Representation;1000,00;200,00;1200,00;perdu;rejete
09/09/2023;Informatique;589,99;118,00;707,99;photo floue;rejete
22/04/2022;Fournitures;400,00;80,00;480,00;non;valide
14/10/2023;Fournitures;150,50;30,10;180,60;oui;valide
07/01/2023;Representation;4954,50;990,90;5945,40;perdu;rejete
26/05/2023;Transport;3001,50;600,30;3601,80;non;rejete
29/01/2022;Hotel;400,00;80,00;480,00;oui;valide
04/01/2023;Fournitures;950,00;190,00;1140,00;oui;valide
14/10/2022;Taxi/VTC;4500,99;900,20;5401,19;photo floue;valide
26/01/2023;Representation;3500,00;700,00;4200,00;perdu;en attente
01/12/2023;Representation;750,00;150,00;900,00;perdu;rejete
30/08/2022;Deplacement;2074,00;414,80;2488,80;oui;en attente
06/05/2023;Telecom;600,00;120,00;720,00;oui;valide
18/10/2023;Telecom;1500,99;300,20;1801,19;photo floue;en attente
25/06/2022;Taxi/VTC;450,99;90,20;541,19;perdu;rejete
31/08/2023;Telecom;400,00;80,00;480,00;perdu;en attente
14/11/2022;Informatique;500,00;100,00;600,00;oui;valide
06/02/2022;Taxi/VTC;850,50;170,10;1020,60;oui;valide
03/05/2022;Taxi/VTC;850,00;170,00;1020,00;perdu;valide
17/04/2022;Transport;7500,00;1500,00;9000,00;oui;en attente
13/08/2023;Restaurant;300,00;60,00;360,00;perdu;rejete
06/10/2023;Transport;75,00;15,00;90,00;non;en attente
20/08/2023;Telecom;850,50;170,10;1020,60;perdu;en attente
18/10/2023;Telecom;250,99;50,20;301,19;non;en attente
13/01/2023;Hotel;2922,00;584,40;3506,40;perdu;en attente
02/06/2023;Formation;1753,00;350,60;2103,60;non;valide
04/12/2022;Formation;900,00;180,00;1080,00;non;en attente
24/03/2022;Transport;6000,50;1200,10;7200,60;non;rejete
15/08/2022;Formation;2000,50;400,10;2400,60;perdu;en attente
29/05/2022;Formation;400,00;80,00;480,00;perdu;en attente
07/10/2023;Fournitures;300,50;60,10;360,60;non;en attente
08/12/2022;Formation;5000,00;1000,00;6000,00;perdu;rejete
28/10/2022;Representation;7000,50;1400,10;8400,60;oui;valide
07/02/2022;Restaurant;3000,50;600,10;3600,60;photo floue;valide
23/02/2023;Hotel;800,50;160,10;960,60;oui;rejete
13/01/2022;Hotel;4766,99;953,40;5720,39;non;rejete
05/07/2022;Transport;7000,50;1400,10;8400,60;photo floue;valide
04/09/2023;Formation;750,99;150,20;901,19;photo floue;rejete
01/05/2022;Deplacement;3000,00;600,00;3600,00;non;en attente
18/12/2023;Representation;4000,99;800,20;4801,19;oui;en attente
06/11/2023;Deplacement;3000,99;600,20;3601,19;non;rejete
20/03/2022;Formation;1500,00;300,00;1800,00;perdu;rejete
23/02/2023;Hotel;3966,00;793,20;4759,20;perdu;en attente
09/12/2022;Restaurant;700,00;140,00;840,00;oui;rejete
25/05/2022;Fournitures;4607,00;921,40;5528,40;perdu;en attente
01/07/2022;Transport;175,00;35,00;210,00;perdu;en attente
27/06/2022;Taxi/VTC;3000,00;600,00;3600,00;oui;en attente
26/02/2022;Transport;120,00;24,00;144,00;photo floue;en attente
13/05/2023;Deplacement;800,00;160,00;960,00;non;valide
03/02/2022;Informatique;3500,50;700,10;4200,60;oui;en attente
09/08/2023;Restaurant;6000,00;1200,00;7200,00;perdu;valide
07/12/2022;Hotel;5500,00;1100,00;6600,00;oui;en attente
18/01/2022;Telecom;3000,50;600,10;3600,60;oui;valide
28/11/2022;Taxi/VTC;900,00;180,00;1080,00;non;en attente
31/05/2022;Taxi/VTC;150,00;30,00;180,00;oui;valide
22/04/2022;Transport;3966,00;793,20;4759,20;non;rejete
13/12/2023;Representation;600,00;120,00;720,00;non;valide
29/05/2023;Transport;950,00;190,00;1140,00;perdu;valide
30/09/2022;Telecom;6000,99;1200,20;7201,19;non;en attente
23/09/2022;Fournitures;2000,00;400,00;2400,00;non;rejete
31/01/2022;Representation;950,50;190,10;1140,60;non;en attente
18/01/2023;Transport;2545,00;509,00;3054,00;photo floue;en attente
07/01/2023;Deplacement;550,99;110,20;661,19;photo floue;rejete
05/12/2023;Restaurant;75,00;15,00;90,00;oui;valide
09/04/2022;Hotel;2996,00;599,20;3595,20;non;rejete
18/02/2022;Informatique;2500,99;500,20;3001,19;oui;valide
04/03/2022;Informatique;800,00;160,00;960,00;non;valide
01/10/2022;Taxi/VTC;2997,50;599,50;3597,00;photo floue;en attente
15/09/2023;Fournitures;800,99;160,20;961,19;oui;valide
24/11/2023;Informatique;499,99;100,00;599,99;perdu;rejete
29/08/2022;Transport;250,00;50,00;300,00;photo floue;en attente
21/04/2022;Formation;8000,00;1600,00;9600,00;non;rejete
12/04/2022;Taxi/VTC;850,99;170,20;1021,19;photo floue;rejete
01/06/2022;Restaurant;850,00;170,00;1020,00;photo floue;en attente
01/03/2022;Representation;450,00;90,00;540,00;oui;rejete
12/08/2022;Transport;650,50;130,10;780,60;photo floue;rejete
16/10/2022;Representation;700,99;140,20;841,19;oui;rejete
18/07/2023;Deplacement;1308,00;261,60;1569,60;oui;rejete
16/11/2022;Informatique;800,00;160,00;960,00;photo floue;en attente
23/05/2023;Restaurant;900,00;180,00;1080,00;oui;valide
29/05/2022;Deplacement;7500,99;1500,20;9001,19;non;en attente
28/10/2022;Representation;1800,50;360,10;2160,60;oui;valide
16/07/2023;Taxi/VTC;3517,00;703,40;4220,40;non;rejete
22/04/2022;Representation;5000,00;1000,00;6000,00;photo floue;rejete
05/07/2023;Restaurant;350,00;70,00;420,00;photo floue;rejete
05/08/2022;Fournitures;4109,00;821,80;4930,80;non;en attente
14/08/2023;Formation;4000,50;800,10;4800,60;non;rejete
27/05/2023;Representation;900,99;180,20;1081,19;non;valide
03/02/2022;Informatique;8500,99;1700,20;10201,19;non;en attente
18/07/2023;Deplacement;2000,00;400,00;2400,00;photo floue;valide
27/05/2022;Informatique;9000,50;1800,10;10800,60;perdu;en attente
17/03/2023;Deplacement;3000,99;600,20;3601,19;oui;valide
02/11/2023;Representation;800,00;160,00;960,00;perdu;rejete
16/12/2022;Representation;800,00;160,00;960,00;oui;valide
02/05/2022;Representation;80,99;16,20;97,19;non;valide
02/01/2022;Taxi/VTC;4131,00;826,20;4957,20;perdu;valide
06/03/2023;Hotel;661,00;132,20;793,20;perdu;rejete
24/09/2023;Taxi/VTC;5500,00;1100,00;6600,00;photo floue;valide
24/03/2023;Telecom;700,99;140,20;841,19;oui;rejete
04/11/2022;Representation;750,99;150,20;901,19;non;rejete
15/10/2023;Taxi/VTC;950,00;190,00;1140,00;oui;valide
06/09/2022;Deplacement;700,00;140,00;840,00;perdu;rejete
11/03/2022;Formation;150,00;30,00;180,00;perdu;en attente
28/07/2023;Taxi/VTC;300,99;60,20;361,19;perdu;en attente
13/04/2022;Taxi/VTC;850,00;170,00;1020,00;perdu;en attente
09/11/2023;Deplacement;1908,00;381,60;2289,60;perdu;rejete
07/07/2022;Hotel;2113,99;422,80;2536,79;oui;valide
15/12/2022;Deplacement;854,00;170,80;1024,80;perdu;en attente
26/05/2023;Deplacement;600,00;120,00;720,00;oui;en attente
29/07/2022;Formation;6000,00;1200,00;7200,00;oui;en attente
30/12/2023;Representation;550,50;110,10;660,60;photo floue;en attente
14/03/2022;Fournitures;2436,50;487,30;2923,80;non;en attente
15/07/2023;Transport;50,99;10,20;61,19;non;valide
14/01/2023;Restaurant;9999,00;1999,80;11998,80;oui;valide
07/11/2023;Deplacement;1778,00;355,60;2133,60;oui;en attente
14/08/2023;Transport;100,00;20,00;120,00;non;valide
20/04/2023;Telecom;150,99;30,20;181,19;photo floue;en attente
07/01/2023;Telecom;3000,00;600,00;3600,00;non;valide
18/06/2022;Informatique;4245,00;849,00;5094,00;oui;rejete
11/04/2022;Restaurant;450,00;90,00;540,00;photo floue;rejete
21/12/2022;Transport;4736,00;947,20;5683,20;oui;en attente
31/03/2023;Transport;2000,00;400,00;2400,00;perdu;rejete
01/08/2023;Taxi/VTC;250,00;50,00;300,00;oui;en attente
23/08/2023;Transport;1500,00;300,00;1800,00;photo floue;valide
21/05/2023;Hotel;550,00;110,00;660,00;non;valide
14/09/2023;Formation;9000,50;1800,10;10800,60;non;rejete
28/07/2023;Fournitures;400,00;80,00;480,00;perdu;rejete
14/11/2023;Hotel;90,00;18,00;108,00;perdu;en attente
06/10/2023;Transport;600,99;120,20;721,19;oui;valide
02/06/2023;Hotel;8000,50;1600,10;9600,60;perdu;valide
25/10/2022;Transport;95,50;19,10;114,60;photo floue;en attente
08/12/2022;Fournitures;80,00;16,00;96,00;non;en attente
18/08/2023;Restaurant;7500,00;1500,00;9000,00;oui;valide
25/08/2023;Taxi/VTC;4453,00;890,60;5343,60;non;valide
13/03/2022;Taxi/VTC;400,00;80,00;480,00;oui;en attente
31/07/2022;Telecom;925,00;185,00;1110,00;oui;valide
28/11/2023;Telecom;650,00;130,00;780,00;non;rejete
20/08/2023;Fournitures;4090,50;818,10;4908,60;oui;rejete
31/05/2022;Fournitures;4500,99;900,20;5401,19;photo floue;valide
02/07/2023;Hotel;800,99;160,20;961,19;oui;valide
14/07/2023;Transport;5000,50;1000,10;6000,60;non;rejete
19/09/2023;Restaurant;2104,99;421,00;2525,99;oui;valide
20/09/2022;Restaurant;4500,00;900,00;5400,00;oui;en attente
23/01/2023;Formation;750,50;150,10;900,60;oui;en attente
10/10/2022;Representation;50,99;10,20;61,19;perdu;rejete
07/08/2022;Representation;200,99;40,20;241,19;perdu;rejete
26/10/2022;Informatique;400,00;80,00;480,00;oui;rejete
08/09/2023;Taxi/VTC;2321,50;464,30;2785,80;photo floue;rejete
30/06/2023;Deplacement;750,00;150,00;900,00;oui;en attente
17/09/2023;Deplacement;1373,00;274,60;1647,60;perdu;rejete
14/02/2022;Fournitures;3521,00;704,20;4225,20;perdu;valide
09/01/2022;Hotel;300,00;60,00;360,00;photo floue;valide
18/05/2022;Formation;850,99;170,20;1021,19;perdu;en attente
10/08/2022;Taxi/VTC;1013,00;202,60;1215,60;perdu;rejete
29/07/2023;Taxi/VTC;9000,00;1800,00;10800,00;oui;valide
15/12/2022;Telecom;9999,00;1999,80;11998,80;non;rejete
31/10/2023;Formation;1372,00;274,40;1646,40;perdu;valide
17/05/2022;Deplacement;500,00;100,00;600,00;oui;rejete
14/08/2023;Taxi/VTC;900,99;180,20;1081,19;non;en attente
14/06/2023;Taxi/VTC;3693,99;738,80;4432,79;perdu;en attente
30/10/2023;Fournitures;600,00;120,00;720,00;photo floue;valide
11/01/2022;Fournitures;5000,99;1000,20;6001,19;perdu;valide
03/04/2022;Formation;5000,99;1000,20;6001,19;non;rejete
28/06/2022;Taxi/VTC;950,50;190,10;1140,60;photo floue;en attente
13/06/2022;Telecom;4000,99;800,20;4801,19;oui;en attente
11/07/2023;Fournitures;8000,00;1600,00;9600,00;non;en attente
12/04/2023;Hotel;4000,99;800,20;4801,19;photo floue;valide
20/10/2023;Restaurant;850,00;170,00;1020,00;photo floue;rejete
14/08/2022;Deplacement;250,99;50,20;301,19;perdu;en attente
19/10/2022;Informatique;150,50;30,10;180,60;photo floue;en attente
12/05/2023;Restaurant;900,00;180,00;1080,00;perdu;rejete
13/10/2022;Taxi/VTC;800,99;160,20;961,19;photo floue;en attente
10/08/2023;Formation;4500,50;900,10;5400,60;non;en attente
02/01/2023;Telecom;1800,50;360,10;2160,60;oui;en attente
03/02/2022;Taxi/VTC;120,50;24,10;144,60;oui;valide
12/03/2022;Deplacement;3500,00;700,00;4200,00;oui;en attente
15/07/2023;Transport;4219,99;844,00;5063,99;non;rejete
10/08/2022;Fournitures;750,00;150,00;900,00;oui;rejete
29/08/2022;Hotel;800,00;160,00;960,00;non;rejete
28/07/2023;Deplacement;1937,00;387,40;2324,40;photo floue;valide
20/05/2022;Hotel;300,99;60,20;361,19;oui;rejete
23/03/2022;Restaurant;1500,00;300,00;1800,00;perdu;valide
05/06/2022;Fournitures;7000,99;1400,20;8401,19;perdu;rejete
21/11/2023;Fournitures;1500,00;300,00;1800,00;non;en attente
24/12/2022;Taxi/VTC;700,50;140,10;840,60;perdu;rejete
26/04/2023;Formation;2965,00;593,00;3558,00;oui;en attente
31/12/2022;Hotel;250,00;50,00;300,00;oui;en attente
02/07/2022;Taxi/VTC;700,99;140,20;841,19;perdu;rejete
30/07/2023;Fournitures;850,50;170,10;1020,60;oui;rejete
18/02/2022;Restaurant;2468,00;493,60;2961,60;oui;valide
09/06/2022;Fournitures;120,00;24,00;144,00;non;rejete
20/11/2022;Transport;900,00;180,00;1080,00;non;en attente
21/11/2022;Hotel;120,00;24,00;144,00;photo floue;valide
05/09/2023;Informatique;700,99;140,20;841,19;photo floue;en attente
06/03/2022;Formation;300,99;60,20;361,19;photo floue;valide
05/02/2023;Formation;4500,00;900,00;5400,00;perdu;valide
30/04/2022;Taxi/VTC;120,99;24,20;145,19;perdu;valide
10/03/2023;Restaurant;800,00;160,00;960,00;perdu;rejete
22/07/2023;Hotel;552,00;110,40;662,40;non;en attente
28/05/2022;Informatique;95,00;19,00;114,00;photo floue;en attente
22/09/2022;Hotel;1000,00;200,00;1200,00;photo floue;valide
19/08/2023;Restaurant;4704,00;940,80;5644,80;photo floue;en attente
13/03/2022;Taxi/VTC;3500,99;700,20;4201,19;oui;en attente
21/04/2023;Informatique;500,00;100,00;600,00;perdu;valide
16/04/2022;Hotel;300,00;60,00;360,00;non;en attente
30/07/2023;Informatique;1800,50;360,10;2160,60;perdu;en attente
08/11/2023;Informatique;1181,50;236,30;1417,80;photo floue;rejete
04/10/2022;Informatique;750,00;150,00;900,00;oui;valide
20/11/2023;Deplacement;950,00;190,00;1140,00;non;en attente
06/06/2023;Informatique;80,99;16,20;97,19;photo floue;valide
25/07/2022;Restaurant;750,50;150,10;900,60;non;rejete
18/09/2022;Telecom;4585,00;917,00;5502,00;perdu;rejete
11/09/2022;Restaurant;3000,00;600,00;3600,00;non;valide
07/02/2023;Restaurant;511,00;102,20;613,20;photo floue;rejete
21/02/2023;Representation;600,00;120,00;720,00;perdu;valide
05/04/2023;Telecom;850,50;170,10;1020,60;oui;valide
12/01/2023;Transport;800,50;160,10;960,60;perdu;valide
03/09/2023;Fournitures;750,99;150,20;901,19;non;rejete
06/03/2023;Representation;1500,50;300,10;1800,60;oui;en attente
06/01/2023;Representation;50,99;10,20;61,19;non;valide
24/10/2022;Hotel;400,00;80,00;480,00;perdu;rejete
17/05/2022;Formation;75,99;15,20;91,19;photo floue;en attente
11/01/2023;Fournitures;7000,00;1400,00;8400,00;perdu;en attente
30/12/2023;Formation;6000,50;1200,10;7200,60;oui;valide
23/11/2022;Transport;1000,00;200,00;1200,00;non;en attente
23/06/2022;Hotel;1200,00;240,00;1440,00;photo floue;en attente
21/01/2022;Representation;450,00;90,00;540,00;perdu;valide
04/12/2022;Deplacement;200,00;40,00;240,00;oui;en attente
15/12/2023;Taxi/VTC;768,99;153,80;922,79;oui;rejete
18/01/2023;Hotel;3247,50;649,50;3897,00;oui;valide
23/04/2023;Transport;450,99;90,20;541,19;perdu;en attente
25/11/2022;Telecom;2124,50;424,90;2549,40;non;valide
12/09/2023;Telecom;4331,00;866,20;5197,20;photo floue;en attente
24/08/2022;Informatique;1490,50;298,10;1788,60;non;rejete
03/12/2023;Transport;2000,50;400,10;2400,60;photo floue;en attente
25/10/2023;Hotel;4886,00;977,20;5863,20;photo floue;valide
16/12/2022;Taxi/VTC;1200,99;240,20;1441,19;photo floue;valide
10/01/2022;Hotel;450,00;90,00;540,00;perdu;rejete
04/03/2023;Transport;4500,00;900,00;5400,00;photo floue;valide
12/03/2022;Representation;1000,00;200,00;1200,00;perdu;rejete
05/08/2023;Representation;8500,00;1700,00;10200,00;non;rejete
12/07/2023;Representation;450,99;90,20;541,19;perdu;en attente
24/06/2023;Formation;1500,00;300,00;1800,00;non;rejete
22/11/2023;Restaurant;3630,50;726,10;4356,60;non;rejete
14/05/2023;Hotel;3883,99;776,80;4660,79;perdu;rejete
08/03/2023;Transport;3371,50;674,30;4045,80;oui;en attente
10/06/2023;Restaurant;90,99;18,20;109,19;photo floue;valide
18/05/2022;Representation;90,99;18,20;109,19;photo floue;valide
28/01/2022;Taxi/VTC;1500,00;300,00;1800,00;non;en attente
03/10/2022;Informatique;800,00;160,00;960,00;photo floue;en attente
26/12/2022;Restaurant;1800,99;360,20;2161,19;oui;valide
01/09/2023;Formation;800,50;160,10;960,60;photo floue;rejete
01/03/2023;Deplacement;550,00;110,00;660,00;perdu;valide
03/11/2023;Deplacement;3000,00;600,00;3600,00;non;rejete
18/08/2022;Restaurant;150,00;30,00;180,00;perdu;en attente
12/12/2022;Representation;234,00;46,80;280,80;perdu;rejete
01/11/2022;Fournitures;450,50;90,10;540,60;non;valide
03/08/2023;Telecom;650,00;130,00;780,00;non;en attente
24/06/2022;Deplacement;850,00;170,00;1020,00;oui;rejete
28/10/2023;Telecom;650,00;130,00;780,00;non;en attente
04/06/2023;Telecom;175,00;35,00;210,00;photo floue;rejete
09/02/2023;Hotel;250,50;50,10;300,60;non;valide
17/06/2022;Restaurant;750,99;150,20;901,19;perdu;valide
11/10/2023;Formation;1616,00;323,20;1939,20;non;en attente
19/03/2022;Representation;1000,00;200,00;1200,00;non;rejete
06/05/2023;Deplacement;8000,99;1600,20;9601,19;oui;valide
02/08/2022;Restaurant;900,99;180,20;1081,19;non;rejete
31/03/2023;Representation;1239,99;248,00;1487,99;oui;en attente
24/02/2023;Informatique;90,00;18,00;108,00;photo floue;en attente
11/02/2022;Representation;1554,99;311,00;1865,99;photo floue;en attente
03/06/2022;Telecom;900,99;180,20;1081,19;non;rejete
22/01/2022;Formation;6000,00;1200,00;7200,00;oui;en attente
27/05/2023;Deplacement;1000,50;200,10;1200,60;perdu;rejete
18/12/2022;Formation;1500,00;300,00;1800,00;oui;rejete
05/04/2023;Hotel;740,99;148,20;889,19;oui;en attente
06/02/2022;Restaurant;936,00;187,20;1123,20;oui;en attente
09/04/2023;Formation;1200,50;240,10;1440,60;perdu;en attente
27/07/2022;Taxi/VTC;1800,00;360,00;2160,00;perdu;valide
25/09/2023;Fournitures;800,00;160,00;960,00;non;valide
12/01/2022;Hotel;2531,00;506,20;3037,20;photo floue;rejete
28/12/2023;Fournitures;1800,00;360,00;2160,00;oui;valide
10/11/2022;Deplacement;750,00;150,00;900,00;oui;valide
01/08/2023;Fournitures;2000,00;400,00;2400,00;oui;valide
10/07/2023;Informatique;3125,00;625,00;3750,00;perdu;valide
08/01/2023;Telecom;450,00;90,00;540,00;photo floue;en attente
20/04/2022;Hotel;2733,00;546,60;3279,60;oui;en attente
27/10/2023;Representation;350,50;70,10;420,60;photo floue;valide
21/01/2022;Informatique;4000,00;800,00;4800,00;perdu;valide
10/06/2022;Representation;1000,50;200,10;1200,60;photo floue;valide
15/06/2022;Transport;800,99;160,20;961,19;oui;valide
12/08/2022;Telecom;3000,00;600,00;3600,00;non;rejete
09/09/2022;Deplacement;6000,99;1200,20;7201,19;perdu;rejete
30/08/2023;Taxi/VTC;800,50;160,10;960,60;photo floue;rejete
01/09/2023;Deplacement;6000,50;1200,10;7200,60;non;rejete
25/12/2023;Fournitures;750,50;150,10;900,60;non;valide
06/12/2022;Transport;75,99;15,20;91,19;oui;rejete
14/12/2022;Hotel;3153,50;630,70;3784,20;oui;rejete
08/06/2023;Deplacement;990,99;198,20;1189,19;photo floue;valide
01/04/2022;Fournitures;900,99;180,20;1081,19;oui;valide
14/09/2023;Fournitures;3309,00;661,80;3970,80;photo floue;en attente
14/10/2022;Taxi/VTC;500,00;100,00;600,00;oui;en attente
27/01/2022;Representation;75,00;15,00;90,00;perdu;valide
10/06/2022;Informatique;1000,50;200,10;1200,60;perdu;en attente
21/03/2022;Deplacement;3439,00;687,80;4126,80;photo floue;valide
10/07/2023;Formation;9500,99;1900,20;11401,19;oui;en attente
16/03/2023;Taxi/VTC;659,00;131,80;790,80;perdu;rejete
16/02/2023;Restaurant;500,00;100,00;600,00;non;valide
23/11/2023;Restaurant;300,00;60,00;360,00;photo floue;en attente
19/01/2022;Telecom;700,99;140,20;841,19;photo floue;valide
19/09/2023;Restaurant;90,99;18,20;109,19;perdu;rejete
10/07/2022;Formation;4000,50;800,10;4800,60;photo floue;en attente
14/02/2023;Deplacement;175,00;35,00;210,00;non;en attente
21/09/2023;Fournitures;1460,99;292,20;1753,19;photo floue;rejete
27/01/2023;Representation;800,00;160,00;960,00;non;rejete
26/11/2023;Formation;8000,00;1600,00;9600,00;non;en attente
02/09/2022;Representation;8500,00;1700,00;10200,00;oui;rejete
12/09/2023;Informatique;1800,00;360,00;2160,00;photo floue;en attente
16/07/2022;Formation;75,99;15,20;91,19;oui;rejete
05/11/2023;Deplacement;400,00;80,00;480,00;perdu;en attente
21/12/2022;Telecom;1500,00;300,00;1800,00;photo floue;valide
13/12/2023;Hotel;8000,99;1600,20;9601,19;oui;valide
08/06/2022;Restaurant;90,50;18,10;108,60;non;valide
09/08/2023;Transport;2000,99;400,20;2401,19;oui;en attente
01/04/2022;Hotel;1000,99;200,20;1201,19;oui;valide
23/08/2023;Hotel;3000,00;600,00;3600,00;oui;valide
13/10/2022;Fournitures;8000,99;1600,20;9601,19;perdu;valide
12/09/2022;Representation;4735,00;947,00;5682,00;non;rejete
16/12/2022;Fournitures;3000,00;600,00;3600,00;non;rejete
05/05/2022;Deplacement;7500,00;1500,00;9000,00;non;rejete
16/12/2022;Informatique;2500,00;500,00;3000,00;oui;rejete
20/05/2023;Telecom;1000,50;200,10;1200,60;oui;rejete
01/02/2023;Restaurant;850,50;170,10;1020,60;perdu;en attente
30/04/2022;Restaurant;350,00;70,00;420,00;perdu;en attente
21/10/2022;Hotel;400,00;80,00;480,00;non;en attente
26/12/2023;Representation;1280,00;256,00;1536,00;non;en attente
24/01/2022;Informatique;700,00;140,00;840,00;non;rejete
09/02/2022;Formation;550,00;110,00;660,00;oui;en attente
28/06/2022;Hotel;1162,99;232,60;1395,59;photo floue;rejete
13/08/2022;Fournitures;100,00;20,00;120,00;non;valide
10/05/2023;Hotel;3524,00;704,80;4228,80;oui;rejete
29/06/2023;Restaurant;150,50;30,10;180,60;photo floue;en attente
09/02/2022;Formation;2216,00;443,20;2659,20;photo floue;valide
10/01/2023;Fournitures;700,50;140,10;840,60;photo floue;rejete
08/08/2023;Restaurant;800,00;160,00;960,00;oui;valide
25/02/2023;Formation;1500,00;300,00;1800,00;perdu;valide
04/06/2022;Informatique;7500,50;1500,10;9000,60;oui;en attente
20/07/2022;Restaurant;800,00;160,00;960,00;oui;en attente
08/09/2023;Representation;550,99;110,20;661,19;perdu;rejete
13/07/2023;Formation;2500,00;500,00;3000,00;non;en attente
21/01/2022;Formation;9000,00;1800,00;10800,00;non;en attente
18/09/2023;Formation;750,50;150,10;900,60;photo floue;valide
28/02/2023;Restaurant;3936,00;787,20;4723,20;non;en attente
07/10/2023;Representation;1800,00;360,00;2160,00;oui;valide
15/12/2022;Transport;300,00;60,00;360,00;perdu;en attente
10/08/2022;Restaurant;1000,00;200,00;1200,00;non;en attente
10/06/2023;Restaurant;250,99;50,20;301,19;non;en attente
29/12/2022;Taxi/VTC;900,00;180,00;1080,00;photo floue;en attente
13/09/2023;Informatique;500,00;100,00;600,00;perdu;rejete
25/03/2022;Restaurant;700,00;140,00;840,00;oui;valide
02/07/2023;Deplacement;4943,50;988,70;5932,20;oui;valide
29/01/2022;Formation;2000,99;400,20;2401,19;photo floue;valide
08/03/2022;Transport;3684,00;736,80;4420,80;non;en attente
15/08/2023;Taxi/VTC;4500,00;900,00;5400,00;non;rejete
15/08/2023;Informatique;873,00;174,60;1047,60;oui;valide
05/12/2023;Deplacement;750,00;150,00;900,00;oui;en attente
08/10/2022;Telecom;120,99;24,20;145,19;oui;valide
16/01/2023;Taxi/VTC;950,99;190,20;1141,19;photo floue;valide
31/03/2023;Deplacement;1000,00;200,00;1200,00;photo floue;valide
23/03/2022;Hotel;2809,00;561,80;3370,80;perdu;valide
07/01/2023;Informatique;650,50;130,10;780,60;non;en attente
09/07/2022;Informatique;787,00;157,40;944,40;oui;valide
29/12/2022;Informatique;1245,99;249,20;1495,19;oui;en attente
14/06/2023;Telecom;300,50;60,10;360,60;perdu;en attente
24/10/2022;Restaurant;962,50;192,50;1155,00;perdu;en attente
11/02/2022;Transport;3500,00;700,00;4200,00;non;valide
30/12/2023;Telecom;9500,00;1900,00;11400,00;photo floue;en attente
15/06/2023;Fournitures;450,50;90,10;540,60;non;en attente
26/05/2023;Taxi/VTC;120,00;24,00;144,00;photo floue;rejete
17/12/2023;Informatique;2045,50;409,10;2454,60;photo floue;valide
04/06/2023;Deplacement;385,50;77,10;462,60;oui;en attente
28/10/2023;Formation;500,00;100,00;600,00;perdu;valide
05/10/2022;Formation;2052,00;410,40;2462,40;non;rejete
29/10/2023;Taxi/VTC;2845,00;569,00;3414,00;perdu;rejete
19/05/2022;Transport;100,00;20,00;120,00;photo floue;valide
23/08/2022;Transport;2056,00;411,20;2467,20;non;rejete
06/11/2023;Transport;3000,50;600,10;3600,60;non;valide
15/03/2022;Hotel;632,00;126,40;758,40;non;en attente
21/05/2022;Informatique;150,50;30,10;180,60;non;en attente
01/10/2023;Deplacement;600,99;120,20;721,19;non;valide
23/04/2022;Hotel;95,00;19,00;114,00;perdu;valide
27/01/2023;Transport;2000,00;400,00;2400,00;photo floue;valide
30/10/2023;Restaurant;450,00;90,00;540,00;photo floue;rejete
29/10/2022;Informatique;4230,00;846,00;5076,00;photo floue;rejete
18/01/2023;Hotel;6000,00;1200,00;7200,00;perdu;en attente
30/01/2022;Taxi/VTC;600,00;120,00;720,00;oui;en attente
11/03/2023;Informatique;1390,50;278,10;1668,60;photo floue;valide
24/07/2022;Fournitures;900,00;180,00;1080,00;oui;en attente
14/08/2023;Restaurant;1800,00;360,00;2160,00;non;valide
11/09/2022;Restaurant;1774,50;354,90;2129,40;perdu;valide
16/04/2022;Transport;1500,00;300,00;1800,00;oui;valide
10/05/2022;Hotel;100,00;20,00;120,00;perdu;rejete
03/08/2022;Taxi/VTC;600,99;120,20;721,19;perdu;rejete
12/07/2022;Hotel;2000,00;400,00;2400,00;perdu;valide
13/11/2023;Formation;500,00;100,00;600,00;perdu;en attente
13/07/2023;Informatique;6000,00;1200,00;7200,00;perdu;valide
20/06/2022;Formation;2159,00;431,80;2590,80;oui;valide
11/07/2022;Fournitures;950,50;190,10;1140,60;perdu;rejete
25/07/2023;Hotel;950,00;190,00;1140,00;oui;en attente
01/06/2023;Restaurant;900,99;180,20;1081,19;non;rejete
19/09/2022;Fournitures;100,00;20,00;120,00;oui;rejete
28/12/2022;Restaurant;750,00;150,00;900,00;oui;valide
05/04/2022;Representation;3909,50;781,90;4691,40;non;en attente
19/06/2023;Formation;150,00;30,00;180,00;non;valide
06/12/2023;Informatique;2680,00;536,00;3216,00;photo floue;valide
28/11/2023;Hotel;400,00;80,00;480,00;oui;rejete
02/06/2023;Informatique;9999,00;1999,80;11998,80;non;en attente
22/05/2022;Formation;400,00;80,00;480,00;perdu;valide
25/02/2022;Fournitures;1200,00;240,00;1440,00;non;en attente
22/05/2023;Restaurant;600,99;120,20;721,19;oui;rejete
15/06/2022;Taxi/VTC;600,00;120,00;720,00;oui;rejete
28/11/2023;Telecom;200,00;40,00;240,00;oui;valide
28/02/2023;Formation;500,99;100,20;601,19;non;en attente
06/08/2023;Formation;1000,99;200,20;1201,19;perdu;valide
03/03/2023;Taxi/VTC;650,00;130,00;780,00;perdu;en attente
13/07/2022;Transport;2658,99;531,80;3190,79;non;valide
17/08/2022;Transport;650,00;130,00;780,00;oui;valide
02/01/2022;Formation;350,00;70,00;420,00;photo floue;valide
21/01/2022;Restaurant;1800,00;360,00;2160,00;non;rejete
10/11/2023;Transport;3361,99;672,40;4034,39;oui;valide
21/06/2022;Hotel;800,99;160,20;961,19;photo floue;valide
31/07/2023;Transport;200,00;40,00;240,00;perdu;valide
26/09/2022;Informatique;2177,00;435,40;2612,40;photo floue;valide
20/08/2022;Fournitures;400,50;80,10;480,60;perdu;en attente
08/09/2022;Hotel;6000,99;1200,20;7201,19;perdu;rejete
12/04/2023;Hotel;700,00;140,00;840,00;non;en attente
15/09/2022;Taxi/VTC;800,00;160,00;960,00;photo floue;en attente
22/05/2022;Fournitures;5500,00;1100,00;6600,00;perdu;valide
29/08/2023;Representation;1000,00;200,00;1200,00;photo floue;rejete
18/04/2023;Hotel;3149,00;629,80;3778,80;oui;valide
01/10/2023;Taxi/VTC;2534,00;506,80;3040,80;oui;rejete
27/12/2023;Fournitures;3563,00;712,60;4275,60;oui;valide
02/11/2023;Formation;3500,00;700,00;4200,00;photo floue;rejete
30/08/2022;Fournitures;2337,00;467,40;2804,40;photo floue;en attente
10/07/2023;Taxi/VTC;1200,50;240,10;1440,60;perdu;rejete
01/10/2022;Formation;500,99;100,20;601,19;oui;valide
18/08/2022;Taxi/VTC;950,99;190,20;1141,19;oui;valide
07/09/2023;Informatique;90,00;18,00;108,00;perdu;valide
14/07/2022;Restaurant;704,50;140,90;845,40;oui;rejete
11/06/2022;Fournitures;750,99;150,20;901,19;non;valide
13/04/2022;Deplacement;650,50;130,10;780,60;non;rejete
30/12/2022;Informatique;200,00;40,00;240,00;non;rejete
05/06/2022;Deplacement;2866,50;573,30;3439,80;photo floue;rejete
06/03/2022;Informatique;7000,50;1400,10;8400,60;photo floue;valide
15/11/2023;Representation;100,50;20,10;120,60;oui;en attente
27/08/2023;Hotel;700,00;140,00;840,00;photo floue;en attente
02/01/2023;Informatique;750,00;150,00;900,00;photo floue;en attente
09/10/2023;Transport;3000,50;600,10;3600,60;oui;en attente
13/08/2022;Hotel;250,50;50,10;300,60;non;rejete
10/05/2022;Taxi/VTC;650,00;130,00;780,00;photo floue;en attente
03/05/2023;Fournitures;2195,99;439,20;2635,19;perdu;en attente
17/06/2022;Restaurant;1200,99;240,20;1441,19;photo floue;en attente
03/10/2023;Transport;900,00;180,00;1080,00;photo floue;en attente
21/09/2023;Taxi/VTC;1595,00;319,00;1914,00;photo floue;rejete
06/08/2022;Restaurant;2000,99;400,20;2401,19;oui;valide
03/04/2023;Formation;4331,00;866,20;5197,20;photo floue;rejete
17/08/2023;Formation;95,99;19,20;115,19;perdu;valide
12/07/2023;Hotel;1500,00;300,00;1800,00;perdu;valide
25/12/2022;Telecom;500,50;100,10;600,60;oui;rejete
07/08/2022;Deplacement;1439,50;287,90;1727,40;photo floue;valide
07/12/2022;Hotel;150,50;30,10;180,60;oui;rejete
08/09/2023;Taxi/VTC;777,00;155,40;932,40;oui;en attente
25/06/2023;Transport;1108,00;221,60;1329,60;perdu;rejete
26/10/2023;Transport;800,00;160,00;960,00;photo floue;rejete
20/10/2023;Fournitures;400,00;80,00;480,00;oui;valide
10/03/2022;Fournitures;900,00;180,00;1080,00;oui;valide
04/02/2022;Taxi/VTC;1000,00;200,00;1200,00;oui;valide
29/04/2023;Telecom;1000,00;200,00;1200,00;oui;valide
11/11/2022;Informatique;500,99;100,20;601,19;photo floue;valide
25/03/2023;Deplacement;900,99;180,20;1081,19;photo floue;en attente
24/03/2023;Restaurant;700,50;140,10;840,60;perdu;valide
02/04/2023;Taxi/VTC;7000,50;1400,10;8400,60;photo floue;valide
15/02/2022;Fournitures;750,00;150,00;900,00;photo floue;en attente
15/05/2022;Formation;150,50;30,10;180,60;perdu;en attente
19/08/2022;Deplacement;4500,00;900,00;5400,00;non;valide
16/09/2022;Restaurant;2607,50;521,50;3129,00;oui;rejete
07/08/2022;Fournitures;2984,00;596,80;3580,80;oui;valide
28/04/2023;Formation;120,00;24,00;144,00;perdu;rejete
06/01/2022;Informatique;450,00;90,00;540,00;non;valide
19/01/2022;Deplacement;400,00;80,00;480,00;photo floue;en attente
03/05/2022;Formation;1000,00;200,00;1200,00;non;rejete
30/04/2022;Restaurant;1200,99;240,20;1441,19;oui;valide
02/11/2022;Fournitures;1000,50;200,10;1200,60;oui;rejete
20/07/2022;Fournitures;1200,00;240,00;1440,00;non;en attente
21/03/2023;Formation;2827,50;565,50;3393,00;photo floue;valide
24/12/2022;Representation;6000,00;1200,00;7200,00;perdu;rejete
12/10/2023;Hotel;200,00;40,00;240,00;photo floue;valide
16/06/2023;Restaurant;6000,00;1200,00;7200,00;oui;valide
29/10/2023;Taxi/VTC;900,00;180,00;1080,00;perdu;valide
22/11/2023;Representation;2084,00;416,80;2500,80;oui;valide
11/05/2023;Representation;400,00;80,00;480,00;non;en attente
05/02/2023;Informatique;175,50;35,10;210,60;oui;valide
14/06/2022;Formation;800,99;160,20;961,19;photo floue;rejete
17/02/2023;Telecom;75,00;15,00;90,00;perdu;valide
10/02/2023;Fournitures;600,50;120,10;720,60;oui;en attente
08/02/2022;Fournitures;504,99;101,00;605,99;non;en attente
10/02/2023;Transport;2286,00;457,20;2743,20;oui;rejete
27/10/2023;Hotel;800,00;160,00;960,00;oui;rejete
10/01/2023;Hotel;90,00;18,00;108,00;non;valide
11/09/2022;Hotel;300,50;60,10;360,60;perdu;en attente
14/08/2022;Restaurant;350,00;70,00;420,00;perdu;valide
17/09/2023;Transport;930,00;186,00;1116,00;non;en attente
29/07/2022;Informatique;400,00;80,00;480,00;perdu;rejete
02/03/2023;Informatique;750,50;150,10;900,60;non;rejete
23/11/2023;Formation;6000,99;1200,20;7201,19;perdu;rejete
05/09/2022;Hotel;300,00;60,00;360,00;oui;rejete
15/05/2022;Restaurant;4261,99;852,40;5114,39;non;rejete
10/01/2023;Taxi/VTC;5000,00;1000,00;6000,00;oui;valide
15/10/2022;Restaurant;4500,00;900,00;5400,00;non;en attente
21/03/2022;Restaurant;250,99;50,20;301,19;perdu;valide
27/01/2022;Taxi/VTC;300,00;60,00;360,00;oui;valide
18/05/2022;Fournitures;500,50;100,10;600,60;photo floue;valide
28/03/2023;Hotel;8500,00;1700,00;10200,00;perdu;en attente
19/02/2023;Transport;95,00;19,00;114,00;photo floue;rejete
16/06/2023;Hotel;1047,99;209,60;1257,59;perdu;rejete
12/05/2023;Transport;550,00;110,00;660,00;non;en attente
05/06/2023;Fournitures;4000,50;800,10;4800,60;photo floue;rejete
15/03/2022;Taxi/VTC;7500,00;1500,00;9000,00;non;en attente
24/05/2023;Transport;3029,00;605,80;3634,80;oui;valide
29/11/2022;Telecom;600,00;120,00;720,00;oui;en attente
11/08/2022;Restaurant;550,00;110,00;660,00;perdu;rejete
04/02/2023;Deplacement;700,00;140,00;840,00;oui;en attente
18/12/2022;Transport;600,99;120,20;721,19;perdu;valide
27/12/2022;Formation;200,00;40,00;240,00;non;en attente
19/05/2022;Taxi/VTC;2758,99;551,80;3310,79;perdu;rejete
19/12/2022;Representation;1500,00;300,00;1800,00;perdu;en attente
16/09/2022;Informatique;850,99;170,20;1021,19;oui;valide
01/07/2023;Deplacement;8000,00;1600,00;9600,00;photo floue;en attente
01/05/2022;Representation;4334,00;866,80;5200,80;oui;valide
19/08/2022;Transport;700,99;140,20;841,19;photo floue;rejete
09/05/2022;Telecom;3744,00;748,80;4492,80;oui;rejete
29/09/2022;Informatique;300,00;60,00;360,00;oui;en attente
27/05/2022;Telecom;650,99;130,20;781,19;non;en attente
15/03/2022;Deplacement;1000,99;200,20;1201,19;photo floue;en attente
25/06/2023;Taxi/VTC;1800,00;360,00;2160,00;perdu;rejete
08/01/2023;Formation;250,99;50,20;301,19;photo floue;valide
21/08/2022;Telecom;700,00;140,00;840,00;photo floue;en attente
23/01/2023;Transport;212,50;42,50;255,00;non;en attente
05/01/2022;Hotel;382,50;76,50;459,00;non;en attente
10/12/2022;Taxi/VTC;80,00;16,00;96,00;photo floue;rejete
05/03/2022;Fournitures;300,00;60,00;360,00;oui;en attente
04/06/2022;Formation;700,00;140,00;840,00;oui;rejete
06/03/2023;Taxi/VTC;700,99;140,20;841,19;perdu;valide
04/11/2022;Formation;250,50;50,10;300,60;non;valide
25/04/2023;Hotel;4800,00;960,00;5760,00;perdu;rejete
05/07/2023;Formation;750,00;150,00;900,00;non;valide
03/07/2022;Restaurant;950,50;190,10;1140,60;perdu;rejete
18/12/2022;Transport;550,00;110,00;660,00;perdu;valide
30/12/2022;Informatique;90,00;18,00;108,00;non;en attente
22/09/2023;Formation;450,00;90,00;540,00;non;en attente
22/05/2022;Hotel;2544,00;508,80;3052,80;photo floue;rejete
21/11/2022;Taxi/VTC;1571,00;314,20;1885,20;oui;valide
30/04/2022;Restaurant;200,50;40,10;240,60;non;rejete
17/02/2023;Restaurant;200,00;40,00;240,00;oui;valide
09/04/2022;Formation;750,00;150,00;900,00;oui;en attente
04/09/2022;Hotel;450,00;90,00;540,00;oui;rejete
18/08/2023;Representation;2000,00;400,00;2400,00;photo floue;rejete
04/10/2022;Telecom;4813,99;962,80;5776,79;perdu;valide
09/08/2023;Fournitures;9500,00;1900,00;11400,00;perdu;rejete
14/10/2022;Deplacement;450,00;90,00;540,00;perdu;rejete
29/08/2023;Formation;200,00;40,00;240,00;non;rejete
24/02/2023;Fournitures;1033,00;206,60;1239,60;photo floue;rejete
12/02/2023;Representation;1591,00;318,20;1909,20;oui;rejete
06/08/2023;Hotel;650,99;130,20;781,19;oui;valide
19/01/2023;Fournitures;4735,99;947,20;5683,19;non;valide
30/05/2023;Telecom;4765,00;953,00;5718,00;oui;valide
11/06/2022;Representation;750,00;150,00;900,00;perdu;en attente
30/07/2023;Taxi/VTC;300,50;60,10;360,60;photo floue;en attente
26/11/2022;Formation;300,00;60,00;360,00;photo floue;en attente
04/02/2023;Deplacement;450,99;90,20;541,19;photo floue;rejete
29/03/2022;Transport;4000,00;800,00;4800,00;non;rejete
26/03/2022;Telecom;1800,00;360,00;2160,00;non;en attente
03/07/2022;Telecom;300,99;60,20;361,19;oui;rejete
26/01/2023;Hotel;200,50;40,10;240,60;oui;valide
29/01/2022;Fournitures;550,99;110,20;661,19;photo floue;en attente
08/11/2023;Transport;4500,99;900,20;5401,19;non;en attente
18/08/2022;Deplacement;9999,00;1999,80;11998,80;oui;rejete
02/06/2022;Transport;90,00;18,00;108,00;oui;en attente
01/07/2023;Telecom;7500,00;1500,00;9000,00;photo floue;valide
14/03/2022;Informatique;750,50;150,10;900,60;non;rejete
22/08/2022;Informatique;4500,00;900,00;5400,00;oui;en attente
24/04/2023;Formation;2500,50;500,10;3000,60;photo floue;rejete
31/05/2023;Informatique;1800,00;360,00;2160,00;photo floue;en attente
15/02/2023;Informatique;600,00;120,00;720,00;perdu;rejete
14/02/2023;Transport;800,99;160,20;961,19;non;rejete
12/03/2023;Telecom;550,00;110,00;660,00;oui;en attente
16/06/2023;Informatique;850,50;170,10;1020,60;oui;en attente
14/09/2022;Telecom;1200,99;240,20;1441,19;oui;rejete
24/04/2022;Restaurant;3000,99;600,20;3601,19;perdu;en attente
02/07/2022;Taxi/VTC;900,99;180,20;1081,19;oui;rejete
23/10/2022;Representation;2567,00;513,40;3080,40;perdu;rejete
08/02/2023;Restaurant;3894,00;778,80;4672,80;photo floue;en attente
06/03/2022;Taxi/VTC;80,00;16,00;96,00;non;valide
08/01/2023;Informatique;250,00;50,00;300,00;non;rejete
16/05/2022;Taxi/VTC;9500,00;1900,00;11400,00;oui;valide
20/05/2022;Restaurant;400,00;80,00;480,00;oui;valide
17/04/2023;Telecom;950,99;190,20;1141,19;photo floue;valide
14/10/2023;Transport;1191,00;238,20;1429,20;perdu;valide
13/01/2023;Informatique;950,99;190,20;1141,19;non;valide
26/09/2022;Taxi/VTC;850,00;170,00;1020,00;oui;en attente
10/02/2023;Representation;4194,99;839,00;5033,99;perdu;rejete
10/08/2023;Informatique;1500,00;300,00;1800,00;non;valide
08/11/2023;Formation;1000,00;200,00;1200,00;oui;rejete
11/02/2023;Fournitures;120,00;24,00;144,00;perdu;valide
25/03/2022;Representation;3793,00;758,60;4551,60;perdu;en attente
08/03/2023;Deplacement;6000,00;1200,00;7200,00;photo floue;valide
23/09/2023;Restaurant;1000,00;200,00;1200,00;oui;en attente
23/10/2022;Transport;600,00;120,00;720,00;non;valide
31/05/2022;Deplacement;175,99;35,20;211,19;perdu;rejete
01/09/2022;Fournitures;2000,00;400,00;2400,00;non;rejete
23/09/2022;Informatique;1092,50;218,50;1311,00;oui;en attente
19/08/2023;Representation;100,50;20,10;120,60;non;rejete
14/08/2023;Formation;700,00;140,00;840,00;non;valide
13/06/2023;Representation;7000,00;1400,00;8400,00;perdu;rejete
30/11/2023;Deplacement;2500,00;500,00;3000,00;non;valide
06/01/2023;Informatique;451,99;90,40;542,39;non;en attente
10/05/2022;Formation;95,00;19,00;114,00;oui;valide
17/02/2022;Informatique;80,00;16,00;96,00;photo floue;rejete
01/03/2022;Restaurant;350,99;70,20;421,19;oui;en attente
24/05/2023;Restaurant;850,00;170,00;1020,00;photo floue;rejete
23/03/2022;Deplacement;4500,00;900,00;5400,00;oui;valide
21/10/2023;Telecom;1000,99;200,20;1201,19;non;rejete
05/08/2023;Formation;50,99;10,20;61,19;oui;rejete
04/04/2023;Restaurant;4500,00;900,00;5400,00;non;en attente
21/09/2023;Informatique;850,00;170,00;1020,00;oui;valide
27/02/2022;Taxi/VTC;6000,00;1200,00;7200,00;perdu;rejete
28/03/2022;Restaurant;200,00;40,00;240,00;non;rejete
11/08/2023;Fournitures;250,00;50,00;300,00;photo floue;en attente
28/05/2023;Hotel;500,00;100,00;600,00;oui;valide
06/11/2023;Informatique;80,50;16,10;96,60;perdu;rejete
11/07/2023;Informatique;100,00;20,00;120,00;perdu;rejete
19/02/2022;Formation;200,00;40,00;240,00;oui;rejete
14/10/2023;Representation;700,99;140,20;841,19;perdu;en attente
06/07/2022;Hotel;1800,00;360,00;2160,00;photo floue;rejete
10/02/2022;Transport;750,00;150,00;900,00;photo floue;valide
18/03/2022;Transport;800,00;160,00;960,00;perdu;rejete
16/10/2022;Formation;600,00;120,00;720,00;perdu;en attente
11/04/2023;Restaurant;1312,00;262,40;1574,40;perdu;en attente
06/03/2023;Telecom;350,00;70,00;420,00;non;valide
04/11/2022;Restaurant;2000,99;400,20;2401,19;perdu;en attente
04/02/2022;Informatique;8000,00;1600,00;9600,00;non;rejete
14/09/2023;Telecom;1200,00;240,00;1440,00;photo floue;en attente
19/01/2023;Representation;450,99;90,20;541,19;non;valide
12/08/2022;Representation;950,00;190,00;1140,00;photo floue;valide
28/04/2022;Fournitures;200,50;40,10;240,60;oui;en attente
14/10/2022;Formation;550,99;110,20;661,19;oui;valide
22/05/2023;Restaurant;700,99;140,20;841,19;oui;valide
20/11/2022;Restaurant;3317,00;663,40;3980,40;photo floue;valide
04/01/2022;Deplacement;9999,00;1999,80;11998,80;non;rejete
29/11/2023;Deplacement;250,50;50,10;300,60;photo floue;rejete
28/03/2023;Fournitures;90,50;18,10;108,60;perdu;rejete
29/06/2022;Formation;200,50;40,10;240,60;photo floue;rejete
06/02/2022;Fournitures;800,99;160,20;961,19;oui;valide
04/03/2022;Representation;450,00;90,00;540,00;oui;valide
04/08/2023;Fournitures;1095,00;219,00;1314,00;photo floue;valide
07/03/2022;Telecom;4598,00;919,60;5517,60;oui;en attente
20/11/2023;Restaurant;900,50;180,10;1080,60;perdu;valide
18/02/2023;Telecom;200,00;40,00;240,00;photo floue;rejete
31/03/2023;Hotel;600,99;120,20;721,19;non;valide
24/08/2022;Taxi/VTC;2294,00;458,80;2752,80;perdu;rejete
17/12/2022;Informatique;750,00;150,00;900,00;oui;rejete
11/11/2022;Representation;850,00;170,00;1020,00;perdu;rejete
02/01/2023;Restaurant;1697,00;339,40;2036,40;perdu;en attente
15/10/2023;Taxi/VTC;950,00;190,00;1140,00;non;valide
23/06/2022;Fournitures;600,00;120,00;720,00;perdu;valide
26/09/2023;Transport;4000,99;800,20;4801,19;perdu;en attente
07/02/2022;Formation;500,50;100,10;600,60;oui;en attente
05/09/2023;Transport;750,00;150,00;900,00;photo floue;en attente
09/01/2022;Fournitures;5000,00;1000,00;6000,00;perdu;valide
10/08/2022;Restaurant;1908,00;381,60;2289,60;perdu;valide
21/03/2022;Taxi/VTC;900,99;180,20;1081,19;perdu;rejete
14/11/2022;Deplacement;3245,00;649,00;3894,00;non;valide
25/11/2023;Informatique;1052,00;210,40;1262,40;non;valide
17/05/2022;Transport;1379,00;275,80;1654,80;photo floue;rejete
24/01/2022;Representation;650,50;130,10;780,60;non;valide
19/07/2022;Fournitures;5000,00;1000,00;6000,00;perdu;rejete
29/12/2022;Fournitures;900,50;180,10;1080,60;non;en attente
05/03/2023;Informatique;1000,99;200,20;1201,19;non;en attente
03/07/2023;Fournitures;950,00;190,00;1140,00;non;en attente
11/01/2023;Representation;812,00;162,40;974,40;oui;rejete
24/12/2022;Telecom;175,00;35,00;210,00;photo floue;valide
10/03/2023;Fournitures;550,00;110,00;660,00;oui;en attente
03/07/2022;Restaurant;3000,00;600,00;3600,00;perdu;en attente
20/01/2022;Restaurant;217,50;43,50;261,00;photo floue;en attente
29/01/2023;Restaurant;900,00;180,00;1080,00;photo floue;valide
05/01/2022;Taxi/VTC;550,00;110,00;660,00;oui;valide
08/01/2023;Transport;350,00;70,00;420,00;oui;en attente
06/04/2022;Telecom;6000,00;1200,00;7200,00;perdu;en attente
25/02/2023;Informatique;9000,00;1800,00;10800,00;non;rejete
27/12/2023;Fournitures;600,00;120,00;720,00;non;rejete
16/06/2023;Hotel;4500,00;900,00;5400,00;photo floue;rejete
14/12/2022;Informatique;2260,99;452,20;2713,19;photo floue;rejete
06/01/2022;Hotel;500,99;100,20;601,19;photo floue;valide
23/11/2023;Formation;50,00;10,00;60,00;oui;en attente
07/05/2023;Informatique;500,99;100,20;601,19;non;en attente
10/11/2022;Transport;8000,00;1600,00;9600,00;perdu;rejete
24/05/2022;Informatique;300,00;60,00;360,00;oui;en attente
01/11/2023;Informatique;1500,00;300,00;1800,00;non;rejete
09/05/2022;Informatique;9500,00;1900,00;11400,00;non;rejete
13/03/2022;Formation;1781,00;356,20;2137,20;photo floue;valide
01/03/2022;Formation;2000,00;400,00;2400,00;perdu;en attente
09/01/2023;Taxi/VTC;120,00;24,00;144,00;photo floue;rejete
23/07/2022;Informatique;500,00;100,00;600,00;non;valide
02/07/2022;Taxi/VTC;4500,00;900,00;5400,00;photo floue;rejete
04/05/2023;Restaurant;1196,00;239,20;1435,20;perdu;rejete
23/03/2023;Informatique;450,99;90,20;541,19;oui;en attente
02/01/2023;Deplacement;4134,00;826,80;4960,80;perdu;en attente
30/03/2023;Taxi/VTC;2000,00;400,00;2400,00;photo floue;en attente
15/12/2022;Deplacement;2677,50;535,50;3213,00;oui;rejete
25/11/2023;Telecom;1000,00;200,00;1200,00;oui;rejete
28/11/2023;Taxi/VTC;50,50;10,10;60,60;perdu;valide
26/08/2022;Representation;1000,99;200,20;1201,19;photo floue;rejete
12/12/2022;Representation;4500,00;900,00;5400,00;photo floue;en attente
13/03/2023;Representation;100,99;20,20;121,19;perdu;rejete
08/05/2023;Hotel;500,00;100,00;600,00;photo floue;rejete
15/04/2022;Taxi/VTC;7500,00;1500,00;9000,00;oui;en attente
24/05/2023;Formation;2500,00;500,00;3000,00;oui;rejete
04/05/2022;Fournitures;2534,50;506,90;3041,40;photo floue;valide
28/04/2022;Informatique;2618,99;523,80;3142,79;non;valide
16/07/2023;Fournitures;4893,99;978,80;5872,79;photo floue;en attente
22/10/2023;Formation;350,00;70,00;420,00;non;en attente
16/07/2022;Taxi/VTC;850,50;170,10;1020,60;non;valide
29/11/2022;Fournitures;2720,99;544,20;3265,19;photo floue;valide
29/07/2022;Fournitures;8000,00;1600,00;9600,00;perdu;rejete
23/04/2022;Informatique;2500,00;500,00;3000,00;oui;rejete
29/01/2022;Fournitures;2500,99;500,20;3001,19;oui;rejete
22/02/2023;Transport;1589,00;317,80;1906,80;oui;valide
15/11/2023;Fournitures;3000,00;600,00;3600,00;perdu;en attente
07/10/2023;Taxi/VTC;334,00;66,80;400,80;non;en attente
21/05/2023;Deplacement;1800,00;360,00;2160,00;perdu;rejete
09/10/2022;Deplacement;4981,00;996,20;5977,20;perdu;rejete
22/03/2023;Informatique;400,50;80,10;480,60;oui;en attente
19/08/2023;Fournitures;2149,00;429,80;2578,80;non;valide
12/12/2023;Informatique;80,99;16,20;97,19;photo floue;valide
16/08/2023;Informatique;1124,00;224,80;1348,80;oui;en attente
14/01/2022;Informatique;3500,00;700,00;4200,00;perdu;en attente
24/07/2023;Restaurant;2000,00;400,00;2400,00;non;valide
19/04/2023;Hotel;2077,00;415,40;2492,40;photo floue;valide
06/10/2022;Transport;7000,00;1400,00;8400,00;perdu;en attente
01/09/2022;Hotel;1800,00;360,00;2160,00;perdu;valide
10/01/2022;Telecom;1200,99;240,20;1441,19;perdu;valide
01/08/2023;Representation;2000,50;400,10;2400,60;oui;rejete
09/08/2023;Restaurant;350,99;70,20;421,19;photo floue;valide
18/08/2023;Transport;900,00;180,00;1080,00;non;rejete
20/10/2022;Hotel;1616,00;323,20;1939,20;oui;rejete
11/04/2022;Transport;696,99;139,40;836,39;oui;valide
22/03/2022;Deplacement;1995,99;399,20;2395,19;non;rejete
31/07/2022;Fournitures;90,00;18,00;108,00;perdu;valide
07/10/2022;Fournitures;120,99;24,20;145,19;perdu;rejete
15/11/2023;Representation;500,00;100,00;600,00;oui;valide
27/02/2023;Informatique;750,00;150,00;900,00;perdu;valide
18/09/2023;Hotel;8000,00;1600,00;9600,00;oui;valide
23/09/2022;Informatique;900,00;180,00;1080,00;photo floue;rejete
15/09/2023;Formation;3000,00;600,00;3600,00;perdu;en attente
17/02/2023;Hotel;4282,00;856,40;5138,40;perdu;en attente
23/07/2023;Informatique;2248,50;449,70;2698,20;perdu;en attente
01/03/2022;Informatique;900,00;180,00;1080,00;non;en attente
18/07/2023;Taxi/VTC;750,00;150,00;900,00;photo floue;en attente
05/08/2023;Fournitures;1859,00;371,80;2230,80;photo floue;en attente
28/09/2023;Deplacement;200,50;40,10;240,60;photo floue;valide
10/11/2023;Restaurant;2500,50;500,10;3000,60;non;en attente
19/06/2023;Transport;3000,00;600,00;3600,00;perdu;en attente
14/11/2023;Telecom;2449,99;490,00;2939,99;perdu;valide
10/01/2022;Telecom;750,00;150,00;900,00;photo floue;valide
02/01/2022;Transport;4074,00;814,80;4888,80;photo floue;valide
16/07/2022;Formation;9999,00;1999,80;11998,80;non;en attente
08/01/2023;Restaurant;200,00;40,00;240,00;perdu;en attente
29/01/2022;Deplacement;650,00;130,00;780,00;photo floue;en attente
08/05/2023;Restaurant;95,00;19,00;114,00;non;en attente
29/03/2022;Deplacement;2500,00;500,00;3000,00;oui;en attente
27/08/2022;Restaurant;1000,00;200,00;1200,00;photo floue;rejete
05/02/2023;Restaurant;4500,00;900,00;5400,00;non;valide
11/11/2022;Formation;120,00;24,00;144,00;photo floue;en attente
10/05/2023;Transport;700,00;140,00;840,00;oui;rejete
11/09/2022;Formation;800,00;160,00;960,00;photo floue;valide
22/04/2022;Representation;400,00;80,00;480,00;non;en attente
01/06/2022;Hotel;950,99;190,20;1141,19;perdu;valide
11/01/2023;Representation;2553,00;510,60;3063,60;oui;valide
21/01/2023;Taxi/VTC;5000,00;1000,00;6000,00;photo floue;rejete
11/07/2022;Deplacement;200,00;40,00;240,00;oui;valide
09/11/2022;Representation;1200,99;240,20;1441,19;oui;valide
09/06/2022;Deplacement;2000,50;400,10;2400,60;non;valide
01/03/2022;Transport;2328,00;465,60;2793,60;non;rejete
28/06/2022;Informatique;1772,50;354,50;2127,00;perdu;valide
21/09/2022;Representation;250,99;50,20;301,19;oui;rejete
19/11/2022;Informatique;900,00;180,00;1080,00;photo floue;valide
29/06/2022;Transport;2000,00;400,00;2400,00;perdu;valide
09/06/2023;Formation;7000,00;1400,00;8400,00;oui;en attente
20/06/2022;Formation;2958,00;591,60;3549,60;photo floue;valide
22/03/2023;Informatique;4155,99;831,20;4987,19;oui;valide
08/05/2022;Deplacement;2705,00;541,00;3246,00;photo floue;rejete
13/11/2023;Telecom;80,50;16,10;96,60;perdu;valide
09/09/2023;Fournitures;600,00;120,00;720,00;photo floue;en attente
18/02/2022;Transport;650,00;130,00;780,00;non;valide
01/09/2022;Telecom;200,00;40,00;240,00;photo floue;valide
05/05/2022;Transport;1500,00;300,00;1800,00;oui;rejete
04/06/2023;Taxi/VTC;850,00;170,00;1020,00;non;valide
10/11/2022;Transport;2000,00;400,00;2400,00;perdu;valide
29/07/2022;Representation;120,00;24,00;144,00;photo floue;en attente
06/10/2022;Hotel;3000,00;600,00;3600,00;oui;rejete
12/03/2023;Fournitures;3749,99;750,00;4499,99;photo floue;en attente
12/07/2023;Hotel;5000,00;1000,00;6000,00;perdu;en attente
01/11/2022;Hotel;700,50;140,10;840,60;non;valide
30/01/2023;Formation;800,00;160,00;960,00;oui;en attente
29/04/2022;Transport;500,99;100,20;601,19;non;valide
23/04/2023;Representation;3589,99;718,00;4307,99;photo floue;rejete
18/07/2022;Informatique;350,00;70,00;420,00;photo floue;rejete
05/08/2023;Fournitures;750,00;150,00;900,00;oui;en attente
07/02/2023;Telecom;4506,00;901,20;5407,20;non;rejete
21/03/2022;Informatique;4491,00;898,20;5389,20;perdu;valide
16/07/2022;Informatique;2977,50;595,50;3573,00;non;en attente
16/07/2023;Taxi/VTC;150,00;30,00;180,00;perdu;valide
04/07/2023;Formation;500,99;100,20;601,19;non;valide
30/10/2022;Hotel;550,00;110,00;660,00;perdu;rejete
04/05/2023;Telecom;3816,00;763,20;4579,20;photo floue;valide
02/12/2023;Restaurant;400,00;80,00;480,00;perdu;valide
13/09/2022;Representation;5500,00;1100,00;6600,00;photo floue;valide
20/09/2022;Representation;3000,00;600,00;3600,00;non;rejete
03/08/2022;Formation;816,99;163,40;980,39;non;en attente
09/04/2022;Representation;550,00;110,00;660,00;non;valide
22/08/2023;Representation;860,00;172,00;1032,00;photo floue;valide
15/01/2022;Informatique;200,00;40,00;240,00;photo floue;rejete
03/04/2023;Fournitures;800,00;160,00;960,00;photo floue;valide
26/06/2022;Representation;5000,00;1000,00;6000,00;perdu;rejete
15/05/2022;Representation;3803,00;760,60;4563,60;perdu;rejete
23/11/2022;Hotel;700,00;140,00;840,00;photo floue;en attente
27/09/2023;Transport;2500,99;500,20;3001,19;oui;rejete
17/05/2022;Taxi/VTC;1000,00;200,00;1200,00;non;en attente
06/08/2023;Taxi/VTC;75,00;15,00;90,00;non;rejete
08/04/2022;Informatique;850,00;170,00;1020,00;oui;en attente
21/05/2023;Taxi/VTC;2134,99;427,00;2561,99;oui;rejete
19/02/2022;Deplacement;3734,00;746,80;4480,80;non;rejete
05/07/2023;Restaurant;350,00;70,00;420,00;photo floue;rejete
24/07/2022;Formation;550,00;110,00;660,00;oui;en attente
07/01/2022;Hotel;2509,00;501,80;3010,80;non;en attente
11/07/2023;Restaurant;446,50;89,30;535,80;non;rejete
08/08/2022;Hotel;1500,00;300,00;1800,00;non;rejete
18/01/2022;Informatique;175,99;35,20;211,19;non;valide
07/03/2023;Restaurant;1500,50;300,10;1800,60;photo floue;en attente
25/03/2023;Transport;500,50;100,10;600,60;photo floue;valide
25/10/2023;Fournitures;80,00;16,00;96,00;oui;en attente
22/06/2022;Taxi/VTC;1406,99;281,40;1688,39;perdu;en attente
01/07/2023;Restaurant;1000,99;200,20;1201,19;oui;rejete
19/05/2023;Deplacement;800,99;160,20;961,19;oui;valide
20/08/2022;Informatique;800,00;160,00;960,00;perdu;en attente
12/11/2022;Formation;1200,50;240,10;1440,60;non;en attente
03/06/2022;Representation;3000,00;600,00;3600,00;perdu;rejete
20/07/2022;Deplacement;1800,99;360,20;2161,19;non;rejete
30/01/2023;Transport;1249,99;250,00;1499,99;oui;valide
27/02/2022;Fournitures;1800,99;360,20;2161,19;non;en attente
01/06/2023;Deplacement;1334,00;266,80;1600,80;perdu;en attente
13/12/2022;Representation;900,00;180,00;1080,00;photo floue;valide
27/09/2022;Taxi/VTC;950,00;190,00;1140,00;non;rejete
03/05/2022;Fournitures;7500,99;1500,20;9001,19;perdu;en attente
10/04/2022;Formation;3000,00;600,00;3600,00;oui;valide
24/03/2023;Formation;1334,00;266,80;1600,80;perdu;en attente
11/02/2022;Fournitures;90,50;18,10;108,60;perdu;valide
10/02/2022;Informatique;4500,00;900,00;5400,00;non;en attente
11/04/2023;Representation;250,99;50,20;301,19;perdu;en attente
18/04/2023;Taxi/VTC;750,00;150,00;900,00;oui;valide
18/07/2022;Fournitures;1500,50;300,10;1800,60;non;rejete
05/09/2022;Fournitures;900,00;180,00;1080,00;oui;rejete
18/04/2023;Deplacement;1100,99;220,20;1321,19;non;rejete
14/08/2023;Formation;1000,99;200,20;1201,19;photo floue;rejete
24/03/2022;Fournitures;5000,00;1000,00;6000,00;photo floue;en attente
16/07/2023;Deplacement;764,50;152,90;917,40;photo floue;valide
09/11/2022;Taxi/VTC;300,00;60,00;360,00;perdu;rejete
12/06/2023;Taxi/VTC;3726,00;745,20;4471,20;oui;en attente
05/02/2022;Taxi/VTC;2933,00;586,60;3519,60;oui;rejete
28/01/2023;Hotel;90,00;18,00;108,00;oui;valide
14/06/2023;Informatique;3500,50;700,10;4200,60;oui;valide
11/11/2023;Representation;1500,00;300,00;1800,00;photo floue;valide
18/12/2023;Informatique;750,00;150,00;900,00;non;en attente
30/08/2023;Restaurant;150,50;30,10;180,60;non;en attente
14/06/2023;Formation;900,00;180,00;1080,00;perdu;valide
24/09/2022;Formation;200,99;40,20;241,19;non;valide
08/11/2023;Transport;150,00;30,00;180,00;perdu;valide
13/02/2022;Fournitures;200,00;40,00;240,00;non;en attente
09/02/2023;Taxi/VTC;250,00;50,00;300,00;oui;valide
06/05/2022;Transport;750,99;150,20;901,19;perdu;rejete
19/07/2023;Fournitures;694,00;138,80;832,80;non;en attente
20/03/2022;Formation;9000,00;1800,00;10800,00;oui;valide
06/04/2023;Transport;1000,00;200,00;1200,00;oui;valide
21/11/2023;Restaurant;1411,00;282,20;1693,20;oui;valide
23/05/2023;Restaurant;750,00;150,00;900,00;oui;valide
17/03/2023;Telecom;400,00;80,00;480,00;non;rejete
18/07/2022;Fournitures;1800,00;360,00;2160,00;non;en attente
24/02/2022;Informatique;2457,00;491,40;2948,40;oui;rejete
18/07/2023;Transport;700,00;140,00;840,00;photo floue;rejete
23/12/2022;Telecom;4500,50;900,10;5400,60;non;en attente
06/02/2022;Hotel;7500,00;1500,00;9000,00;non;valide
05/09/2023;Transport;120,00;24,00;144,00;perdu;en attente
01/06/2022;Representation;900,00;180,00;1080,00;non;valide
18/09/2022;Informatique;6000,50;1200,10;7200,60;perdu;rejete
24/09/2022;Taxi/VTC;500,99;100,20;601,19;perdu;en attente
19/03/2022;Taxi/VTC;450,00;90,00;540,00;photo floue;valide
16/03/2023;Informatique;100,99;20,20;121,19;perdu;en attente
29/12/2022;Representation;800,00;160,00;960,00;non;rejete
05/02/2022;Restaurant;150,99;30,20;181,19;non;valide
04/06/2022;Fournitures;700,00;140,00;840,00;non;en attente
28/06/2023;Taxi/VTC;9500,00;1900,00;11400,00;oui;en attente
30/04/2023;Telecom;200,00;40,00;240,00;photo floue;rejete
11/11/2023;Hotel;2500,99;500,20;3001,19;oui;rejete
02/03/2022;Hotel;1000,50;200,10;1200,60;oui;valide
03/12/2022;Restaurant;3035,50;607,10;3642,60;photo floue;en attente
15/08/2023;Fournitures;3500,00;700,00;4200,00;perdu;en attente
04/10/2022;Telecom;3500,99;700,20;4201,19;perdu;rejete
06/06/2023;Transport;90,99;18,20;109,19;photo floue;en attente
02/12/2023;Fournitures;6000,00;1200,00;7200,00;photo floue;en attente
05/08/2023;Telecom;1238,00;247,60;1485,60;non;rejete
17/07/2022;Restaurant;271,50;54,30;325,80;photo floue;en attente
26/07/2023;Fournitures;800,50;160,10;960,60;non;valide
20/06/2022;Telecom;100,99;20,20;121,19;oui;valide
10/08/2023;Formation;900,00;180,00;1080,00;oui;rejete
30/11/2023;Informatique;450,00;90,00;540,00;photo floue;valide
12/12/2023;Hotel;80,99;16,20;97,19;oui;rejete
04/03/2023;Transport;100,00;20,00;120,00;perdu;en attente
02/07/2023;Telecom;1200,00;240,00;1440,00;oui;en attente
31/05/2022;Restaurant;8000,00;1600,00;9600,00;photo floue;rejete
30/12/2022;Formation;800,00;160,00;960,00;perdu;rejete
15/09/2022;Restaurant;950,50;190,10;1140,60;photo floue;valide
02/03/2023;Taxi/VTC;4500,00;900,00;5400,00;perdu;rejete
09/06/2022;Formation;1500,50;300,10;1800,60;perdu;en attente
17/11/2023;Representation;350,00;70,00;420,00;perdu;en attente
07/06/2023;Hotel;4785,00;957,00;5742,00;oui;rejete
21/10/2023;Representation;600,00;120,00;720,00;non;en attente
27/06/2022;Restaurant;700,00;140,00;840,00;photo floue;valide
22/01/2022;Telecom;300,00;60,00;360,00;perdu;rejete
19/10/2022;Telecom;4021,50;804,30;4825,80;non;en attente
04/09/2022;Deplacement;800,00;160,00;960,00;oui;rejete
03/10/2023;Restaurant;1800,00;360,00;2160,00;non;valide
31/12/2022;Deplacement;3879,00;775,80;4654,80;photo floue;rejete
13/12/2023;Restaurant;700,99;140,20;841,19;photo floue;rejete
26/06/2023;Taxi/VTC;4500,00;900,00;5400,00;non;en attente
28/05/2023;Representation;9500,00;1900,00;11400,00;oui;en attente
30/03/2022;Fournitures;2519,50;503,90;3023,40;non;en attente
10/10/2023;Restaurant;800,99;160,20;961,19;perdu;rejete
17/01/2023;Representation;800,00;160,00;960,00;oui;rejete
05/03/2022;Formation;600,00;120,00;720,00;non;valide
03/03/2023;Hotel;513,00;102,60;615,60;oui;en attente
23/10/2023;Informatique;604,50;120,90;725,40;perdu;valide
30/09/2022;Deplacement;80,99;16,20;97,19;perdu;en attente
12/07/2023;Fournitures;595,00;119,00;714,00;photo floue;en attente
11/03/2022;Informatique;2000,00;400,00;2400,00;photo floue;rejete
05/10/2023;Hotel;950,00;190,00;1140,00;oui;rejete
15/11/2023;Restaurant;350,50;70,10;420,60;perdu;rejete
02/01/2023;Telecom;4500,99;900,20;5401,19;perdu;en attente
20/02/2023;Representation;1500,99;300,20;1801,19;photo floue;en attente
02/04/2023;Fournitures;200,99;40,20;241,19;oui;valide
08/09/2023;Hotel;950,00;190,00;1140,00;non;en attente
25/02/2022;Restaurant;850,00;170,00;1020,00;non;en attente
30/01/2023;Representation;9000,50;1800,10;10800,60;perdu;valide
31/03/2023;Fournitures;800,99;160,20;961,19;non;rejete
21/04/2023;Fournitures;2500,00;500,00;3000,00;non;en attente
27/07/2023;Transport;90,00;18,00;108,00;non;en attente
01/03/2023;Hotel;394,00;78,80;472,80;perdu;valide
07/03/2022;Deplacement;950,00;190,00;1140,00;perdu;valide
27/03/2023;Fournitures;100,00;20,00;120,00;perdu;valide
07/01/2022;Fournitures;1321,50;264,30;1585,80;perdu;rejete
27/08/2022;Informatique;850,50;170,10;1020,60;oui;valide
22/05/2022;Representation;250,99;50,20;301,19;non;valide
23/06/2022;Restaurant;250,00;50,00;300,00;photo floue;rejete
22/04/2023;Representation;1000,00;200,00;1200,00;non;en attente
15/11/2022;Transport;5000,00;1000,00;6000,00;non;en attente
25/12/2023;Formation;4671,00;934,20;5605,20;perdu;valide
20/12/2023;Restaurant;250,00;50,00;300,00;oui;rejete
07/06/2022;Formation;800,99;160,20;961,19;oui;rejete
31/12/2023;Representation;550,00;110,00;660,00;oui;valide
19/01/2023;Transport;2500,50;500,10;3000,60;photo floue;valide
17/01/2023;Representation;500,00;100,00;600,00;non;en attente
09/05/2023;Telecom;90,00;18,00;108,00;non;rejete
05/04/2022;Deplacement;3714,00;742,80;4456,80;non;valide
21/07/2023;Fournitures;5500,00;1100,00;6600,00;photo floue;rejete
02/06/2022;Transport;4220,99;844,20;5065,19;perdu;valide
17/08/2022;Hotel;400,00;80,00;480,00;non;valide
02/07/2022;Telecom;2519,00;503,80;3022,80;non;en attente
12/01/2023;Fournitures;250,00;50,00;300,00;oui;rejete
03/05/2022;Informatique;8000,00;1600,00;9600,00;non;rejete
11/09/2022;Restaurant;650,00;130,00;780,00;perdu;en attente
09/11/2022;Fournitures;800,99;160,20;961,19;photo floue;rejete
26/04/2023;Hotel;4677,00;935,40;5612,40;oui;en attente
31/03/2023;Hotel;650,50;130,10;780,60;photo floue;valide
19/08/2022;Formation;480,00;96,00;576,00;oui;rejete
09/09/2023;Formation;1000,00;200,00;1200,00;non;rejete
19/10/2022;Formation;3000,99;600,20;3601,19;perdu;rejete
14/12/2023;Hotel;800,50;160,10;960,60;photo floue;rejete
05/05/2023;Telecom;4000,00;800,00;4800,00;non;rejete
23/12/2023;Informatique;1200,99;240,20;1441,19;non;rejete
21/08/2022;Transport;1000,00;200,00;1200,00;oui;rejete
14/08/2022;Hotel;4668,00;933,60;5601,60;photo floue;valide
24/06/2023;Fournitures;3500,00;700,00;4200,00;non;valide
11/07/2023;Informatique;4500,00;900,00;5400,00;non;en attente
13/04/2022;Telecom;1800,00;360,00;2160,00;oui;en attente
17/07/2022;Informatique;7500,50;1500,10;9000,60;non;valide
05/03/2023;Transport;3106,00;621,20;3727,20;non;rejete
10/12/2023;Transport;5000,50;1000,10;6000,60;oui;rejete
27/07/2023;Formation;800,00;160,00;960,00;non;en attente
02/06/2023;Hotel;4500,00;900,00;5400,00;non;valide
30/04/2023;Hotel;1331,00;266,20;1597,20;non;valide
12/10/2023;Telecom;100,00;20,00;120,00;photo floue;en attente
02/08/2023;Informatique;800,00;160,00;960,00;perdu;en attente
27/12/2022;Restaurant;2500,00;500,00;3000,00;non;en attente
18/02/2022;Formation;1500,00;300,00;1800,00;photo floue;rejete
20/04/2022;Taxi/VTC;700,00;140,00;840,00;photo floue;en attente
30/12/2023;Deplacement;200,50;40,10;240,60;non;en attente
10/01/2022;Representation;450,50;90,10;540,60;perdu;valide
01/06/2023;Hotel;1800,00;360,00;2160,00;photo floue;valide
19/10/2023;Deplacement;800,50;160,10;960,60;perdu;en attente
27/02/2023;Hotel;517,00;103,40;620,40;oui;en attente
14/10/2022;Telecom;500,50;100,10;600,60;photo floue;rejete
13/01/2022;Transport;2883,00;576,60;3459,60;perdu;rejete
18/07/2023;Representation;700,99;140,20;841,19;non;rejete
12/10/2023;Formation;250,00;50,00;300,00;oui;rejete
04/10/2022;Telecom;300,00;60,00;360,00;non;valide
29/09/2023;Restaurant;2000,00;400,00;2400,00;photo floue;valide
02/02/2023;Telecom;1368,00;273,60;1641,60;perdu;rejete
16/03/2023;Representation;1192,00;238,40;1430,40;non;en attente
19/04/2022;Fournitures;2000,00;400,00;2400,00;photo floue;en attente
09/08/2023;Taxi/VTC;3500,50;700,10;4200,60;perdu;en attente
19/09/2022;Taxi/VTC;4553,50;910,70;5464,20;perdu;en attente
01/11/2023;Representation;3352,00;670,40;4022,40;non;valide
20/11/2023;Formation;95,99;19,20;115,19;perdu;en attente
23/01/2023;Formation;2063,99;412,80;2476,79;non;rejete
03/06/2022;Representation;700,00;140,00;840,00;perdu;valide
26/10/2023;Transport;2770,50;554,10;3324,60;photo floue;en attente
08/01/2022;Taxi/VTC;1200,00;240,00;1440,00;oui;rejete
10/08/2022;Fournitures;700,00;140,00;840,00;photo floue;en attente
13/05/2022;Telecom;100,00;20,00;120,00;non;valide
06/05/2022;Restaurant;500,00;100,00;600,00;photo floue;valide
02/11/2022;Fournitures;8000,00;1600,00;9600,00;oui;en attente
20/02/2023;Restaurant;799,50;159,90;959,40;oui;valide
18/02/2023;Fournitures;90,00;18,00;108,00;perdu;rejete
19/11/2022;Fournitures;750,99;150,20;901,19;non;rejete
21/06/2022;Taxi/VTC;1909,99;382,00;2291,99;oui;rejete
11/04/2022;Taxi/VTC;3000,00;600,00;3600,00;perdu;valide
10/11/2023;Taxi/VTC;600,00;120,00;720,00;non;valide
09/01/2022;Taxi/VTC;450,99;90,20;541,19;perdu;rejete
27/08/2022;Hotel;900,00;180,00;1080,00;non;rejete
07/09/2023;Fournitures;800,50;160,10;960,60;perdu;en attente
12/12/2023;Deplacement;700,00;140,00;840,00;non;rejete
24/06/2023;Formation;5500,00;1100,00;6600,00;non;valide
01/07/2023;Representation;120,99;24,20;145,19;photo floue;valide
20/01/2022;Formation;352,00;70,40;422,40;non;en attente
03/12/2023;Formation;950,00;190,00;1140,00;oui;en attente
10/09/2023;Taxi/VTC;950,50;190,10;1140,60;perdu;en attente
19/04/2022;Transport;75,99;15,20;91,19;photo floue;valide
08/02/2023;Taxi/VTC;150,00;30,00;180,00;oui;en attente
04/08/2023;Taxi/VTC;400,00;80,00;480,00;perdu;en attente
19/02/2023;Deplacement;1200,50;240,10;1440,60;oui;rejete
11/04/2022;Formation;900,99;180,20;1081,19;oui;rejete
01/06/2023;Representation;2484,99;497,00;2981,99;non;rejete
04/08/2023;Deplacement;5000,00;1000,00;6000,00;perdu;valide
27/03/2023;Formation;100,50;20,10;120,60;non;rejete
01/03/2023;Informatique;3078,00;615,60;3693,60;perdu;rejete
04/07/2023;Transport;350,00;70,00;420,00;perdu;valide
11/08/2023;Restaurant;75,00;15,00;90,00;photo floue;en attente
15/09/2022;Deplacement;900,00;180,00;1080,00;oui;en attente
19/08/2023;Transport;250,00;50,00;300,00;photo floue;en attente
06/08/2023;Restaurant;7000,50;1400,10;8400,60;photo floue;rejete
01/11/2022;Representation;900,50;180,10;1080,60;photo floue;en attente
07/07/2023;Telecom;300,99;60,20;361,19;photo floue;valide
21/11/2023;Restaurant;3306,00;661,20;3967,20;non;en attente
15/02/2022;Deplacement;150,00;30,00;180,00;photo floue;en attente
17/03/2022;Formation;1000,50;200,10;1200,60;perdu;rejete
03/02/2023;Hotel;3500,50;700,10;4200,60;oui;valide
10/11/2022;Deplacement;5000,00;1000,00;6000,00;photo floue;valide
06/12/2023;Telecom;4500,00;900,00;5400,00;photo floue;rejete
26/04/2023;Transport;3000,00;600,00;3600,00;oui;rejete
27/03/2023;Deplacement;5000,99;1000,20;6001,19;perdu;valide
19/12/2022;Taxi/VTC;700,00;140,00;840,00;oui;valide
18/08/2023;Deplacement;1500,00;300,00;1800,00;oui;valide
26/01/2022;Restaurant;275,00;55,00;330,00;oui;rejete
24/09/2022;Fournitures;850,00;170,00;1020,00;perdu;rejete
01/09/2022;Restaurant;2000,00;400,00;2400,00;oui;en attente
18/12/2023;Fournitures;90,50;18,10;108,60;perdu;rejete
27/08/2023;Representation;9999,00;1999,80;11998,80;non;rejete
11/08/2022;Restaurant;600,00;120,00;720,00;non;valide
01/05/2023;Representation;1500,00;300,00;1800,00;oui;rejete
02/06/2023;Fournitures;9000,50;1800,10;10800,60;non;rejete
25/06/2023;Transport;800,00;160,00;960,00;perdu;en attente
11/11/2023;Informatique;450,00;90,00;540,00;perdu;en attente
26/10/2023;Fournitures;950,50;190,10;1140,60;oui;en attente
11/08/2023;Transport;3794,00;758,80;4552,80;perdu;valide
04/11/2023;Formation;550,99;110,20;661,19;photo floue;en attente
31/12/2022;Fournitures;750,99;150,20;901,19;photo floue;rejete
21/10/2023;Telecom;800,00;160,00;960,00;oui;rejete
30/12/2022;Telecom;2085,00;417,00;2502,00;photo floue;valide
08/03/2023;Taxi/VTC;350,50;70,10;420,60;photo floue;valide
07/02/2022;Fournitures;3997,99;799,60;4797,59;photo floue;en attente
10/10/2023;Telecom;4502,00;900,40;5402,40;perdu;en attente
24/02/2023;Restaurant;1501,99;300,40;1802,39;perdu;en attente
27/02/2022;Deplacement;800,00;160,00;960,00;perdu;rejete
19/03/2022;Deplacement;7500,99;1500,20;9001,19;photo floue;en attente
19/10/2023;Deplacement;4500,00;900,00;5400,00;perdu;en attente
07/10/2023;Restaurant;6000,00;1200,00;7200,00;non;en attente
27/06/2022;Restaurant;50,00;10,00;60,00;photo floue;rejete
01/03/2023;Formation;950,50;190,10;1140,60;perdu;rejete
10/12/2022;Formation;500,00;100,00;600,00;oui;en attente
11/04/2023;Telecom;2500,50;500,10;3000,60;perdu;rejete
27/12/2022;Fournitures;700,50;140,10;840,60;oui;en attente
18/12/2023;Taxi/VTC;6000,99;1200,20;7201,19;non;valide
30/04/2023;Fournitures;3500,00;700,00;4200,00;perdu;en attente
03/06/2023;Fournitures;3943,99;788,80;4732,79;non;en attente
01/09/2023;Deplacement;8000,00;1600,00;9600,00;oui;valide
17/01/2022;Informatique;8000,50;1600,10;9600,60;non;en attente
07/04/2022;Informatique;550,99;110,20;661,19;non;en attente
01/04/2022;Telecom;1645,99;329,20;1975,19;perdu;en attente
17/05/2023;Deplacement;2500,99;500,20;3001,19;perdu;valide
07/12/2022;Telecom;600,00;120,00;720,00;photo floue;en attente
21/02/2023;Informatique;2579,99;516,00;3095,99;perdu;en attente
24/10/2022;Restaurant;75,99;15,20;91,19;oui;en attente
06/08/2022;Restaurant;100,00;20,00;120,00;perdu;rejete
16/06/2022;Restaurant;500,99;100,20;601,19;photo floue;valide
27/03/2023;Taxi/VTC;1500,00;300,00;1800,00;oui;en attente
26/02/2023;Deplacement;5500,99;1100,20;6601,19;oui;rejete
03/11/2022;Transport;1025,00;205,00;1230,00;oui;valide
20/01/2022;Formation;7500,99;1500,20;9001,19;perdu;en attente
15/02/2023;Informatique;100,00;20,00;120,00;photo floue;rejete
14/09/2022;Informatique;7000,50;1400,10;8400,60;photo floue;valide
21/03/2023;Informatique;5000,50;1000,10;6000,60;non;valide
27/12/2022;Taxi/VTC;3500,00;700,00;4200,00;non;valide
27/02/2023;Informatique;300,00;60,00;360,00;perdu;rejete
23/12/2023;Transport;3000,00;600,00;3600,00;non;en attente
23/01/2022;Taxi/VTC;9000,50;1800,10;10800,60;photo floue;rejete
04/09/2022;Informatique;2707,99;541,60;3249,59;non;en attente
28/05/2023;Taxi/VTC;3500,99;700,20;4201,19;non;rejete
17/11/2023;Informatique;800,00;160,00;960,00;photo floue;rejete
04/08/2023;Formation;500,50;100,10;600,60;photo floue;rejete
10/10/2022;Taxi/VTC;250,50;50,10;300,60;non;rejete
22/09/2023;Formation;1200,00;240,00;1440,00;non;en attente
03/07/2022;Informatique;3000,00;600,00;3600,00;non;en attente
27/05/2023;Fournitures;3678,00;735,60;4413,60;photo floue;rejete
24/12/2022;Deplacement;800,00;160,00;960,00;perdu;en attente
27/05/2022;Fournitures;5000,00;1000,00;6000,00;non;rejete
17/09/2022;Formation;600,00;120,00;720,00;photo floue;en attente
15/08/2022;Transport;250,50;50,10;300,60;oui;en attente
24/12/2023;Restaurant;800,99;160,20;961,19;photo floue;valide
14/05/2023;Representation;95,00;19,00;114,00;non;valide
04/08/2022;Transport;4128,00;825,60;4953,60;perdu;valide
02/12/2023;Representation;325,00;65,00;390,00;oui;en attente
15/10/2023;Hotel;2540,99;508,20;3049,19;perdu;valide
21/10/2023;Deplacement;650,50;130,10;780,60;perdu;rejete
29/07/2023;Restaurant;150,00;30,00;180,00;perdu;valide
30/05/2022;Telecom;2441,00;488,20;2929,20;perdu;en attente
10/06/2023;Taxi/VTC;4785,00;957,00;5742,00;oui;valide
30/07/2023;Transport;450,50;90,10;540,60;perdu;valide
03/06/2022;Telecom;200,00;40,00;240,00;photo floue;valide
22/10/2022;Telecom;75,99;15,20;91,19;photo floue;en attente
09/11/2022;Taxi/VTC;550,99;110,20;661,19;perdu;valide
05/10/2023;Deplacement;2000,00;400,00;2400,00;photo floue;valide
04/08/2022;Fournitures;300,99;60,20;361,19;oui;en attente
31/01/2023;Informatique;7500,00;1500,00;9000,00;non;valide
21/05/2022;Deplacement;850,00;170,00;1020,00;oui;rejete
03/04/2022;Transport;90,00;18,00;108,00;perdu;en attente
02/07/2022;Telecom;9000,00;1800,00;10800,00;oui;valide
16/02/2022;Formation;2500,00;500,00;3000,00;non;rejete
09/02/2022;Formation;650,00;130,00;780,00;oui;rejete
03/11/2023;Formation;350,50;70,10;420,60;photo floue;valide
01/12/2023;Formation;600,00;120,00;720,00;perdu;en attente
09/10/2023;Hotel;300,50;60,10;360,60;photo floue;en attente
07/08/2022;Transport;4000,99;800,20;4801,19;oui;en attente
30/03/2023;Deplacement;1800,00;360,00;2160,00;non;valide
04/05/2023;Formation;4500,00;900,00;5400,00;oui;en attente
22/10/2023;Representation;550,00;110,00;660,00;oui;valide
03/05/2023;Fournitures;900,00;180,00;1080,00;photo floue;valide
03/03/2022;Telecom;120,99;24,20;145,19;perdu;valide
08/04/2023;Taxi/VTC;450,50;90,10;540,60;non;valide
29/10/2022;Transport;7000,00;1400,00;8400,00;perdu;en attente
21/11/2022;Representation;650,50;130,10;780,60;oui;en attente
16/09/2022;Restaurant;950,00;190,00;1140,00;oui;en attente
04/11/2022;Deplacement;350,50;70,10;420,60;photo floue;rejete
03/12/2023;Taxi/VTC;900,00;180,00;1080,00;oui;rejete
26/01/2022;Informatique;2500,50;500,10;3000,60;oui;valide
01/06/2022;Informatique;2000,99;400,20;2401,19;non;rejete
15/08/2023;Hotel;800,99;160,20;961,19;photo floue;rejete
23/09/2022;Representation;700,50;140,10;840,60;oui;rejete
11/04/2023;Fournitures;500,00;100,00;600,00;non;en attente
13/08/2022;Formation;786,00;157,20;943,20;oui;en attente
31/10/2023;Deplacement;900,99;180,20;1081,19;perdu;en attente
20/05/2022;Representation;450,50;90,10;540,60;photo floue;en attente
20/03/2022;Deplacement;3000,99;600,20;3601,19;photo floue;en attente
29/01/2022;Informatique;200,00;40,00;240,00;photo floue;valide
10/09/2022;Deplacement;404,00;80,80;484,80;non;valide
29/01/2022;Informatique;450,50;90,10;540,60;oui;valide
01/09/2023;Taxi/VTC;8500,00;1700,00;10200,00;non;rejete
07/07/2022;Representation;1000,99;200,20;1201,19;oui;valide
13/05/2023;Restaurant;120,00;24,00;144,00;oui;rejete
24/07/2022;Deplacement;1800,00;360,00;2160,00;non;en attente
14/12/2022;Representation;4500,00;900,00;5400,00;perdu;valide
28/10/2022;Deplacement;350,00;70,00;420,00;photo floue;en attente
11/04/2023;Fournitures;950,00;190,00;1140,00;oui;rejete
02/05/2023;Deplacement;1000,00;200,00;1200,00;perdu;valide
16/04/2022;Deplacement;3000,99;600,20;3601,19;oui;valide
30/08/2023;Fournitures;6000,00;1200,00;7200,00;perdu;rejete
23/12/2023;Hotel;1500,50;300,10;1800,60;oui;valide
07/03/2023;Formation;350,00;70,00;420,00;photo floue;rejete
06/12/2023;Transport;3013,00;602,60;3615,60;photo floue;valide
05/03/2022;Deplacement;700,00;140,00;840,00;perdu;rejete
16/02/2022;Formation;2500,99;500,20;3001,19;photo floue;valide
31/08/2022;Fournitures;100,00;20,00;120,00;non;en attente
17/02/2023;Informatique;205,99;41,20;247,19;photo floue;rejete
05/11/2023;Taxi/VTC;3318,00;663,60;3981,60;oui;valide
13/11/2022;Telecom;150,50;30,10;180,60;non;valide
04/11/2023;Restaurant;9000,00;1800,00;10800,00;photo floue;en attente
11/10/2023;Restaurant;550,50;110,10;660,60;perdu;en attente
18/11/2022;Taxi/VTC;350,50;70,10;420,60;oui;en attente
25/03/2023;Transport;1800,00;360,00;2160,00;perdu;valide
19/08/2022;Restaurant;100,00;20,00;120,00;non;en attente
03/04/2022;Hotel;751,00;150,20;901,20;non;valide
03/11/2022;Transport;650,50;130,10;780,60;photo floue;rejete
07/02/2023;Transport;1000,50;200,10;1200,60;oui;valide
24/08/2022;Telecom;350,99;70,20;421,19;non;rejete
24/11/2022;Taxi/VTC;200,50;40,10;240,60;oui;rejete
21/12/2022;Fournitures;350,00;70,00;420,00;oui;en attente
09/10/2022;Transport;650,00;130,00;780,00;photo floue;en attente
21/11/2023;Telecom;2617,00;523,40;3140,40;non;valide
06/05/2023;Fournitures;639,50;127,90;767,40;perdu;en attente
23/12/2022;Taxi/VTC;100,00;20,00;120,00;photo floue;valide
08/06/2023;Transport;200,00;40,00;240,00;photo floue;rejete
18/01/2023;Deplacement;1000,00;200,00;1200,00;perdu;en attente
15/03/2022;Fournitures;9999,99;2000,00;11999,99;non;en attente
08/07/2023;Deplacement;9000,00;1800,00;10800,00;non;rejete
03/02/2022;Restaurant;3214,99;643,00;3857,99;non;rejete
01/11/2023;Representation;450,00;90,00;540,00;perdu;valide
12/01/2023;Taxi/VTC;800,50;160,10;960,60;perdu;rejete
09/05/2022;Hotel;50,00;10,00;60,00;oui;valide
23/01/2023;Informatique;850,00;170,00;1020,00;perdu;en attente
04/06/2023;Hotel;800,00;160,00;960,00;perdu;en attente
27/01/2022;Formation;400,99;80,20;481,19;perdu;rejete
26/12/2023;Telecom;3932,00;786,40;4718,40;non;en attente
22/04/2023;Fournitures;600,00;120,00;720,00;photo floue;valide
11/09/2023;Telecom;613,00;122,60;735,60;perdu;valide
26/07/2023;Deplacement;9999,00;1999,80;11998,80;non;rejete
22/12/2022;Telecom;900,00;180,00;1080,00;non;valide
12/07/2023;Restaurant;1000,50;200,10;1200,60;oui;valide
13/11/2022;Restaurant;487,00;97,40;584,40;perdu;rejete
09/07/2022;Telecom;750,99;150,20;901,19;oui;en attente
30/12/2022;Restaurant;2000,00;400,00;2400,00;oui;valide
22/05/2023;Transport;5500,00;1100,00;6600,00;photo floue;valide
09/11/2022;Fournitures;2792,00;558,40;3350,40;non;rejete
13/04/2023;Fournitures;2900,00;580,00;3480,00;perdu;rejete
13/02/2023;Taxi/VTC;450,00;90,00;540,00;oui;en attente
27/02/2022;Transport;175,99;35,20;211,19;perdu;rejete
05/09/2023;Taxi/VTC;5000,00;1000,00;6000,00;oui;rejete
03/08/2023;Fournitures;2000,00;400,00;2400,00;non;en attente
01/03/2023;Transport;2500,99;500,20;3001,19;photo floue;rejete
23/04/2022;Restaurant;8000,00;1600,00;9600,00;oui;valide
09/12/2023;Deplacement;3515,00;703,00;4218,00;perdu;rejete
26/05/2022;Hotel;4855,00;971,00;5826,00;photo floue;rejete
26/01/2023;Informatique;700,99;140,20;841,19;oui;en attente
26/03/2023;Representation;5000,00;1000,00;6000,00;non;valide
08/06/2022;Restaurant;95,00;19,00;114,00;perdu;en attente
12/05/2023;Hotel;1500,00;300,00;1800,00;photo floue;en attente
02/08/2022;Telecom;1937,99;387,60;2325,59;oui;rejete
27/09/2022;Transport;675,00;135,00;810,00;non;valide
10/11/2023;Formation;750,00;150,00;900,00;perdu;en attente
27/01/2023;Fournitures;400,99;80,20;481,19;non;valide
08/09/2023;Representation;3500,00;700,00;4200,00;non;valide
28/09/2023;Taxi/VTC;350,00;70,00;420,00;non;valide
21/11/2023;Telecom;95,00;19,00;114,00;photo floue;rejete
17/06/2022;Fournitures;9999,00;1999,80;11998,80;oui;rejete
19/01/2023;Taxi/VTC;527,50;105,50;633,00;photo floue;rejete
20/02/2022;Representation;750,00;150,00;900,00;photo floue;en attente
11/03/2023;Telecom;1222,00;244,40;1466,40;perdu;en attente
30/07/2022;Transport;2500,99;500,20;3001,19;non;en attente
06/01/2023;Informatique;500,99;100,20;601,19;non;rejete
06/01/2023;Representation;300,00;60,00;360,00;non;valide
26/07/2023;Formation;750,00;150,00;900,00;photo floue;valide
30/01/2023;Representation;2507,00;501,40;3008,40;perdu;rejete
01/04/2022;Telecom;450,00;90,00;540,00;photo floue;valide
13/11/2023;Fournitures;800,00;160,00;960,00;non;en attente
01/11/2022;Deplacement;650,99;130,20;781,19;photo floue;rejete
18/07/2022;Telecom;750,00;150,00;900,00;perdu;rejete
13/01/2022;Taxi/VTC;400,99;80,20;481,19;oui;rejete
28/07/2023;Deplacement;1000,00;200,00;1200,00;non;valide
08/06/2022;Representation;8500,50;1700,10;10200,60;perdu;en attente
06/09/2023;Hotel;1000,00;200,00;1200,00;perdu;rejete
11/04/2022;Taxi/VTC;1000,00;200,00;1200,00;photo floue;rejete
01/02/2022;Transport;1443,00;288,60;1731,60;perdu;rejete
15/06/2023;Transport;900,00;180,00;1080,00;non;en attente
12/10/2022;Hotel;2415,00;483,00;2898,00;oui;valide
12/11/2022;Fournitures;850,50;170,10;1020,60;perdu;en attente
27/05/2023;Telecom;5000,99;1000,20;6001,19;non;en attente
15/01/2022;Fournitures;4513,99;902,80;5416,79;oui;en attente
05/01/2022;Telecom;150,50;30,10;180,60;perdu;valide
16/09/2023;Transport;650,00;130,00;780,00;non;valide
13/05/2022;Deplacement;5000,00;1000,00;6000,00;photo floue;en attente
17/02/2022;Telecom;650,99;130,20;781,19;photo floue;en attente
23/10/2022;Representation;150,00;30,00;180,00;photo floue;rejete
15/01/2022;Taxi/VTC;9000,00;1800,00;10800,00;photo floue;valide
30/10/2023;Deplacement;750,99;150,20;901,19;perdu;valide
30/06/2023;Telecom;450,00;90,00;540,00;perdu;en attente
30/06/2022;Hotel;800,00;160,00;960,00;perdu;valide
22/06/2022;Transport;6000,00;1200,00;7200,00;photo floue;rejete
06/01/2022;Representation;750,99;150,20;901,19;photo floue;rejete
02/11/2022;Formation;1084,00;216,80;1300,80;non;valide
16/05/2022;Restaurant;1000,99;200,20;1201,19;photo floue;valide
05/01/2023;Restaurant;850,00;170,00;1020,00;perdu;en attente
14/03/2022;Representation;300,99;60,20;361,19;perdu;rejete
15/11/2022;Transport;2952,99;590,60;3543,59;photo floue;rejete
25/05/2022;Formation;500,00;100,00;600,00;non;en attente
04/09/2023;Fournitures;6000,00;1200,00;7200,00;photo floue;valide
29/08/2023;Telecom;150,00;30,00;180,00;non;en attente
11/01/2022;Taxi/VTC;700,00;140,00;840,00;photo floue;rejete
12/01/2022;Restaurant;4000,99;800,20;4801,19;oui;valide
12/03/2022;Restaurant;2500,00;500,00;3000,00;non;rejete
25/06/2023;Informatique;1000,50;200,10;1200,60;non;en attente
29/04/2022;Representation;3697,00;739,40;4436,40;non;valide
01/07/2023;Hotel;4500,00;900,00;5400,00;non;valide
20/01/2023;Taxi/VTC;450,00;90,00;540,00;perdu;rejete
30/11/2023;Formation;150,00;30,00;180,00;photo floue;valide
12/04/2022;Representation;5000,50;1000,10;6000,60;oui;rejete
14/06/2022;Taxi/VTC;50,50;10,10;60,60;perdu;rejete
08/05/2022;Transport;1000,00;200,00;1200,00;photo floue;valide
16/08/2023;Deplacement;2000,00;400,00;2400,00;perdu;rejete
07/04/2022;Transport;4500,99;900,20;5401,19;oui;valide
29/06/2023;Telecom;700,00;140,00;840,00;oui;valide
23/12/2022;Hotel;2500,00;500,00;3000,00;non;rejete
15/01/2023;Taxi/VTC;9999,00;1999,80;11998,80;oui;rejete
13/07/2022;Deplacement;95,00;19,00;114,00;oui;valide
15/04/2022;Taxi/VTC;1353,00;270,60;1623,60;photo floue;valide
15/12/2022;Deplacement;9999,00;1999,80;11998,80;photo floue;valide
10/05/2022;Transport;4273,00;854,60;5127,60;perdu;valide
17/03/2022;Representation;75,50;15,10;90,60;perdu;en attente
27/11/2022;Fournitures;175,00;35,00;210,00;photo floue;valide
25/03/2022;Transport;6000,00;1200,00;7200,00;non;en attente
30/09/2022;Informatique;500,00;100,00;600,00;perdu;rejete
08/12/2023;Hotel;550,00;110,00;660,00;oui;en attente
08/05/2022;Fournitures;7000,00;1400,00;8400,00;perdu;en attente
19/07/2023;Telecom;7000,00;1400,00;8400,00;oui;rejete
12/11/2022;Restaurant;3000,99;600,20;3601,19;oui;en attente
09/08/2022;Transport;400,00;80,00;480,00;perdu;rejete
03/10/2023;Taxi/VTC;2918,50;583,70;3502,20;non;valide
29/09/2023;Deplacement;700,99;140,20;841,19;perdu;rejete
01/10/2022;Transport;700,00;140,00;840,00;photo floue;rejete
08/04/2022;Taxi/VTC;1130,00;226,00;1356,00;photo floue;valide
18/05/2023;Restaurant;3770,50;754,10;4524,60;oui;rejete
01/06/2023;Representation;1500,00;300,00;1800,00;photo floue;en attente
16/11/2023;Formation;500,00;100,00;600,00;photo floue;en attente
14/08/2022;Transport;2018,00;403,60;2421,60;oui;rejete
19/07/2022;Telecom;100,50;20,10;120,60;oui;rejete
23/04/2023;Informatique;2000,50;400,10;2400,60;oui;en attente
10/10/2023;Formation;500,00;100,00;600,00;photo floue;valide
27/09/2023;Hotel;5500,99;1100,20;6601,19;perdu;valide
18/06/2022;Fournitures;400,00;80,00;480,00;photo floue;valide
27/07/2023;Telecom;350,50;70,10;420,60;perdu;valide
13/01/2022;Fournitures;1866,00;373,20;2239,20;photo floue;rejete
21/06/2023;Fournitures;1500,99;300,20;1801,19;oui;rejete
09/04/2022;Fournitures;1000,50;200,10;1200,60;oui;en attente
18/09/2022;Deplacement;1800,50;360,10;2160,60;photo floue;en attente
07/08/2023;Restaurant;700,00;140,00;840,00;photo floue;rejete
03/12/2022;Fournitures;3428,00;685,60;4113,60;non;valide
03/01/2023;Transport;5500,00;1100,00;6600,00;oui;rejete
18/10/2023;Formation;1000,00;200,00;1200,00;perdu;valide
05/03/2023;Formation;4790,99;958,20;5749,19;photo floue;en attente
28/12/2022;Telecom;700,99;140,20;841,19;non;en attente
07/02/2022;Transport;1000,00;200,00;1200,00;non;valide
08/08/2023;Informatique;600,00;120,00;720,00;perdu;rejete
03/10/2022;Taxi/VTC;1569,00;313,80;1882,80;non;en attente
17/08/2023;Telecom;250,50;50,10;300,60;perdu;en attente
28/03/2023;Formation;4168,00;833,60;5001,60;perdu;en attente
06/03/2023;Telecom;1500,00;300,00;1800,00;photo floue;en attente
22/09/2023;Restaurant;450,50;90,10;540,60;photo floue;en attente
08/08/2023;Restaurant;7000,00;1400,00;8400,00;oui;rejete
17/12/2023;Informatique;1200,00;240,00;1440,00;perdu;valide
21/02/2023;Fournitures;2247,99;449,60;2697,59;oui;rejete
30/10/2022;Restaurant;5000,00;1000,00;6000,00;oui;en attente
27/04/2022;Informatique;248,00;49,60;297,60;non;rejete
17/05/2022;Fournitures;250,99;50,20;301,19;photo floue;en attente
23/08/2022;Representation;3306,00;661,20;3967,20;perdu;en attente
26/06/2023;Hotel;2000,00;400,00;2400,00;non;en attente
20/08/2023;Formation;2720,99;544,20;3265,19;perdu;valide
08/10/2022;Fournitures;2500,00;500,00;3000,00;photo floue;en attente
17/06/2022;Formation;1125,00;225,00;1350,00;perdu;en attente
01/03/2023;Fournitures;600,00;120,00;720,00;non;en attente
07/08/2023;Fournitures;650,00;130,00;780,00;photo floue;rejete
11/02/2022;Transport;1000,50;200,10;1200,60;oui;valide
06/06/2023;Representation;300,00;60,00;360,00;oui;valide
28/03/2022;Deplacement;2500,50;500,10;3000,60;oui;en attente
29/03/2022;Representation;2500,99;500,20;3001,19;perdu;en attente
14/11/2022;Telecom;2338,50;467,70;2806,20;perdu;valide
26/04/2022;Fournitures;2244,99;449,00;2693,99;non;valide
15/04/2022;Telecom;200,50;40,10;240,60;photo floue;en attente
19/04/2023;Informatique;950,00;190,00;1140,00;oui;rejete
18/07/2022;Representation;950,00;190,00;1140,00;photo floue;valide
11/01/2022;Informatique;300,50;60,10;360,60;perdu;valide
14/07/2023;Representation;7500,00;1500,00;9000,00;perdu;rejete
14/02/2023;Telecom;8000,00;1600,00;9600,00;photo floue;rejete
01/03/2023;Representation;1800,50;360,10;2160,60;photo floue;rejete
26/05/2023;Informatique;600,00;120,00;720,00;oui;rejete
03/01/2023;Taxi/VTC;3047,99;609,60;3657,59;photo floue;valide
03/10/2022;Hotel;5000,00;1000,00;6000,00;non;valide
10/06/2022;Restaurant;90,50;18,10;108,60;non;valide
25/10/2022;Informatique;4534,00;906,80;5440,80;oui;rejete
30/03/2023;Informatique;1500,00;300,00;1800,00;non;valide
18/05/2023;Telecom;2920,99;584,20;3505,19;perdu;valide
26/05/2023;Representation;2254,00;450,80;2704,80;oui;rejete
29/08/2022;Formation;500,00;100,00;600,00;photo floue;en attente
18/10/2023;Hotel;4140,00;828,00;4968,00;perdu;rejete
08/06/2023;Formation;1444,00;288,80;1732,80;oui;valide
07/11/2022;Restaurant;738,00;147,60;885,60;non;rejete
15/09/2022;Telecom;7500,50;1500,10;9000,60;oui;en attente
31/05/2023;Informatique;1000,00;200,00;1200,00;perdu;en attente
03/10/2022;Representation;800,00;160,00;960,00;photo floue;valide
17/02/2022;Hotel;1500,50;300,10;1800,60;non;en attente
13/09/2023;Deplacement;900,99;180,20;1081,19;perdu;en attente
03/11/2023;Restaurant;4000,00;800,00;4800,00;photo floue;en attente
20/12/2022;Representation;400,50;80,10;480,60;photo floue;rejete
12/02/2023;Telecom;600,99;120,20;721,19;oui;valide
19/12/2022;Telecom;100,50;20,10;120,60;oui;valide
01/12/2023;Restaurant;400,50;80,10;480,60;photo floue;valide
07/04/2023;Formation;1549,50;309,90;1859,40;oui;rejete
10/12/2023;Informatique;350,00;70,00;420,00;oui;rejete
17/01/2022;Fournitures;3136,50;627,30;3763,80;oui;en attente
05/02/2022;Hotel;8000,50;1600,10;9600,60;oui;rejete
21/05/2022;Formation;1000,00;200,00;1200,00;non;valide
06/08/2023;Restaurant;3500,99;700,20;4201,19;non;en attente
16/06/2022;Formation;450,50;90,10;540,60;photo floue;valide
17/06/2022;Formation;1500,00;300,00;1800,00;oui;valide
08/04/2023;Telecom;9999,50;1999,90;11999,40;non;en attente
19/12/2022;Telecom;5000,00;1000,00;6000,00;oui;valide
17/10/2023;Hotel;7000,00;1400,00;8400,00;non;valide
29/05/2022;Informatique;900,50;180,10;1080,60;perdu;valide
21/04/2023;Fournitures;450,00;90,00;540,00;oui;valide
21/01/2022;Deplacement;9999,00;1999,80;11998,80;perdu;valide
13/08/2023;Telecom;850,00;170,00;1020,00;perdu;rejete
04/02/2022;Taxi/VTC;800,50;160,10;960,60;photo floue;en attente
26/11/2023;Taxi/VTC;3500,00;700,00;4200,00;oui;en attente
27/05/2023;Informatique;4500,00;900,00;5400,00;oui;valide
10/03/2022;Fournitures;8000,00;1600,00;9600,00;photo floue;valide
18/10/2023;Deplacement;550,00;110,00;660,00;photo floue;en attente
05/07/2023;Transport;6000,99;1200,20;7201,19;perdu;rejete
27/06/2023;Telecom;90,00;18,00;108,00;photo floue;valide
10/11/2022;Formation;175,00;35,00;210,00;non;rejete
16/05/2023;Formation;450,00;90,00;540,00;perdu;rejete
21/09/2022;Hotel;9000,99;1800,20;10801,19;perdu;en attente
28/03/2022;Fournitures;800,00;160,00;960,00;oui;en attente
16/05/2023;Restaurant;500,00;100,00;600,00;non;rejete
16/08/2023;Hotel;900,99;180,20;1081,19;non;en attente
09/10/2023;Fournitures;400,00;80,00;480,00;perdu;en attente
22/09/2022;Deplacement;400,00;80,00;480,00;oui;rejete
31/12/2023;Telecom;300,99;60,20;361,19;non;en attente
14/06/2023;Deplacement;8000,50;1600,10;9600,60;perdu;rejete
19/02/2022;Formation;3410,00;682,00;4092,00;non;en attente
20/04/2022;Taxi/VTC;400,00;80,00;480,00;oui;valide
26/04/2023;Restaurant;3500,50;700,10;4200,60;photo floue;valide
29/08/2023;Telecom;4000,00;800,00;4800,00;non;en attente
06/09/2023;Hotel;950,00;190,00;1140,00;perdu;en attente
06/05/2023;Informatique;600,00;120,00;720,00;photo floue;en attente
03/10/2022;Telecom;3589,00;717,80;4306,80;photo floue;valide
31/05/2023;Telecom;3000,00;600,00;3600,00;photo floue;rejete
23/01/2023;Fournitures;600,00;120,00;720,00;oui;valide
28/07/2023;Hotel;4701,50;940,30;5641,80;photo floue;en attente
21/06/2023;Fournitures;750,00;150,00;900,00;perdu;en attente
17/12/2022;Taxi/VTC;90,00;18,00;108,00;photo floue;en attente
07/09/2023;Transport;2500,50;500,10;3000,60;photo floue;valide
12/07/2023;Fournitures;524,50;104,90;629,40;non;en attente
24/03/2022;Taxi/VTC;900,00;180,00;1080,00;non;rejete
11/11/2023;Transport;400,50;80,10;480,60;photo floue;en attente
30/03/2023;Informatique;900,99;180,20;1081,19;photo floue;rejete
22/08/2023;Hotel;950,00;190,00;1140,00;photo floue;en attente
23/06/2023;Taxi/VTC;900,99;180,20;1081,19;non;rejete
14/10/2022;Fournitures;3126,00;625,20;3751,20;photo floue;rejete
28/09/2023;Deplacement;500,00;100,00;600,00;perdu;en attente
27/10/2022;Restaurant;950,50;190,10;1140,60;perdu;rejete
20/04/2023;Restaurant;6000,99;1200,20;7201,19;non;en attente
18/04/2023;Hotel;362,99;72,60;435,59;perdu;valide
25/11/2022;Formation;1800,99;360,20;2161,19;oui;rejete
24/08/2022;Restaurant;1000,00;200,00;1200,00;photo floue;valide
01/11/2023;Formation;850,99;170,20;1021,19;perdu;en attente
22/03/2022;Taxi/VTC;777,00;155,40;932,40;non;valide
26/03/2023;Fournitures;175,00;35,00;210,00;oui;rejete
20/01/2022;Telecom;150,99;30,20;181,19;photo floue;rejete
20/07/2023;Deplacement;500,00;100,00;600,00;photo floue;valide
15/11/2022;Informatique;80,00;16,00;96,00;photo floue;en attente
07/08/2022;Fournitures;1000,00;200,00;1200,00;photo floue;valide
15/03/2023;Telecom;4445,99;889,20;5335,19;photo floue;en attente
26/04/2023;Hotel;300,00;60,00;360,00;oui;valide
30/11/2023;Transport;4500,00;900,00;5400,00;non;en attente
04/04/2023;Representation;300,00;60,00;360,00;oui;valide
29/08/2023;Hotel;1800,99;360,20;2161,19;oui;en attente
10/03/2022;Taxi/VTC;400,00;80,00;480,00;photo floue;en attente
28/09/2023;Restaurant;500,00;100,00;600,00;oui;valide
18/02/2023;Formation;900,50;180,10;1080,60;non;en attente
07/03/2022;Transport;850,50;170,10;1020,60;perdu;en attente
10/06/2023;Deplacement;5000,00;1000,00;6000,00;non;rejete
20/05/2022;Informatique;50,50;10,10;60,60;oui;en attente
10/09/2022;Transport;4841,50;968,30;5809,80;photo floue;rejete
27/06/2023;Deplacement;2913,00;582,60;3495,60;non;rejete
04/05/2023;Taxi/VTC;2950,50;590,10;3540,60;oui;valide
02/09/2023;Informatique;950,00;190,00;1140,00;oui;en attente
08/01/2023;Telecom;600,00;120,00;720,00;non;en attente
22/10/2023;Transport;9500,00;1900,00;11400,00;photo floue;rejete
07/04/2022;Deplacement;900,00;180,00;1080,00;oui;valide
06/04/2022;Telecom;750,50;150,10;900,60;perdu;en attente
14/07/2023;Representation;350,00;70,00;420,00;photo floue;rejete
05/08/2022;Representation;800,50;160,10;960,60;photo floue;en attente
11/12/2023;Representation;2489,00;497,80;2986,80;oui;rejete
28/12/2022;Telecom;250,00;50,00;300,00;photo floue;en attente
29/12/2023;Taxi/VTC;350,00;70,00;420,00;perdu;valide
13/11/2023;Taxi/VTC;3257,99;651,60;3909,59;oui;rejete
10/08/2023;Telecom;251,00;50,20;301,20;non;valide
02/04/2023;Formation;902,00;180,40;1082,40;photo floue;en attente
22/10/2022;Restaurant;3736,00;747,20;4483,20;non;valide
08/11/2022;Fournitures;1800,00;360,00;2160,00;non;rejete
09/10/2022;Representation;900,00;180,00;1080,00;non;valide
20/02/2023;Taxi/VTC;750,50;150,10;900,60;oui;en attente
07/06/2022;Restaurant;500,99;100,20;601,19;perdu;en attente
15/03/2022;Taxi/VTC;1678,00;335,60;2013,60;perdu;en attente
21/12/2022;Formation;100,00;20,00;120,00;photo floue;valide
10/12/2022;Hotel;817,00;163,40;980,40;photo floue;rejete
28/04/2022;Hotel;1000,00;200,00;1200,00;non;rejete
10/01/2022;Formation;80,99;16,20;97,19;perdu;valide
07/12/2023;Deplacement;2463,50;492,70;2956,20;oui;rejete
08/05/2023;Transport;5500,00;1100,00;6600,00;perdu;en attente
03/03/2023;Taxi/VTC;4500,00;900,00;5400,00;perdu;rejete
18/05/2023;Informatique;2500,50;500,10;3000,60;perdu;en attente
13/10/2022;Informatique;2251,00;450,20;2701,20;oui;valide
30/05/2023;Transport;1800,00;360,00;2160,00;perdu;en attente
23/02/2022;Deplacement;80,99;16,20;97,19;oui;rejete
16/07/2022;Fournitures;650,99;130,20;781,19;oui;valide
17/02/2023;Restaurant;600,00;120,00;720,00;oui;valide
21/09/2022;Hotel;3000,99;600,20;3601,19;photo floue;en attente
08/09/2023;Telecom;300,00;60,00;360,00;perdu;valide
05/02/2023;Representation;500,50;100,10;600,60;photo floue;valide
04/02/2023;Hotel;3677,50;735,50;4413,00;perdu;rejete
17/10/2023;Deplacement;1800,99;360,20;2161,19;perdu;en attente
24/02/2022;Informatique;1200,00;240,00;1440,00;oui;rejete
21/09/2023;Telecom;800,99;160,20;961,19;perdu;valide
04/04/2022;Informatique;150,00;30,00;180,00;non;valide
30/09/2023;Taxi/VTC;1587,50;317,50;1905,00;perdu;en attente
23/11/2022;Informatique;650,00;130,00;780,00;perdu;en attente
26/10/2023;Restaurant;600,50;120,10;720,60;non;valide
27/08/2022;Informatique;700,00;140,00;840,00;perdu;en attente
20/03/2022;Representation;400,00;80,00;480,00;perdu;valide
13/08/2022;Fournitures;809,00;161,80;970,80;photo floue;valide
15/01/2022;Informatique;2448,99;489,80;2938,79;photo floue;en attente
16/05/2023;Restaurant;3500,50;700,10;4200,60;non;rejete
04/01/2022;Telecom;900,50;180,10;1080,60;perdu;valide
22/10/2022;Transport;679,00;135,80;814,80;oui;valide
29/06/2023;Informatique;550,00;110,00;660,00;oui;valide
13/02/2023;Telecom;175,00;35,00;210,00;photo floue;rejete
06/08/2022;Telecom;5500,00;1100,00;6600,00;perdu;valide
18/12/2023;Fournitures;840,00;168,00;1008,00;oui;en attente
01/01/2022;Transport;400,00;80,00;480,00;non;en attente
16/07/2022;Deplacement;829,99;166,00;995,99;perdu;rejete
18/03/2023;Restaurant;2445,00;489,00;2934,00;oui;rejete
25/12/2022;Telecom;500,00;100,00;600,00;photo floue;en attente
27/01/2023;Transport;100,00;20,00;120,00;non;en attente
01/06/2022;Hotel;1800,00;360,00;2160,00;photo floue;en attente
04/04/2022;Deplacement;2823,50;564,70;3388,20;perdu;rejete
15/03/2022;Transport;5000,99;1000,20;6001,19;non;valide
06/03/2022;Transport;3000,50;600,10;3600,60;perdu;en attente
11/12/2023;Restaurant;100,00;20,00;120,00;photo floue;valide
04/04/2023;Restaurant;250,00;50,00;300,00;oui;valide
25/11/2022;Informatique;3878,00;775,60;4653,60;photo floue;valide
12/01/2022;Fournitures;800,00;160,00;960,00;oui;valide
08/04/2023;Fournitures;2500,50;500,10;3000,60;non;en attente
08/01/2022;Taxi/VTC;2695,00;539,00;3234,00;oui;valide
22/08/2022;Transport;9500,00;1900,00;11400,00;oui;rejete
30/07/2023;Deplacement;5000,00;1000,00;6000,00;photo floue;en attente
25/03/2023;Transport;500,99;100,20;601,19;perdu;valide
18/08/2023;Representation;2500,50;500,10;3000,60;photo floue;valide
18/10/2022;Telecom;120,50;24,10;144,60;perdu;valide
30/11/2022;Fournitures;600,00;120,00;720,00;photo floue;rejete
03/11/2022;Informatique;800,50;160,10;960,60;perdu;en attente
10/01/2023;Restaurant;3756,99;751,40;4508,39;perdu;rejete
19/06/2023;Representation;300,00;60,00;360,00;photo floue;valide
09/06/2023;Formation;200,50;40,10;240,60;photo floue;en attente
10/07/2022;Representation;600,00;120,00;720,00;photo floue;rejete
02/07/2022;Telecom;350,00;70,00;420,00;perdu;en attente
09/04/2022;Hotel;1796,00;359,20;2155,20;non;rejete
14/12/2023;Hotel;95,99;19,20;115,19;non;en attente
14/06/2022;Transport;600,00;120,00;720,00;non;rejete
30/11/2023;Representation;272,50;54,50;327,00;perdu;valide
17/06/2022;Hotel;977,00;195,40;1172,40;photo floue;valide
28/03/2023;Hotel;1015,00;203,00;1218,00;non;valide
17/01/2022;Hotel;800,50;160,10;960,60;photo floue;valide
24/05/2023;Telecom;1376,00;275,20;1651,20;photo floue;rejete
31/07/2023;Formation;1000,00;200,00;1200,00;non;en attente
02/09/2022;Transport;2848,00;569,60;3417,60;perdu;valide
11/04/2022;Transport;950,00;190,00;1140,00;perdu;en attente
22/01/2022;Deplacement;1800,00;360,00;2160,00;perdu;rejete
24/07/2023;Informatique;2500,00;500,00;3000,00;oui;rejete
22/01/2022;Fournitures;100,00;20,00;120,00;oui;rejete
06/12/2022;Fournitures;7000,50;1400,10;8400,60;photo floue;rejete
17/10/2023;Deplacement;1000,50;200,10;1200,60;oui;valide
04/04/2023;Informatique;3443,00;688,60;4131,60;non;rejete
07/03/2022;Deplacement;50,00;10,00;60,00;non;valide
22/02/2023;Informatique;300,00;60,00;360,00;non;valide
07/12/2023;Formation;3318,00;663,60;3981,60;photo floue;en attente
16/09/2022;Fournitures;1800,00;360,00;2160,00;non;valide
21/07/2022;Fournitures;850,00;170,00;1020,00;non;en attente
04/09/2023;Representation;1000,00;200,00;1200,00;photo floue;en attente
11/06/2023;Restaurant;1500,99;300,20;1801,19;photo floue;en attente
05/02/2023;Telecom;6000,99;1200,20;7201,19;perdu;en attente
27/02/2023;Deplacement;300,99;60,20;361,19;oui;valide
02/10/2022;Formation;400,00;80,00;480,00;oui;en attente
20/02/2023;Telecom;3707,50;741,50;4449,00;oui;valide
22/04/2023;Restaurant;650,99;130,20;781,19;non;rejete
15/06/2022;Taxi/VTC;500,00;100,00;600,00;perdu;en attente
07/03/2023;Transport;9999,99;2000,00;11999,99;non;en attente
27/06/2022;Hotel;350,00;70,00;420,00;perdu;en attente
28/08/2022;Transport;1000,00;200,00;1200,00;photo floue;en attente
14/08/2022;Representation;650,99;130,20;781,19;perdu;valide
20/05/2022;Transport;1200,00;240,00;1440,00;photo floue;valide
02/12/2022;Telecom;300,99;60,20;361,19;perdu;valide
03/06/2023;Transport;450,99;90,20;541,19;non;valide
29/06/2023;Telecom;90,00;18,00;108,00;non;rejete
02/10/2023;Telecom;8500,99;1700,20;10201,19;oui;en attente
15/09/2023;Telecom;75,00;15,00;90,00;perdu;en attente
01/03/2023;Telecom;4444,00;888,80;5332,80;perdu;rejete
17/05/2022;Hotel;1000,00;200,00;1200,00;oui;valide
27/08/2023;Taxi/VTC;9500,00;1900,00;11400,00;photo floue;rejete
16/06/2022;Formation;900,50;180,10;1080,60;perdu;rejete
03/11/2023;Telecom;1200,00;240,00;1440,00;photo floue;rejete
28/08/2022;Telecom;1500,00;300,00;1800,00;oui;en attente
15/08/2022;Telecom;900,00;180,00;1080,00;non;rejete
18/11/2023;Representation;1800,99;360,20;2161,19;non;rejete
16/10/2023;Formation;80,00;16,00;96,00;perdu;valide
29/05/2023;Taxi/VTC;800,00;160,00;960,00;perdu;en attente
12/08/2022;Fournitures;5500,99;1100,20;6601,19;oui;valide
24/12/2022;Restaurant;550,00;110,00;660,00;non;valide
12/11/2023;Transport;2600,00;520,00;3120,00;photo floue;valide
16/06/2022;Fournitures;1500,00;300,00;1800,00;photo floue;en attente
20/03/2023;Formation;4500,50;900,10;5400,60;oui;rejete
05/03/2023;Informatique;3000,99;600,20;3601,19;oui;valide
11/03/2022;Taxi/VTC;2500,99;500,20;3001,19;non;valide
01/05/2022;Telecom;750,50;150,10;900,60;non;rejete
10/10/2023;Taxi/VTC;2500,00;500,00;3000,00;non;rejete
28/10/2022;Fournitures;3393,99;678,80;4072,79;non;valide
04/11/2022;Taxi/VTC;200,00;40,00;240,00;non;valide
22/12/2023;Formation;75,99;15,20;91,19;perdu;rejete
15/10/2022;Telecom;1000,00;200,00;1200,00;oui;rejete
17/10/2022;Formation;3498,00;699,60;4197,60;oui;rejete
30/10/2023;Taxi/VTC;1000,99;200,20;1201,19;perdu;en attente
11/09/2022;Restaurant;600,00;120,00;720,00;perdu;en attente
17/07/2023;Restaurant;4500,00;900,00;5400,00;perdu;en attente
23/08/2022;Taxi/VTC;1200,00;240,00;1440,00;photo floue;rejete
18/10/2022;Taxi/VTC;800,99;160,20;961,19;perdu;en attente
04/07/2023;Fournitures;2500,50;500,10;3000,60;non;rejete
18/07/2023;Restaurant;90,50;18,10;108,60;non;valide
18/01/2023;Telecom;600,50;120,10;720,60;non;en attente
17/04/2023;Hotel;3316,50;663,30;3979,80;non;valide
02/11/2022;Restaurant;2696,00;539,20;3235,20;oui;en attente
18/01/2022;Taxi/VTC;800,00;160,00;960,00;perdu;rejete
22/02/2023;Taxi/VTC;600,00;120,00;720,00;oui;valide
06/12/2023;Hotel;4500,50;900,10;5400,60;perdu;rejete
01/11/2023;Transport;100,50;20,10;120,60;oui;en attente
31/12/2023;Hotel;3909,99;782,00;4691,99;oui;rejete
24/07/2023;Transport;300,00;60,00;360,00;oui;en attente
28/07/2023;Telecom;8000,99;1600,20;9601,19;perdu;en attente
12/12/2023;Deplacement;250,00;50,00;300,00;non;en attente
24/02/2022;Hotel;450,00;90,00;540,00;oui;en attente
20/06/2022;Representation;1500,00;300,00;1800,00;non;en attente
30/07/2022;Telecom;750,99;150,20;901,19;photo floue;en attente
27/03/2022;Informatique;950,00;190,00;1140,00;perdu;rejete
29/06/2022;Hotel;9500,50;1900,10;11400,60;oui;valide
04/05/2022;Formation;450,00;90,00;540,00;non;valide
22/04/2023;Informatique;1821,00;364,20;2185,20;non;en attente
01/11/2023;Deplacement;100,99;20,20;121,19;perdu;rejete
14/03/2023;Transport;3850,00;770,00;4620,00;perdu;rejete
17/11/2022;Hotel;900,00;180,00;1080,00;non;valide
26/05/2023;Taxi/VTC;4500,00;900,00;5400,00;non;rejete
17/05/2023;Deplacement;2042,00;408,40;2450,40;photo floue;rejete
25/04/2022;Restaurant;300,00;60,00;360,00;perdu;valide
22/02/2023;Representation;4291,00;858,20;5149,20;oui;rejete
11/06/2022;Restaurant;950,50;190,10;1140,60;perdu;en attente
11/11/2022;Representation;2731,00;546,20;3277,20;oui;valide
18/06/2022;Informatique;750,00;150,00;900,00;oui;valide
09/07/2022;Formation;1059,00;211,80;1270,80;perdu;en attente
21/05/2023;Telecom;4806,00;961,20;5767,20;non;en attente
16/06/2023;Formation;7000,50;1400,10;8400,60;photo floue;valide
27/09/2023;Informatique;2000,00;400,00;2400,00;oui;valide
22/07/2022;Transport;4080,99;816,20;4897,19;non;rejete
17/03/2023;Representation;3828,00;765,60;4593,60;oui;en attente
15/06/2022;Restaurant;1700,00;340,00;2040,00;oui;en attente
23/04/2022;Representation;1000,00;200,00;1200,00;non;valide
02/02/2022;Informatique;900,50;180,10;1080,60;non;en attente
09/05/2022;Formation;2074,99;415,00;2489,99;non;rejete
21/12/2023;Taxi/VTC;100,00;20,00;120,00;non;valide
24/02/2022;Hotel;900,00;180,00;1080,00;oui;en attente
01/01/2022;Telecom;550,00;110,00;660,00;photo floue;en attente
01/10/2022;Deplacement;383,99;76,80;460,79;non;en attente
14/07/2022;Telecom;3474,00;694,80;4168,80;non;en attente
14/03/2023;Hotel;200,00;40,00;240,00;photo floue;rejete
05/12/2022;Taxi/VTC;2500,00;500,00;3000,00;oui;valide
08/08/2022;Formation;1000,00;200,00;1200,00;perdu;en attente
18/02/2023;Telecom;350,99;70,20;421,19;oui;valide
11/01/2022;Restaurant;600,00;120,00;720,00;oui;valide
30/05/2022;Telecom;2000,00;400,00;2400,00;perdu;en attente
06/12/2023;Taxi/VTC;1500,00;300,00;1800,00;perdu;rejete
04/07/2022;Restaurant;800,00;160,00;960,00;perdu;rejete
01/03/2022;Taxi/VTC;400,99;80,20;481,19;photo floue;rejete
02/02/2023;Informatique;2500,00;500,00;3000,00;non;rejete
13/12/2022;Fournitures;4905,50;981,10;5886,60;oui;valide
07/01/2023;Representation;800,00;160,00;960,00;oui;en attente
19/12/2022;Informatique;650,50;130,10;780,60;perdu;valide
01/07/2022;Telecom;90,00;18,00;108,00;oui;rejete
31/07/2022;Informatique;9000,50;1800,10;10800,60;non;valide
16/05/2023;Formation;2495,99;499,20;2995,19;oui;valide
02/05/2023;Deplacement;50,99;10,20;61,19;photo floue;valide
20/02/2023;Taxi/VTC;8000,00;1600,00;9600,00;non;valide
26/06/2023;Representation;800,99;160,20;961,19;perdu;rejete
11/01/2023;Telecom;2000,00;400,00;2400,00;oui;valide
01/03/2023;Taxi/VTC;175,99;35,20;211,19;oui;valide
01/07/2023;Restaurant;2500,00;500,00;3000,00;photo floue;valide
13/04/2022;Deplacement;80,99;16,20;97,19;photo floue;en attente
04/10/2022;Deplacement;50,00;10,00;60,00;non;rejete
17/06/2023;Telecom;400,00;80,00;480,00;photo floue;rejete
16/05/2022;Fournitures;9000,00;1800,00;10800,00;oui;rejete
28/04/2022;Informatique;400,99;80,20;481,19;non;en attente
15/09/2023;Representation;200,99;40,20;241,19;non;en attente
27/08/2023;Formation;350,99;70,20;421,19;oui;en attente
01/12/2022;Fournitures;4708,99;941,80;5650,79;oui;rejete
04/02/2022;Fournitures;950,00;190,00;1140,00;photo floue;rejete
22/09/2022;Representation;9500,00;1900,00;11400,00;non;valide
15/08/2022;Deplacement;3283,50;656,70;3940,20;perdu;en attente
08/02/2023;Taxi/VTC;700,00;140,00;840,00;photo floue;en attente
14/07/2023;Hotel;2500,00;500,00;3000,00;non;valide
16/02/2023;Fournitures;900,00;180,00;1080,00;non;valide
04/02/2022;Hotel;1200,00;240,00;1440,00;photo floue;valide
08/07/2023;Deplacement;120,00;24,00;144,00;photo floue;en attente
07/02/2023;Hotel;1800,99;360,20;2161,19;oui;rejete
11/12/2022;Deplacement;3090,99;618,20;3709,19;photo floue;en attente
01/03/2022;Representation;4993,50;998,70;5992,20;non;valide
08/06/2022;Restaurant;1000,00;200,00;1200,00;perdu;valide
07/08/2023;Formation;1796,00;359,20;2155,20;oui;valide
13/11/2023;Telecom;3584,50;716,90;4301,40;photo floue;valide
25/02/2022;Transport;1314,00;262,80;1576,80;non;en attente
01/10/2023;Formation;400,50;80,10;480,60;non;en attente
10/11/2023;Restaurant;1800,00;360,00;2160,00;perdu;en attente
19/07/2023;Telecom;450,00;90,00;540,00;perdu;valide
09/11/2022;Representation;600,00;120,00;720,00;photo floue;rejete
13/09/2022;Deplacement;4668,50;933,70;5602,20;photo floue;valide
16/02/2023;Formation;1387,99;277,60;1665,59;non;valide
27/09/2023;Telecom;2304,00;460,80;2764,80;non;rejete
19/09/2023;Hotel;8500,00;1700,00;10200,00;non;rejete
08/10/2023;Deplacement;226,00;45,20;271,20;non;rejete
12/02/2023;Transport;4960,00;992,00;5952,00;non;rejete
14/02/2023;Hotel;500,00;100,00;600,00;oui;en attente
08/04/2022;Representation;750,99;150,20;901,19;non;rejete
04/04/2023;Restaurant;850,00;170,00;1020,00;non;rejete
20/07/2023;Transport;1500,00;300,00;1800,00;oui;en attente
28/07/2023;Informatique;1000,99;200,20;1201,19;non;valide
05/09/2023;Deplacement;3000,99;600,20;3601,19;oui;valide
20/01/2023;Telecom;90,50;18,10;108,60;photo floue;valide
01/10/2022;Transport;1832,00;366,40;2198,40;photo floue;rejete
02/06/2022;Representation;650,50;130,10;780,60;perdu;rejete
04/11/2022;Taxi/VTC;3000,00;600,00;3600,00;perdu;rejete
09/11/2023;Representation;900,99;180,20;1081,19;photo floue;rejete
07/10/2022;Transport;900,00;180,00;1080,00;photo floue;en attente
09/09/2022;Taxi/VTC;200,99;40,20;241,19;photo floue;valide
20/06/2023;Deplacement;120,00;24,00;144,00;perdu;en attente
13/06/2023;Taxi/VTC;650,50;130,10;780,60;perdu;valide
20/01/2023;Formation;1500,00;300,00;1800,00;perdu;rejete
21/07/2022;Deplacement;500,00;100,00;600,00;non;valide
18/05/2023;Fournitures;950,99;190,20;1141,19;perdu;valide
25/11/2022;Formation;2000,00;400,00;2400,00;photo floue;rejete
25/05/2022;Taxi/VTC;900,99;180,20;1081,19;perdu;valide
29/07/2022;Representation;814,50;162,90;977,40;non;en attente
07/05/2023;Formation;4943,99;988,80;5932,79;photo floue;rejete
21/07/2023;Transport;3500,00;700,00;4200,00;photo floue;rejete
24/11/2023;Representation;951,00;190,20;1141,20;non;rejete
15/10/2022;Hotel;550,00;110,00;660,00;oui;rejete
30/10/2022;Hotel;250,00;50,00;300,00;non;en attente
12/07/2022;Hotel;950,00;190,00;1140,00;photo floue;rejete
27/01/2022;Restaurant;3534,00;706,80;4240,80;perdu;en attente
29/03/2022;Formation;650,99;130,20;781,19;oui;rejete
25/09/2023;Transport;3397,99;679,60;4077,59;perdu;rejete
10/07/2023;Representation;400,99;80,20;481,19;photo floue;en attente
27/04/2023;Informatique;1200,00;240,00;1440,00;non;en attente
03/03/2022;Informatique;950,00;190,00;1140,00;photo floue;en attente
16/11/2023;Telecom;800,99;160,20;961,19;photo floue;rejete
24/05/2022;Formation;3000,00;600,00;3600,00;perdu;valide
10/04/2023;Fournitures;800,00;160,00;960,00;perdu;rejete
06/07/2022;Hotel;150,00;30,00;180,00;perdu;valide
19/08/2023;Taxi/VTC;663,00;132,60;795,60;oui;rejete
04/08/2022;Restaurant;4000,00;800,00;4800,00;photo floue;en attente
19/04/2023;Telecom;8000,99;1600,20;9601,19;oui;en attente
15/04/2023;Restaurant;900,50;180,10;1080,60;perdu;rejete
06/02/2023;Representation;1500,00;300,00;1800,00;photo floue;en attente
18/09/2022;Telecom;4000,00;800,00;4800,00;photo floue;valide
09/09/2022;Restaurant;90,00;18,00;108,00;photo floue;en attente
13/01/2023;Representation;2814,00;562,80;3376,80;non;valide
22/03/2023;Telecom;4000,00;800,00;4800,00;photo floue;valide
12/06/2022;Transport;250,99;50,20;301,19;oui;valide
29/01/2023;Fournitures;650,50;130,10;780,60;non;valide
26/03/2022;Transport;5000,00;1000,00;6000,00;non;valide
04/02/2022;Transport;4853,00;970,60;5823,60;perdu;rejete
12/06/2022;Representation;150,00;30,00;180,00;photo floue;valide
10/06/2022;Formation;1000,99;200,20;1201,19;perdu;en attente
04/02/2022;Telecom;800,50;160,10;960,60;perdu;en attente
30/08/2022;Telecom;9999,99;2000,00;11999,99;non;en attente
22/12/2022;Formation;2630,00;526,00;3156,00;non;en attente
14/07/2022;Restaurant;2500,99;500,20;3001,19;photo floue;en attente
04/02/2022;Transport;7000,00;1400,00;8400,00;photo floue;rejete
08/02/2022;Hotel;1500,99;300,20;1801,19;photo floue;rejete
15/12/2023;Representation;120,00;24,00;144,00;perdu;valide
07/05/2023;Restaurant;783,50;156,70;940,20;oui;valide
29/04/2023;Formation;1695,00;339,00;2034,00;photo floue;rejete
14/07/2023;Transport;1800,00;360,00;2160,00;oui;rejete
02/11/2023;Hotel;200,99;40,20;241,19;photo floue;rejete
24/09/2022;Hotel;5000,00;1000,00;6000,00;photo floue;en attente
12/10/2022;Deplacement;150,00;30,00;180,00;non;valide
24/03/2023;Representation;300,99;60,20;361,19;oui;rejete
20/08/2022;Formation;300,00;60,00;360,00;non;en attente
17/07/2023;Taxi/VTC;500,50;100,10;600,60;photo floue;valide
04/10/2022;Transport;2500,00;500,00;3000,00;photo floue;en attente
15/09/2023;Formation;2771,00;554,20;3325,20;oui;rejete
18/01/2023;Deplacement;1800,50;360,10;2160,60;non;valide
27/06/2023;Formation;1500,99;300,20;1801,19;perdu;en attente
02/11/2022;Fournitures;800,00;160,00;960,00;photo floue;valide
11/10/2023;Taxi/VTC;250,50;50,10;300,60;perdu;rejete
26/01/2022;Telecom;120,00;24,00;144,00;perdu;en attente
21/02/2022;Formation;8000,50;1600,10;9600,60;oui;valide
31/03/2022;Fournitures;2000,00;400,00;2400,00;non;en attente
20/11/2022;Taxi/VTC;9500,00;1900,00;11400,00;photo floue;en attente
31/03/2022;Restaurant;336,00;67,20;403,20;non;rejete
01/03/2022;Formation;2317,99;463,60;2781,59;photo floue;en attente
14/03/2022;Informatique;2714,00;542,80;3256,80;perdu;valide
03/06/2022;Informatique;5000,99;1000,20;6001,19;perdu;rejete
30/03/2023;Hotel;500,00;100,00;600,00;oui;rejete
27/08/2022;Hotel;2000,99;400,20;2401,19;non;rejete
25/07/2022;Taxi/VTC;3500,00;700,00;4200,00;photo floue;en attente
28/11/2023;Restaurant;500,00;100,00;600,00;oui;valide
04/10/2023;Telecom;650,00;130,00;780,00;perdu;rejete
08/09/2022;Informatique;800,00;160,00;960,00;photo floue;rejete
26/07/2023;Transport;150,50;30,10;180,60;oui;rejete
04/10/2023;Telecom;7500,99;1500,20;9001,19;photo floue;rejete
13/01/2023;Formation;900,00;180,00;1080,00;photo floue;en attente
12/05/2022;Representation;500,00;100,00;600,00;photo floue;en attente
26/02/2023;Formation;2489,00;497,80;2986,80;non;rejete
24/09/2022;Hotel;950,00;190,00;1140,00;non;valide
14/11/2023;Restaurant;300,00;60,00;360,00;perdu;en attente
23/04/2022;Taxi/VTC;500,50;100,10;600,60;non;valide
27/11/2022;Representation;4000,00;800,00;4800,00;oui;en attente
07/01/2022;Informatique;8000,99;1600,20;9601,19;oui;rejete
06/12/2023;Transport;150,99;30,20;181,19;photo floue;en attente
15/09/2022;Transport;900,99;180,20;1081,19;oui;valide
09/03/2023;Hotel;50,00;10,00;60,00;perdu;rejete
20/11/2023;Telecom;800,50;160,10;960,60;perdu;valide
28/05/2022;Taxi/VTC;900,00;180,00;1080,00;photo floue;en attente
09/06/2023;Restaurant;750,00;150,00;900,00;photo floue;en attente
27/08/2023;Hotel;1051,00;210,20;1261,20;non;en attente
09/03/2022;Formation;850,50;170,10;1020,60;non;rejete
19/11/2022;Hotel;6000,00;1200,00;7200,00;oui;valide
18/01/2022;Telecom;8000,99;1600,20;9601,19;non;rejete
25/02/2023;Transport;4000,50;800,10;4800,60;perdu;valide
08/04/2022;Transport;850,00;170,00;1020,00;oui;en attente
09/11/2023;Fournitures;1000,00;200,00;1200,00;oui;valide
18/12/2023;Transport;350,00;70,00;420,00;perdu;rejete
03/07/2023;Representation;1965,00;393,00;2358,00;oui;en attente
29/12/2023;Informatique;7000,50;1400,10;8400,60;non;rejete
26/09/2022;Telecom;600,00;120,00;720,00;photo floue;en attente
04/01/2022;Formation;75,50;15,10;90,60;perdu;valide
13/12/2023;Fournitures;5500,00;1100,00;6600,00;non;valide
08/07/2023;Informatique;100,00;20,00;120,00;non;valide
03/12/2022;Restaurant;2500,99;500,20;3001,19;photo floue;valide
29/12/2022;Taxi/VTC;750,00;150,00;900,00;oui;rejete
27/12/2023;Transport;1390,50;278,10;1668,60;photo floue;rejete
10/04/2022;Formation;1500,00;300,00;1800,00;non;valide
07/04/2023;Hotel;8500,99;1700,20;10201,19;non;en attente
31/12/2023;Deplacement;6000,99;1200,20;7201,19;oui;en attente
22/11/2022;Informatique;1716,00;343,20;2059,20;perdu;rejete
09/11/2023;Telecom;700,99;140,20;841,19;non;valide
01/05/2022;Formation;7500,00;1500,00;9000,00;non;rejete
16/03/2022;Formation;989,50;197,90;1187,40;photo floue;rejete
28/01/2023;Informatique;100,00;20,00;120,00;photo floue;valide
19/08/2023;Deplacement;900,99;180,20;1081,19;oui;en attente
24/07/2022;Deplacement;90,00;18,00;108,00;oui;rejete
25/10/2023;Formation;2500,00;500,00;3000,00;non;valide
19/08/2022;Representation;450,99;90,20;541,19;non;rejete
26/05/2023;Fournitures;95,50;19,10;114,60;non;valide
28/09/2022;Deplacement;650,00;130,00;780,00;perdu;rejete
21/06/2022;Formation;3148,50;629,70;3778,20;perdu;en attente
10/01/2023;Restaurant;3000,99;600,20;3601,19;non;valide
22/05/2022;Hotel;4000,50;800,10;4800,60;photo floue;valide
30/12/2022;Restaurant;650,00;130,00;780,00;perdu;en attente
14/07/2022;Taxi/VTC;100,00;20,00;120,00;perdu;valide
03/03/2022;Restaurant;1406,00;281,20;1687,20;photo floue;valide
13/09/2022;Deplacement;2000,50;400,10;2400,60;oui;rejete
07/11/2022;Formation;3500,00;700,00;4200,00;perdu;en attente
17/05/2023;Deplacement;1500,00;300,00;1800,00;photo floue;valide
13/04/2023;Transport;600,00;120,00;720,00;non;rejete
29/03/2023;Restaurant;1500,00;300,00;1800,00;non;rejete
18/07/2023;Restaurant;8000,00;1600,00;9600,00;oui;en attente
18/12/2022;Taxi/VTC;9000,00;1800,00;10800,00;oui;rejete
15/03/2022;Informatique;3807,00;761,40;4568,40;perdu;en attente
27/08/2023;Hotel;80,50;16,10;96,60;photo floue;valide
12/06/2023;Formation;5000,00;1000,00;6000,00;oui;rejete
19/08/2023;Formation;2500,00;500,00;3000,00;non;en attente
19/10/2022;Formation;5500,00;1100,00;6600,00;oui;rejete
16/09/2023;Fournitures;750,99;150,20;901,19;perdu;valide
25/02/2023;Transport;450,50;90,10;540,60;perdu;rejete
20/02/2022;Formation;750,00;150,00;900,00;non;rejete
01/09/2022;Fournitures;1200,00;240,00;1440,00;perdu;en attente
07/04/2023;Formation;1500,99;300,20;1801,19;perdu;en attente
19/02/2023;Telecom;750,00;150,00;900,00;non;en attente
14/12/2023;Taxi/VTC;900,00;180,00;1080,00;perdu;en attente
16/12/2023;Transport;200,00;40,00;240,00;photo floue;en attente
23/11/2023;Taxi/VTC;3928,99;785,80;4714,79;perdu;rejete
23/09/2022;Restaurant;619,00;123,80;742,80;non;en attente
31/10/2023;Taxi/VTC;500,99;100,20;601,19;photo floue;en attente
14/07/2022;Hotel;700,50;140,10;840,60;perdu;valide
07/02/2023;Transport;3000,50;600,10;3600,60;non;rejete
09/03/2023;Deplacement;3000,00;600,00;3600,00;photo floue;valide
15/09/2023;Restaurant;1200,99;240,20;1441,19;photo floue;valide
05/07/2023;Representation;850,99;170,20;1021,19;photo floue;rejete
06/08/2022;Deplacement;950,00;190,00;1140,00;oui;en attente
14/01/2023;Hotel;3689,00;737,80;4426,80;non;rejete
18/01/2022;Deplacement;650,50;130,10;780,60;oui;valide
15/10/2022;Telecom;1871,00;374,20;2245,20;perdu;valide
05/03/2023;Taxi/VTC;1000,00;200,00;1200,00;perdu;en attente
03/03/2022;Informatique;550,99;110,20;661,19;perdu;en attente
31/12/2023;Restaurant;3524,00;704,80;4228,80;perdu;valide
07/07/2022;Taxi/VTC;1500,00;300,00;1800,00;photo floue;valide
15/12/2022;Formation;2500,00;500,00;3000,00;perdu;valide
15/06/2022;Taxi/VTC;750,00;150,00;900,00;non;rejete
25/08/2023;Formation;800,00;160,00;960,00;perdu;rejete
23/06/2022;Representation;7000,99;1400,20;8401,19;perdu;en attente
19/02/2023;Informatique;1800,00;360,00;2160,00;non;rejete
16/04/2023;Restaurant;700,50;140,10;840,60;non;en attente
19/06/2023;Taxi/VTC;700,00;140,00;840,00;photo floue;rejete
08/09/2022;Deplacement;200,99;40,20;241,19;perdu;valide
15/08/2022;Formation;3000,50;600,10;3600,60;non;valide
26/12/2023;Representation;150,00;30,00;180,00;perdu;en attente
02/08/2023;Taxi/VTC;1200,99;240,20;1441,19;oui;valide
25/03/2022;Restaurant;8500,50;1700,10;10200,60;photo floue;rejete
13/12/2023;Informatique;1303,00;260,60;1563,60;photo floue;en attente
01/10/2023;Informatique;95,00;19,00;114,00;perdu;en attente
07/04/2023;Formation;4262,50;852,50;5115,00;oui;valide
19/01/2022;Representation;100,00;20,00;120,00;oui;rejete
11/03/2022;Informatique;7500,50;1500,10;9000,60;perdu;en attente
23/10/2023;Informatique;300,99;60,20;361,19;non;valide
12/09/2022;Deplacement;500,00;100,00;600,00;non;en attente
29/05/2023;Formation;9999,50;1999,90;11999,40;photo floue;en attente
07/02/2022;Representation;600,00;120,00;720,00;non;en attente
24/11/2022;Deplacement;800,99;160,20;961,19;non;en attente
31/01/2023;Restaurant;150,00;30,00;180,00;photo floue;rejete
09/06/2023;Fournitures;800,00;160,00;960,00;perdu;rejete
07/03/2022;Restaurant;850,99;170,20;1021,19;oui;valide
19/08/2023;Informatique;1741,00;348,20;2089,20;photo floue;en attente
22/08/2023;Telecom;4290,00;858,00;5148,00;photo floue;rejete
09/10/2022;Hotel;700,99;140,20;841,19;photo floue;rejete
17/12/2022;Transport;450,00;90,00;540,00;oui;rejete
25/10/2022;Telecom;500,99;100,20;601,19;perdu;rejete
26/11/2022;Representation;5500,50;1100,10;6600,60;non;rejete
13/01/2023;Deplacement;90,99;18,20;109,19;perdu;rejete
28/02/2023;Formation;95,99;19,20;115,19;oui;rejete
02/11/2022;Hotel;800,00;160,00;960,00;perdu;valide
12/03/2022;Representation;7500,00;1500,00;9000,00;photo floue;rejete
25/08/2023;Formation;900,00;180,00;1080,00;oui;rejete
21/11/2022;Telecom;300,99;60,20;361,19;oui;valide
08/04/2023;Hotel;750,00;150,00;900,00;non;en attente
19/02/2022;Informatique;4000,00;800,00;4800,00;photo floue;rejete
20/05/2022;Telecom;8000,00;1600,00;9600,00;perdu;rejete
18/07/2023;Restaurant;1006,00;201,20;1207,20;photo floue;valide
08/10/2022;Informatique;340,00;68,00;408,00;oui;rejete
21/07/2023;Hotel;300,00;60,00;360,00;photo floue;valide
28/07/2023;Telecom;175,50;35,10;210,60;perdu;rejete
20/05/2022;Informatique;1000,00;200,00;1200,00;oui;en attente
18/05/2022;Representation;1482,00;296,40;1778,40;photo floue;rejete
21/07/2023;Restaurant;4363,00;872,60;5235,60;photo floue;rejete
04/06/2023;Telecom;90,00;18,00;108,00;photo floue;valide
03/01/2022;Taxi/VTC;400,00;80,00;480,00;photo floue;valide
26/09/2022;Fournitures;950,99;190,20;1141,19;non;valide
22/03/2023;Telecom;2510,99;502,20;3013,19;non;valide
08/08/2022;Transport;2848,50;569,70;3418,20;non;rejete
04/01/2022;Formation;5000,99;1000,20;6001,19;perdu;en attente
30/07/2023;Telecom;450,00;90,00;540,00;oui;rejete
23/12/2022;Formation;400,00;80,00;480,00;perdu;valide
05/08/2022;Transport;236,99;47,40;284,39;oui;valide
09/09/2023;Transport;80,00;16,00;96,00;perdu;valide
27/05/2022;Transport;1166,00;233,20;1399,20;non;valide
15/12/2022;Representation;90,00;18,00;108,00;photo floue;valide
08/02/2023;Fournitures;800,00;160,00;960,00;oui;en attente
22/04/2022;Representation;500,99;100,20;601,19;oui;valide
01/08/2023;Formation;1000,50;200,10;1200,60;non;rejete
14/02/2023;Fournitures;700,50;140,10;840,60;non;rejete
25/04/2023;Transport;6000,50;1200,10;7200,60;photo floue;valide
20/10/2023;Informatique;450,00;90,00;540,00;non;valide
25/12/2022;Informatique;9500,00;1900,00;11400,00;photo floue;valide
12/04/2023;Formation;90,00;18,00;108,00;oui;rejete
04/04/2023;Fournitures;250,00;50,00;300,00;perdu;rejete
27/09/2022;Taxi/VTC;2500,50;500,10;3000,60;perdu;valide
16/01/2022;Restaurant;500,00;100,00;600,00;non;en attente
15/03/2022;Formation;3000,50;600,10;3600,60;perdu;en attente
22/02/2023;Telecom;8000,50;1600,10;9600,60;non;en attente
23/02/2022;Representation;900,99;180,20;1081,19;non;rejete
27/07/2022;Formation;75,00;15,00;90,00;oui;en attente
04/03/2023;Representation;643,00;128,60;771,60;non;en attente
23/04/2022;Taxi/VTC;700,99;140,20;841,19;non;en attente
21/01/2023;Formation;700,00;140,00;840,00;oui;valide
28/12/2023;Fournitures;650,99;130,20;781,19;perdu;rejete
31/05/2022;Formation;200,99;40,20;241,19;photo floue;valide
09/02/2022;Deplacement;950,00;190,00;1140,00;non;valide
14/01/2023;Telecom;250,99;50,20;301,19;non;rejete
14/11/2023;Restaurant;7000,00;1400,00;8400,00;oui;rejete
26/06/2022;Deplacement;5000,00;1000,00;6000,00;photo floue;en attente
28/10/2022;Fournitures;1000,00;200,00;1200,00;non;rejete
10/08/2022;Informatique;150,00;30,00;180,00;perdu;en attente
26/01/2023;Taxi/VTC;2500,99;500,20;3001,19;oui;en attente
17/05/2022;Restaurant;800,00;160,00;960,00;perdu;en attente
04/02/2023;Deplacement;9000,00;1800,00;10800,00;perdu;rejete
20/01/2022;Restaurant;400,00;80,00;480,00;photo floue;en attente
04/02/2022;Informatique;2249,00;449,80;2698,80;photo floue;rejete
11/06/2023;Hotel;150,99;30,20;181,19;perdu;rejete
10/03/2023;Informatique;450,00;90,00;540,00;oui;rejete
15/05/2022;Telecom;850,00;170,00;1020,00;oui;valide
07/11/2022;Hotel;1000,00;200,00;1200,00;oui;en attente
03/05/2023;Formation;5000,00;1000,00;6000,00;perdu;rejete
22/08/2022;Representation;2500,00;500,00;3000,00;oui;rejete
31/05/2022;Representation;500,00;100,00;600,00;perdu;valide
05/05/2023;Formation;650,00;130,00;780,00;oui;valide
09/07/2022;Transport;550,99;110,20;661,19;non;en attente
04/11/2023;Taxi/VTC;946,00;189,20;1135,20;photo floue;valide
21/08/2022;Formation;1000,00;200,00;1200,00;perdu;en attente
25/06/2023;Restaurant;4087,00;817,40;4904,40;photo floue;en attente
16/02/2022;Hotel;4133,00;826,60;4959,60;oui;en attente
16/08/2022;Deplacement;5000,00;1000,00;6000,00;oui;valide
30/10/2023;Fournitures;8500,99;1700,20;10201,19;non;en attente
09/07/2023;Informatique;4388,99;877,80;5266,79;non;valide
30/01/2022;Deplacement;4689,99;938,00;5627,99;photo floue;rejete
28/10/2023;Informatique;250,50;50,10;300,60;perdu;rejete
28/12/2022;Restaurant;800,00;160,00;960,00;non;en attente
11/08/2022;Formation;4500,99;900,20;5401,19;non;valide
18/04/2022;Transport;900,00;180,00;1080,00;perdu;rejete
08/03/2022;Taxi/VTC;1314,50;262,90;1577,40;oui;rejete
20/09/2022;Taxi/VTC;500,00;100,00;600,00;oui;rejete
31/10/2022;Taxi/VTC;5000,50;1000,10;6000,60;non;valide
18/03/2023;Deplacement;200,00;40,00;240,00;oui;en attente
12/07/2022;Restaurant;850,00;170,00;1020,00;oui;valide
24/12/2022;Deplacement;1967,00;393,40;2360,40;non;valide
30/08/2022;Telecom;850,00;170,00;1020,00;photo floue;rejete
27/05/2023;Taxi/VTC;400,00;80,00;480,00;perdu;rejete
31/05/2022;Taxi/VTC;4167,99;833,60;5001,59;photo floue;valide
09/02/2022;Taxi/VTC;100,50;20,10;120,60;perdu;valide
25/07/2023;Formation;4500,99;900,20;5401,19;oui;en attente
01/07/2023;Restaurant;4644,00;928,80;5572,80;perdu;valide
07/01/2023;Transport;700,50;140,10;840,60;perdu;valide
14/12/2022;Informatique;2000,00;400,00;2400,00;non;valide
21/03/2023;Restaurant;1000,00;200,00;1200,00;non;en attente
09/01/2022;Transport;950,50;190,10;1140,60;photo floue;rejete
18/05/2022;Taxi/VTC;2500,00;500,00;3000,00;non;rejete
19/01/2023;Fournitures;400,99;80,20;481,19;photo floue;valide
13/12/2022;Formation;2500,00;500,00;3000,00;photo floue;rejete
17/09/2022;Fournitures;900,50;180,10;1080,60;perdu;rejete
20/09/2023;Informatique;750,50;150,10;900,60;oui;valide
19/08/2023;Informatique;4500,50;900,10;5400,60;oui;valide
13/04/2023;Representation;9999,00;1999,80;11998,80;oui;en attente
06/06/2023;Restaurant;3000,00;600,00;3600,00;non;en attente
24/08/2023;Restaurant;600,00;120,00;720,00;perdu;valide
30/01/2022;Deplacement;90,00;18,00;108,00;oui;rejete
02/11/2023;Telecom;5000,99;1000,20;6001,19;oui;valide
02/03/2023;Hotel;800,50;160,10;960,60;perdu;valide
29/03/2022;Representation;3500,00;700,00;4200,00;perdu;valide
15/04/2022;Deplacement;1000,99;200,20;1201,19;photo floue;en attente
03/08/2023;Restaurant;200,50;40,10;240,60;perdu;valide
29/11/2022;Hotel;1500,99;300,20;1801,19;non;en attente
06/09/2023;Restaurant;900,00;180,00;1080,00;perdu;en attente
14/04/2022;Deplacement;400,50;80,10;480,60;photo floue;en attente
15/11/2022;Taxi/VTC;1800,00;360,00;2160,00;non;en attente
15/07/2023;Taxi/VTC;250,50;50,10;300,60;oui;en attente
01/02/2023;Hotel;950,00;190,00;1140,00;non;valide
03/04/2023;Deplacement;950,00;190,00;1140,00;perdu;en attente
08/02/2022;Restaurant;1450,99;290,20;1741,19;perdu;rejete
16/09/2023;Formation;600,99;120,20;721,19;oui;rejete
25/02/2022;Formation;311,50;62,30;373,80;photo floue;en attente
28/01/2022;Fournitures;5000,99;1000,20;6001,19;perdu;en attente
14/07/2023;Informatique;1800,99;360,20;2161,19;photo floue;rejete
17/06/2023;Deplacement;1800,00;360,00;2160,00;oui;valide
03/08/2023;Hotel;700,00;140,00;840,00;perdu;en attente
27/01/2022;Formation;200,00;40,00;240,00;perdu;valide
03/02/2022;Restaurant;7500,50;1500,10;9000,60;perdu;rejete
06/06/2022;Taxi/VTC;4592,00;918,40;5510,40;non;en attente
30/09/2023;Deplacement;600,00;120,00;720,00;non;en attente
19/03/2023;Transport;1000,99;200,20;1201,19;oui;en attente
04/08/2023;Informatique;300,00;60,00;360,00;photo floue;valide
28/07/2022;Transport;200,99;40,20;241,19;non;rejete
08/08/2022;Deplacement;800,00;160,00;960,00;photo floue;en attente
06/04/2023;Transport;1237,99;247,60;1485,59;perdu;valide
27/09/2022;Restaurant;1200,00;240,00;1440,00;photo floue;rejete
18/11/2023;Formation;1200,00;240,00;1440,00;photo floue;en attente
15/05/2022;Informatique;2500,50;500,10;3000,60;non;rejete
25/09/2022;Formation;9000,00;1800,00;10800,00;photo floue;valide
28/07/2022;Fournitures;6000,99;1200,20;7201,19;non;valide
27/12/2023;Deplacement;1439,00;287,80;1726,80;photo floue;en attente
07/09/2022;Deplacement;2050,00;410,00;2460,00;photo floue;en attente
20/03/2022;Deplacement;900,00;180,00;1080,00;photo floue;en attente
07/04/2023;Taxi/VTC;659,00;131,80;790,80;non;valide
22/10/2022;Taxi/VTC;4177,00;835,40;5012,40;photo floue;valide
01/06/2023;Transport;4000,50;800,10;4800,60;photo floue;en attente
28/09/2023;Formation;850,00;170,00;1020,00;photo floue;valide
22/02/2022;Fournitures;2500,00;500,00;3000,00;perdu;en attente
11/11/2022;Informatique;1007,00;201,40;1208,40;oui;en attente
11/12/2022;Transport;150,00;30,00;180,00;perdu;rejete
27/10/2023;Informatique;5000,00;1000,00;6000,00;oui;rejete
03/09/2023;Deplacement;600,50;120,10;720,60;non;valide
25/07/2023;Telecom;4269,00;853,80;5122,80;oui;en attente
20/09/2022;Fournitures;3514,00;702,80;4216,80;oui;rejete
09/05/2023;Transport;1546,00;309,20;1855,20;photo floue;valide
06/09/2023;Hotel;800,99;160,20;961,19;perdu;valide
08/04/2022;Formation;4553,00;910,60;5463,60;perdu;rejete
13/05/2023;Fournitures;4600,50;920,10;5520,60;photo floue;en attente
19/04/2023;Restaurant;90,50;18,10;108,60;oui;rejete
04/01/2022;Representation;250,00;50,00;300,00;perdu;en attente
29/01/2022;Restaurant;5000,99;1000,20;6001,19;perdu;valide
28/04/2023;Restaurant;2000,00;400,00;2400,00;photo floue;valide
12/05/2022;Informatique;700,50;140,10;840,60;perdu;rejete
18/11/2022;Representation;5000,00;1000,00;6000,00;photo floue;rejete
30/12/2023;Restaurant;200,99;40,20;241,19;non;en attente
09/09/2022;Restaurant;300,00;60,00;360,00;photo floue;en attente
05/02/2022;Taxi/VTC;1552,00;310,40;1862,40;non;valide
22/01/2022;Fournitures;3500,50;700,10;4200,60;perdu;rejete
27/05/2022;Taxi/VTC;700,00;140,00;840,00;non;rejete
06/10/2023;Informatique;6000,50;1200,10;7200,60;oui;en attente
23/07/2023;Hotel;100,99;20,20;121,19;perdu;rejete
20/03/2023;Transport;8500,99;1700,20;10201,19;oui;en attente
31/07/2023;Taxi/VTC;450,00;90,00;540,00;non;rejete
16/10/2022;Informatique;350,00;70,00;420,00;photo floue;en attente
09/08/2022;Telecom;1500,00;300,00;1800,00;oui;rejete
09/09/2022;Deplacement;9000,99;1800,20;10801,19;photo floue;valide
13/09/2023;Informatique;80,00;16,00;96,00;oui;valide
28/10/2023;Telecom;100,50;20,10;120,60;non;valide
16/03/2022;Telecom;650,00;130,00;780,00;photo floue;en attente
09/05/2022;Deplacement;2000,00;400,00;2400,00;non;en attente
12/06/2022;Hotel;90,00;18,00;108,00;perdu;valide
01/08/2023;Telecom;2000,50;400,10;2400,60;non;en attente
10/07/2022;Formation;900,00;180,00;1080,00;oui;valide
04/10/2022;Deplacement;1000,00;200,00;1200,00;photo floue;valide
21/10/2022;Taxi/VTC;75,99;15,20;91,19;photo floue;valide
02/11/2023;Fournitures;900,50;180,10;1080,60;photo floue;rejete
08/05/2022;Formation;350,99;70,20;421,19;oui;en attente
04/10/2022;Representation;750,00;150,00;900,00;oui;valide
13/03/2023;Fournitures;900,00;180,00;1080,00;oui;valide
25/07/2023;Formation;450,00;90,00;540,00;photo floue;en attente
25/04/2023;Telecom;400,00;80,00;480,00;oui;en attente
20/06/2023;Representation;5000,50;1000,10;6000,60;perdu;en attente
22/02/2023;Deplacement;700,50;140,10;840,60;oui;rejete
18/11/2022;Taxi/VTC;750,50;150,10;900,60;non;rejete
14/06/2022;Telecom;400,50;80,10;480,60;oui;en attente
07/07/2022;Taxi/VTC;90,00;18,00;108,00;photo floue;rejete
30/10/2022;Telecom;3500,99;700,20;4201,19;photo floue;valide
02/08/2023;Informatique;600,50;120,10;720,60;oui;en attente
24/09/2022;Informatique;900,00;180,00;1080,00;oui;valide
09/06/2022;Formation;5500,99;1100,20;6601,19;non;en attente
17/03/2022;Transport;1000,50;200,10;1200,60;non;rejete
26/11/2023;Representation;4002,00;800,40;4802,40;oui;rejete
29/09/2022;Formation;4500,99;900,20;5401,19;non;valide
27/12/2023;Restaurant;80,00;16,00;96,00;oui;valide
12/02/2023;Hotel;200,00;40,00;240,00;non;rejete
16/02/2023;Informatique;750,99;150,20;901,19;oui;valide
06/01/2023;Formation;3895,99;779,20;4675,19;oui;valide
22/07/2023;Fournitures;900,00;180,00;1080,00;non;rejete
13/08/2023;Deplacement;9500,00;1900,00;11400,00;perdu;rejete
20/10/2022;Fournitures;900,99;180,20;1081,19;oui;en attente
24/07/2022;Deplacement;550,00;110,00;660,00;oui;en attente
23/06/2023;Informatique;80,00;16,00;96,00;oui;rejete
01/07/2023;Representation;950,00;190,00;1140,00;perdu;en attente
27/03/2022;Informatique;300,99;60,20;361,19;perdu;rejete
08/10/2023;Deplacement;3497,50;699,50;4197,00;non;en attente
18/11/2022;Hotel;3500,00;700,00;4200,00;oui;valide
26/04/2023;Representation;550,99;110,20;661,19;non;rejete
21/02/2023;Telecom;450,99;90,20;541,19;perdu;rejete
29/07/2022;Fournitures;2464,00;492,80;2956,80;photo floue;valide
28/09/2023;Fournitures;850,99;170,20;1021,19;oui;valide
25/12/2022;Hotel;200,00;40,00;240,00;perdu;rejete
11/04/2022;Telecom;400,50;80,10;480,60;non;en attente
25/04/2022;Taxi/VTC;1200,99;240,20;1441,19;non;rejete
12/05/2023;Informatique;850,00;170,00;1020,00;non;rejete
09/06/2023;Deplacement;800,50;160,10;960,60;photo floue;valide
10/01/2022;Restaurant;8000,00;1600,00;9600,00;oui;rejete
27/07/2022;Deplacement;718,00;143,60;861,60;non;en attente
11/09/2022;Restaurant;500,99;100,20;601,19;photo floue;en attente
10/12/2023;Formation;781,00;156,20;937,20;non;en attente
25/08/2022;Telecom;200,00;40,00;240,00;perdu;valide
17/12/2022;Transport;1200,00;240,00;1440,00;oui;en attente
01/01/2022;Informatique;850,00;170,00;1020,00;non;en attente
08/02/2023;Informatique;3257,00;651,40;3908,40;oui;en attente
04/05/2023;Deplacement;650,00;130,00;780,00;oui;rejete
27/09/2023;Restaurant;150,00;30,00;180,00;non;valide
28/01/2022;Transport;1266,00;253,20;1519,20;perdu;valide
07/12/2022;Informatique;2155,50;431,10;2586,60;perdu;en attente
17/07/2022;Formation;958,00;191,60;1149,60;non;valide
19/12/2023;Telecom;7000,00;1400,00;8400,00;oui;en attente
04/09/2022;Transport;950,00;190,00;1140,00;perdu;en attente
02/12/2023;Hotel;800,00;160,00;960,00;perdu;rejete
07/10/2023;Informatique;550,00;110,00;660,00;photo floue;en attente
02/09/2022;Fournitures;9999,99;2000,00;11999,99;perdu;en attente
08/12/2023;Transport;850,99;170,20;1021,19;photo floue;en attente
23/06/2023;Transport;2500,00;500,00;3000,00;non;rejete
02/08/2023;Deplacement;7000,00;1400,00;8400,00;non;en attente
28/01/2023;Formation;1026,00;205,20;1231,20;perdu;valide
10/06/2023;Fournitures;650,00;130,00;780,00;oui;valide
30/03/2022;Transport;3500,50;700,10;4200,60;oui;valide
08/01/2023;Taxi/VTC;700,00;140,00;840,00;oui;rejete
02/06/2022;Telecom;200,00;40,00;240,00;non;en attente
08/06/2022;Formation;350,00;70,00;420,00;perdu;en attente
27/03/2023;Telecom;3000,50;600,10;3600,60;perdu;valide
03/11/2022;Informatique;800,50;160,10;960,60;photo floue;rejete
31/05/2022;Informatique;2567,99;513,60;3081,59;oui;valide
02/12/2022;Taxi/VTC;1633,00;326,60;1959,60;perdu;en attente
18/01/2022;Hotel;2000,00;400,00;2400,00;photo floue;rejete
20/06/2022;Telecom;2500,99;500,20;3001,19;perdu;rejete
02/12/2022;Taxi/VTC;400,00;80,00;480,00;oui;valide
02/05/2023;Representation;100,00;20,00;120,00;photo floue;valide
13/05/2023;Informatique;4500,50;900,10;5400,60;non;en attente
25/03/2023;Taxi/VTC;1535,00;307,00;1842,00;photo floue;rejete
16/08/2023;Informatique;4834,00;966,80;5800,80;non;valide
03/04/2022;Informatique;4044,00;808,80;4852,80;perdu;en attente
17/12/2023;Informatique;1755,50;351,10;2106,60;non;valide
26/07/2023;Informatique;9000,00;1800,00;10800,00;perdu;valide
12/08/2023;Deplacement;700,50;140,10;840,60;perdu;en attente
15/08/2022;Hotel;3000,99;600,20;3601,19;oui;valide
19/04/2023;Restaurant;345,00;69,00;414,00;perdu;en attente
04/11/2023;Telecom;1000,99;200,20;1201,19;photo floue;valide
28/10/2023;Formation;400,00;80,00;480,00;photo floue;valide
11/04/2023;Taxi/VTC;750,50;150,10;900,60;photo floue;valide
30/01/2022;Telecom;900,00;180,00;1080,00;photo floue;en attente
06/07/2023;Taxi/VTC;500,00;100,00;600,00;photo floue;valide
02/03/2022;Restaurant;95,99;19,20;115,19;non;valide
03/05/2023;Telecom;100,99;20,20;121,19;oui;en attente
09/02/2022;Fournitures;250,00;50,00;300,00;oui;en attente
08/09/2022;Fournitures;9000,50;1800,10;10800,60;perdu;valide
26/08/2023;Telecom;950,99;190,20;1141,19;perdu;valide
03/04/2022;Restaurant;9000,99;1800,20;10801,19;oui;rejete
01/07/2023;Deplacement;700,50;140,10;840,60;photo floue;valide
19/03/2023;Formation;4478,00;895,60;5373,60;photo floue;en attente
22/10/2022;Formation;250,00;50,00;300,00;perdu;rejete
24/07/2022;Hotel;400,00;80,00;480,00;non;rejete
25/04/2023;Representation;950,00;190,00;1140,00;oui;en attente
18/04/2022;Formation;4000,99;800,20;4801,19;perdu;en attente
02/12/2022;Hotel;100,00;20,00;120,00;perdu;valide
18/08/2023;Informatique;300,00;60,00;360,00;photo floue;rejete
10/12/2022;Taxi/VTC;4466,50;893,30;5359,80;oui;rejete
12/05/2023;Restaurant;550,00;110,00;660,00;perdu;rejete
16/01/2022;Hotel;7500,00;1500,00;9000,00;oui;valide
24/06/2022;Hotel;100,50;20,10;120,60;non;valide
13/02/2023;Hotel;4533,99;906,80;5440,79;perdu;en attente
06/03/2023;Formation;2947,00;589,40;3536,40;non;valide
05/02/2022;Hotel;600,00;120,00;720,00;non;rejete
12/11/2023;Representation;5500,00;1100,00;6600,00;photo floue;en attente
30/05/2022;Informatique;200,50;40,10;240,60;photo floue;en attente
19/02/2023;Taxi/VTC;175,00;35,00;210,00;perdu;valide
13/10/2022;Transport;2500,00;500,00;3000,00;oui;valide
08/07/2023;Transport;4181,00;836,20;5017,20;perdu;en attente
02/05/2022;Telecom;800,00;160,00;960,00;photo floue;en attente
27/06/2022;Restaurant;4725,99;945,20;5671,19;non;valide
01/12/2022;Formation;3000,00;600,00;3600,00;non;en attente
10/11/2022;Representation;3000,00;600,00;3600,00;perdu;en attente
04/07/2022;Taxi/VTC;100,50;20,10;120,60;non;rejete
03/05/2022;Fournitures;4500,99;900,20;5401,19;non;rejete
18/07/2023;Transport;9999,00;1999,80;11998,80;photo floue;valide
11/11/2023;Hotel;800,50;160,10;960,60;photo floue;rejete
22/10/2023;Formation;3819,00;763,80;4582,80;oui;valide
16/03/2023;Restaurant;5000,00;1000,00;6000,00;oui;valide
13/12/2022;Transport;1500,00;300,00;1800,00;oui;en attente
16/10/2023;Fournitures;1500,00;300,00;1800,00;oui;valide
30/07/2022;Hotel;8500,99;1700,20;10201,19;perdu;en attente
19/11/2023;Fournitures;600,50;120,10;720,60;photo floue;valide
21/11/2023;Deplacement;8000,50;1600,10;9600,60;photo floue;valide
29/08/2022;Transport;1000,99;200,20;1201,19;photo floue;valide
08/05/2023;Representation;6000,50;1200,10;7200,60;oui;valide
14/09/2022;Telecom;700,00;140,00;840,00;photo floue;rejete
11/01/2023;Restaurant;1000,00;200,00;1200,00;photo floue;en attente
13/04/2022;Informatique;900,00;180,00;1080,00;oui;valide
05/06/2023;Representation;550,00;110,00;660,00;oui;en attente
25/05/2023;Fournitures;3000,50;600,10;3600,60;non;en attente
08/04/2022;Telecom;95,99;19,20;115,19;oui;en attente
14/04/2023;Representation;300,50;60,10;360,60;oui;rejete
23/09/2022;Restaurant;1845,00;369,00;2214,00;non;valide
13/10/2022;Formation;2897,00;579,40;3476,40;perdu;rejete
27/11/2023;Representation;650,00;130,00;780,00;perdu;valide
07/06/2022;Taxi/VTC;1800,00;360,00;2160,00;oui;rejete
03/01/2023;Restaurant;850,00;170,00;1020,00;perdu;en attente
18/11/2022;Restaurant;400,50;80,10;480,60;photo floue;rejete
13/05/2022;Fournitures;2731,50;546,30;3277,80;perdu;valide
20/05/2022;Formation;400,00;80,00;480,00;oui;valide
26/03/2023;Hotel;700,99;140,20;841,19;perdu;en attente
17/05/2023;Representation;2000,00;400,00;2400,00;photo floue;en attente
09/06/2022;Representation;4253,00;850,60;5103,60;non;en attente
16/05/2022;Deplacement;4000,00;800,00;4800,00;non;valide
28/10/2022;Deplacement;571,50;114,30;685,80;photo floue;valide
25/03/2023;Hotel;2000,50;400,10;2400,60;non;rejete
06/04/2022;Formation;4379,99;876,00;5255,99;non;en attente
13/02/2023;Hotel;1500,99;300,20;1801,19;oui;en attente
03/07/2023;Informatique;1500,50;300,10;1800,60;perdu;en attente
10/08/2023;Restaurant;1380,00;276,00;1656,00;photo floue;valide
25/06/2022;Informatique;550,00;110,00;660,00;non;en attente
09/12/2023;Formation;9000,00;1800,00;10800,00;non;valide
17/09/2022;Representation;550,00;110,00;660,00;perdu;en attente
04/03/2022;Informatique;600,50;120,10;720,60;non;rejete
28/03/2023;Representation;550,00;110,00;660,00;non;valide
29/03/2023;Telecom;3434,00;686,80;4120,80;perdu;rejete
15/07/2023;Formation;300,99;60,20;361,19;oui;rejete
30/10/2022;Taxi/VTC;7500,00;1500,00;9000,00;photo floue;en attente
06/06/2022;Transport;950,99;190,20;1141,19;non;valide
02/09/2022;Representation;1000,00;200,00;1200,00;oui;valide
22/11/2022;Hotel;200,50;40,10;240,60;oui;en attente
06/11/2022;Informatique;4216,00;843,20;5059,20;non;valide
01/06/2022;Informatique;600,99;120,20;721,19;oui;en attente
04/10/2023;Informatique;2024,00;404,80;2428,80;oui;en attente
01/09/2023;Telecom;95,00;19,00;114,00;photo floue;valide
21/07/2023;Telecom;6000,00;1200,00;7200,00;oui;valide
07/08/2022;Transport;1200,00;240,00;1440,00;non;rejete
16/11/2022;Informatique;8500,00;1700,00;10200,00;oui;valide
27/11/2022;Restaurant;400,00;80,00;480,00;non;en attente
20/06/2023;Representation;750,99;150,20;901,19;oui;en attente
01/05/2022;Hotel;5500,00;1100,00;6600,00;non;rejete
31/07/2023;Transport;1149,00;229,80;1378,80;perdu;valide
02/03/2022;Restaurant;7000,50;1400,10;8400,60;perdu;en attente
30/10/2023;Restaurant;750,99;150,20;901,19;oui;valide
06/03/2022;Hotel;3753,00;750,60;4503,60;oui;en attente
01/05/2022;Restaurant;3557,00;711,40;4268,40;photo floue;rejete
07/11/2023;Telecom;500,00;100,00;600,00;oui;en attente
17/08/2022;Taxi/VTC;2500,00;500,00;3000,00;perdu;valide
19/01/2022;Informatique;800,00;160,00;960,00;perdu;rejete
08/07/2023;Deplacement;2796,00;559,20;3355,20;non;valide
02/11/2022;Deplacement;9999,99;2000,00;11999,99;perdu;en attente
28/08/2023;Telecom;4500,00;900,00;5400,00;perdu;rejete
04/02/2022;Transport;3340,00;668,00;4008,00;oui;valide
21/05/2022;Taxi/VTC;450,50;90,10;540,60;oui;en attente
15/05/2022;Hotel;75,00;15,00;90,00;photo floue;en attente
24/03/2022;Telecom;600,00;120,00;720,00;oui;valide
28/12/2022;Transport;600,99;120,20;721,19;perdu;valide
31/05/2022;Informatique;2500,00;500,00;3000,00;photo floue;valide
28/09/2022;Representation;1200,00;240,00;1440,00;photo floue;valide
23/12/2023;Transport;300,00;60,00;360,00;non;valide
28/10/2023;Restaurant;8500,99;1700,20;10201,19;non;rejete
21/09/2022;Informatique;1000,00;200,00;1200,00;perdu;en attente
07/06/2023;Hotel;2000,00;400,00;2400,00;photo floue;rejete
09/06/2022;Representation;794,00;158,80;952,80;non;en attente
27/10/2022;Formation;800,00;160,00;960,00;non;valide
03/12/2023;Hotel;980,00;196,00;1176,00;oui;rejete
01/11/2023;Taxi/VTC;950,50;190,10;1140,60;photo floue;rejete
07/11/2022;Representation;750,00;150,00;900,00;photo floue;en attente
26/04/2022;Deplacement;900,00;180,00;1080,00;oui;rejete
16/07/2023;Restaurant;150,00;30,00;180,00;oui;rejete
15/10/2022;Transport;4772,00;954,40;5726,40;photo floue;en attente
20/11/2023;Representation;1000,50;200,10;1200,60;non;en attente
28/11/2022;Fournitures;750,00;150,00;900,00;non;rejete
23/02/2022;Representation;3500,99;700,20;4201,19;oui;valide
21/06/2023;Transport;1262,50;252,50;1515,00;oui;rejete
27/12/2022;Fournitures;1800,99;360,20;2161,19;photo floue;en attente
18/09/2022;Deplacement;90,99;18,20;109,19;perdu;valide
04/11/2022;Fournitures;5000,50;1000,10;6000,60;photo floue;rejete
16/06/2022;Formation;2777,99;555,60;3333,59;photo floue;en attente
22/09/2023;Telecom;3013,00;602,60;3615,60;perdu;en attente
03/06/2022;Representation;750,00;150,00;900,00;oui;rejete
10/07/2022;Deplacement;900,00;180,00;1080,00;photo floue;valide
24/03/2022;Hotel;600,99;120,20;721,19;perdu;valide
11/09/2023;Deplacement;250,50;50,10;300,60;non;en attente
03/08/2022;Formation;8000,00;1600,00;9600,00;non;rejete
07/09/2022;Transport;900,00;180,00;1080,00;perdu;valide
27/04/2022;Deplacement;473,00;94,60;567,60;photo floue;en attente
11/02/2023;Transport;500,00;100,00;600,00;photo floue;rejete
06/05/2022;Formation;900,00;180,00;1080,00;perdu;rejete
06/12/2023;Taxi/VTC;1075,00;215,00;1290,00;perdu;rejete
01/11/2023;Taxi/VTC;3972,50;794,50;4767,00;oui;rejete
21/04/2022;Deplacement;1114,00;222,80;1336,80;photo floue;en attente
24/08/2023;Telecom;5500,99;1100,20;6601,19;photo floue;en attente
15/10/2023;Taxi/VTC;95,99;19,20;115,19;perdu;valide
07/11/2022;Restaurant;350,00;70,00;420,00;perdu;valide
22/11/2022;Restaurant;2620,00;524,00;3144,00;oui;valide
02/07/2022;Taxi/VTC;400,00;80,00;480,00;oui;rejete
29/12/2023;Formation;200,00;40,00;240,00;non;rejete
21/06/2023;Taxi/VTC;450,50;90,10;540,60;non;en attente
11/03/2022;Hotel;4948,00;989,60;5937,60;oui;valide
07/05/2022;Representation;1500,00;300,00;1800,00;perdu;valide
29/10/2023;Hotel;250,99;50,20;301,19;perdu;valide
04/10/2022;Telecom;1200,99;240,20;1441,19;oui;rejete
10/08/2023;Fournitures;2500,99;500,20;3001,19;non;valide
06/04/2023;Restaurant;700,99;140,20;841,19;non;rejete
16/05/2023;Transport;100,00;20,00;120,00;oui;en attente
05/09/2022;Representation;7000,99;1400,20;8401,19;perdu;valide
26/07/2022;Formation;598,99;119,80;718,79;photo floue;rejete
10/02/2023;Transport;4000,00;800,00;4800,00;non;valide
11/09/2022;Taxi/VTC;1019,00;203,80;1222,80;oui;en attente
27/12/2022;Restaurant;750,00;150,00;900,00;perdu;valide
19/11/2023;Formation;1123,50;224,70;1348,20;oui;valide
31/05/2023;Telecom;50,99;10,20;61,19;perdu;valide
01/04/2023;Hotel;9999,50;1999,90;11999,40;perdu;en attente
30/03/2022;Restaurant;300,00;60,00;360,00;photo floue;en attente
16/10/2022;Formation;4000,99;800,20;4801,19;oui;valide
19/08/2022;Fournitures;7000,00;1400,00;8400,00;perdu;valide
03/05/2022;Representation;550,00;110,00;660,00;oui;en attente
20/09/2023;Telecom;5000,50;1000,10;6000,60;perdu;rejete
12/05/2022;Formation;900,00;180,00;1080,00;oui;rejete
20/06/2022;Fournitures;6000,99;1200,20;7201,19;perdu;en attente
11/09/2023;Representation;750,00;150,00;900,00;photo floue;valide
13/08/2023;Formation;200,50;40,10;240,60;photo floue;valide
09/02/2022;Informatique;3157,00;631,40;3788,40;perdu;rejete
20/04/2023;Deplacement;5000,50;1000,10;6000,60;non;rejete
05/12/2023;Deplacement;4875,00;975,00;5850,00;non;valide
10/05/2022;Taxi/VTC;120,00;24,00;144,00;oui;valide
06/09/2023;Representation;1000,99;200,20;1201,19;non;en attente
14/07/2023;Restaurant;600,99;120,20;721,19;oui;valide
24/07/2023;Taxi/VTC;120,00;24,00;144,00;perdu;rejete
26/02/2023;Informatique;800,50;160,10;960,60;perdu;rejete
13/04/2023;Hotel;2500,00;500,00;3000,00;perdu;en attente
25/11/2023;Deplacement;800,00;160,00;960,00;perdu;valide
27/11/2022;Formation;1500,00;300,00;1800,00;photo floue;en attente
18/04/2023;Hotel;4500,50;900,10;5400,60;non;rejete
29/06/2023;Deplacement;900,00;180,00;1080,00;oui;rejete
04/07/2022;Informatique;700,00;140,00;840,00;perdu;valide
10/02/2022;Informatique;950,99;190,20;1141,19;oui;en attente
29/12/2023;Formation;900,00;180,00;1080,00;photo floue;valide
02/05/2023;Formation;8000,50;1600,10;9600,60;perdu;valide
27/12/2023;Telecom;650,99;130,20;781,19;non;valide
21/11/2022;Taxi/VTC;7000,00;1400,00;8400,00;oui;rejete
26/10/2023;Transport;9000,00;1800,00;10800,00;non;rejete
02/04/2023;Informatique;2000,50;400,10;2400,60;perdu;en attente
08/08/2022;Informatique;950,00;190,00;1140,00;non;rejete
01/04/2022;Deplacement;400,99;80,20;481,19;perdu;valide
29/08/2022;Telecom;850,00;170,00;1020,00;non;rejete
27/08/2023;Fournitures;450,00;90,00;540,00;perdu;valide
16/12/2023;Representation;300,00;60,00;360,00;perdu;en attente
20/01/2023;Hotel;4668,00;933,60;5601,60;photo floue;en attente
27/01/2023;Hotel;1000,50;200,10;1200,60;non;rejete
29/03/2023;Formation;900,99;180,20;1081,19;non;valide
01/07/2022;Representation;2000,99;400,20;2401,19;oui;valide
22/10/2022;Telecom;2201,99;440,40;2642,39;non;en attente
29/06/2022;Formation;5000,50;1000,10;6000,60;non;en attente
22/05/2022;Taxi/VTC;600,00;120,00;720,00;non;rejete
18/10/2023;Transport;300,99;60,20;361,19;oui;en attente
10/04/2022;Telecom;2660,00;532,00;3192,00;perdu;rejete
27/06/2022;Transport;120,00;24,00;144,00;oui;rejete
17/07/2023;Taxi/VTC;80,00;16,00;96,00;perdu;rejete
19/04/2023;Restaurant;4855,50;971,10;5826,60;non;en attente
01/04/2023;Hotel;850,00;170,00;1020,00;non;rejete
15/01/2022;Transport;1000,99;200,20;1201,19;perdu;rejete
06/10/2022;Taxi/VTC;1800,50;360,10;2160,60;perdu;en attente
21/10/2022;Fournitures;700,00;140,00;840,00;perdu;en attente
28/03/2022;Fournitures;6000,50;1200,10;7200,60;photo floue;rejete
03/04/2023;Formation;3000,99;600,20;3601,19;photo floue;rejete
18/08/2022;Telecom;9000,00;1800,00;10800,00;non;valide
25/08/2022;Telecom;100,99;20,20;121,19;photo floue;en attente
19/09/2023;Transport;2500,00;500,00;3000,00;non;valide
28/03/2023;Deplacement;300,00;60,00;360,00;oui;valide
04/07/2023;Fournitures;600,99;120,20;721,19;non;valide
13/06/2022;Restaurant;8000,99;1600,20;9601,19;oui;en attente
04/01/2023;Formation;175,99;35,20;211,19;photo floue;rejete
13/07/2022;Transport;900,00;180,00;1080,00;perdu;rejete
14/12/2022;Formation;1500,00;300,00;1800,00;non;en attente
29/10/2023;Hotel;2000,00;400,00;2400,00;oui;rejete
12/09/2023;Informatique;95,99;19,20;115,19;perdu;en attente
08/05/2023;Taxi/VTC;1200,50;240,10;1440,60;oui;rejete
22/02/2022;Formation;6000,00;1200,00;7200,00;oui;valide
15/10/2023;Representation;100,00;20,00;120,00;oui;en attente
31/07/2022;Transport;750,99;150,20;901,19;perdu;rejete
13/06/2022;Representation;100,99;20,20;121,19;non;rejete
14/08/2023;Taxi/VTC;5000,50;1000,10;6000,60;photo floue;rejete
31/05/2022;Taxi/VTC;3741,50;748,30;4489,80;photo floue;rejete
31/08/2023;Formation;589,00;117,80;706,80;oui;rejete
12/02/2023;Telecom;724,00;144,80;868,80;photo floue;en attente
23/12/2022;Formation;100,00;20,00;120,00;perdu;en attente
19/07/2023;Informatique;200,50;40,10;240,60;oui;en attente
04/04/2022;Transport;950,00;190,00;1140,00;perdu;en attente
23/08/2023;Transport;900,50;180,10;1080,60;non;en attente
10/03/2022;Informatique;4102,00;820,40;4922,40;non;rejete
25/03/2023;Restaurant;750,00;150,00;900,00;oui;en attente
26/06/2022;Restaurant;80,99;16,20;97,19;photo floue;valide
21/02/2023;Hotel;350,00;70,00;420,00;oui;rejete
23/02/2023;Hotel;350,00;70,00;420,00;perdu;en attente
06/04/2023;Hotel;3500,50;700,10;4200,60;perdu;en attente
20/06/2022;Restaurant;300,00;60,00;360,00;perdu;en attente
18/10/2023;Transport;6000,00;1200,00;7200,00;non;valide
12/03/2022;Formation;3000,50;600,10;3600,60;non;en attente
19/10/2022;Representation;600,00;120,00;720,00;photo floue;rejete
15/09/2022;Fournitures;300,00;60,00;360,00;perdu;en attente
17/05/2022;Taxi/VTC;150,00;30,00;180,00;non;en attente
03/09/2023;Deplacement;600,00;120,00;720,00;photo floue;rejete
03/12/2023;Formation;250,00;50,00;300,00;non;valide
25/05/2022;Fournitures;950,00;190,00;1140,00;photo floue;rejete
09/03/2023;Formation;750,50;150,10;900,60;non;valide
23/09/2023;Deplacement;300,99;60,20;361,19;photo floue;rejete
20/11/2023;Telecom;9000,99;1800,20;10801,19;oui;valide
10/09/2022;Fournitures;3952,99;790,60;4743,59;oui;en attente
23/09/2022;Restaurant;650,00;130,00;780,00;non;valide
16/06/2023;Restaurant;200,00;40,00;240,00;oui;rejete
22/12/2022;Restaurant;950,00;190,00;1140,00;photo floue;rejete
01/01/2022;Restaurant;1500,99;300,20;1801,19;non;valide
07/03/2023;Hotel;100,00;20,00;120,00;photo floue;valide
06/05/2023;Representation;2580,00;516,00;3096,00;perdu;en attente
21/07/2023;Restaurant;650,00;130,00;780,00;perdu;rejete
24/10/2023;Fournitures;800,00;160,00;960,00;perdu;en attente
05/01/2023;Representation;250,00;50,00;300,00;oui;valide
13/02/2023;Telecom;4000,00;800,00;4800,00;oui;en attente
03/12/2022;Restaurant;7000,00;1400,00;8400,00;oui;valide
22/04/2023;Restaurant;370,00;74,00;444,00;non;rejete
01/07/2022;Deplacement;4000,00;800,00;4800,00;non;en attente
31/01/2023;Informatique;3733,50;746,70;4480,20;perdu;valide
02/09/2022;Informatique;3500,99;700,20;4201,19;perdu;rejete
10/12/2022;Restaurant;8500,99;1700,20;10201,19;perdu;valide
12/12/2023;Informatique;8500,00;1700,00;10200,00;oui;rejete
13/11/2022;Telecom;1500,99;300,20;1801,19;oui;rejete
31/12/2023;Representation;150,50;30,10;180,60;oui;rejete
14/07/2022;Deplacement;8000,00;1600,00;9600,00;photo floue;en attente
20/08/2023;Informatique;500,00;100,00;600,00;perdu;valide
10/04/2022;Representation;8500,00;1700,00;10200,00;oui;en attente
03/10/2023;Formation;4396,00;879,20;5275,20;non;rejete
17/04/2022;Deplacement;500,50;100,10;600,60;non;rejete
22/05/2022;Representation;1800,99;360,20;2161,19;non;valide
02/04/2023;Restaurant;150,99;30,20;181,19;perdu;valide
29/09/2022;Telecom;1182,50;236,50;1419,00;oui;valide
28/04/2022;Formation;550,00;110,00;660,00;oui;rejete
11/07/2023;Representation;120,00;24,00;144,00;non;valide
31/10/2022;Deplacement;4500,50;900,10;5400,60;oui;rejete
06/12/2023;Hotel;95,00;19,00;114,00;photo floue;valide
17/09/2022;Hotel;2500,00;500,00;3000,00;photo floue;rejete
25/09/2022;Hotel;650,99;130,20;781,19;photo floue;valide
05/01/2023;Fournitures;3913,00;782,60;4695,60;oui;valide
30/05/2022;Restaurant;1000,00;200,00;1200,00;oui;rejete
03/01/2022;Transport;750,00;150,00;900,00;perdu;en attente
19/11/2023;Restaurant;3900,00;780,00;4680,00;oui;rejete
01/09/2023;Formation;650,00;130,00;780,00;photo floue;valide
18/12/2022;Restaurant;300,50;60,10;360,60;non;valide
13/09/2023;Transport;650,00;130,00;780,00;photo floue;valide
23/06/2022;Transport;4533,99;906,80;5440,79;perdu;valide
13/05/2022;Hotel;300,99;60,20;361,19;perdu;en attente
24/06/2022;Telecom;450,00;90,00;540,00;non;en attente
13/07/2022;Hotel;3000,00;600,00;3600,00;perdu;rejete
24/06/2023;Telecom;1000,99;200,20;1201,19;oui;en attente
10/09/2022;Deplacement;650,99;130,20;781,19;non;valide
16/12/2022;Fournitures;900,50;180,10;1080,60;photo floue;rejete
17/09/2023;Informatique;900,00;180,00;1080,00;photo floue;valide
04/03/2023;Hotel;1500,00;300,00;1800,00;perdu;valide
23/04/2023;Fournitures;700,00;140,00;840,00;perdu;rejete
01/06/2023;Deplacement;4000,00;800,00;4800,00;oui;rejete
04/02/2023;Deplacement;1597,99;319,60;1917,59;oui;valide
25/12/2022;Telecom;9000,50;1800,10;10800,60;oui;rejete
28/05/2023;Restaurant;4000,00;800,00;4800,00;photo floue;rejete
15/01/2023;Telecom;2497,99;499,60;2997,59;non;rejete
07/07/2022;Transport;650,00;130,00;780,00;perdu;en attente
19/04/2022;Formation;150,00;30,00;180,00;perdu;en attente
07/04/2022;Telecom;7500,00;1500,00;9000,00;photo floue;valide
25/10/2023;Fournitures;4500,00;900,00;5400,00;oui;rejete
14/06/2023;Representation;500,00;100,00;600,00;photo floue;valide
05/01/2022;Hotel;813,50;162,70;976,20;non;valide
14/11/2023;Transport;100,50;20,10;120,60;perdu;rejete
16/05/2022;Deplacement;300,00;60,00;360,00;oui;valide
29/05/2023;Restaurant;3500,00;700,00;4200,00;oui;en attente
14/09/2023;Telecom;750,50;150,10;900,60;photo floue;en attente
28/07/2022;Taxi/VTC;5000,99;1000,20;6001,19;oui;en attente
31/07/2023;Telecom;120,00;24,00;144,00;non;rejete
13/07/2023;Deplacement;120,00;24,00;144,00;photo floue;valide
21/02/2022;Fournitures;100,00;20,00;120,00;photo floue;valide
05/11/2022;Deplacement;8000,00;1600,00;9600,00;non;en attente
14/11/2022;Hotel;350,00;70,00;420,00;oui;rejete
05/10/2022;Restaurant;1660,50;332,10;1992,60;perdu;rejete
07/07/2022;Transport;900,00;180,00;1080,00;photo floue;rejete
02/11/2023;Fournitures;1788,00;357,60;2145,60;photo floue;rejete
28/04/2022;Telecom;2730,00;546,00;3276,00;oui;rejete
15/03/2022;Transport;750,00;150,00;900,00;oui;en attente
25/09/2022;Informatique;4500,00;900,00;5400,00;photo floue;valide
27/02/2022;Telecom;8000,00;1600,00;9600,00;non;valide
26/05/2022;Representation;1200,00;240,00;1440,00;oui;valide
02/03/2022;Deplacement;1240,00;248,00;1488,00;oui;valide
16/09/2022;Informatique;4368,00;873,60;5241,60;photo floue;en attente
12/08/2022;Fournitures;850,50;170,10;1020,60;oui;en attente
20/01/2022;Formation;4525,00;905,00;5430,00;non;valide
05/12/2022;Deplacement;120,00;24,00;144,00;oui;valide
25/11/2023;Deplacement;2500,00;500,00;3000,00;oui;rejete
26/06/2023;Taxi/VTC;200,00;40,00;240,00;non;valide
08/05/2022;Telecom;4866,00;973,20;5839,20;oui;en attente
02/03/2023;Informatique;8000,00;1600,00;9600,00;non;rejete
23/11/2023;Representation;1200,00;240,00;1440,00;non;valide
04/02/2023;Restaurant;350,99;70,20;421,19;non;en attente
15/04/2023;Restaurant;2495,00;499,00;2994,00;photo floue;rejete
28/10/2022;Fournitures;500,50;100,10;600,60;photo floue;rejete
26/05/2022;Hotel;800,99;160,20;961,19;photo floue;rejete
11/06/2023;Taxi/VTC;550,99;110,20;661,19;perdu;rejete
25/06/2023;Telecom;3000,99;600,20;3601,19;oui;en attente
25/06/2022;Fournitures;900,99;180,20;1081,19;perdu;valide
17/07/2023;Telecom;3228,00;645,60;3873,60;perdu;en attente
26/02/2023;Hotel;1800,00;360,00;2160,00;photo floue;rejete
05/11/2023;Restaurant;1000,00;200,00;1200,00;oui;valide
24/06/2022;Taxi/VTC;500,00;100,00;600,00;oui;en attente
12/04/2022;Taxi/VTC;9999,50;1999,90;11999,40;non;en attente
17/08/2023;Taxi/VTC;7000,00;1400,00;8400,00;perdu;rejete
10/07/2022;Deplacement;4921,00;984,20;5905,20;photo floue;en attente
04/06/2023;Formation;200,50;40,10;240,60;non;en attente
24/12/2022;Fournitures;250,00;50,00;300,00;oui;rejete
01/03/2022;Telecom;4341,00;868,20;5209,20;photo floue;en attente
06/09/2023;Representation;1500,50;300,10;1800,60;oui;rejete
21/07/2023;Fournitures;900,50;180,10;1080,60;perdu;en attente
18/08/2023;Telecom;120,99;24,20;145,19;non;en attente
16/11/2022;Deplacement;1337,00;267,40;1604,40;perdu;rejete
01/03/2023;Telecom;3197,50;639,50;3837,00;photo floue;en attente
15/03/2022;Fournitures;500,00;100,00;600,00;non;rejete
30/05/2022;Restaurant;650,00;130,00;780,00;oui;valide
28/01/2023;Restaurant;150,00;30,00;180,00;non;valide
30/04/2022;Hotel;500,00;100,00;600,00;photo floue;valide
03/07/2022;Formation;2500,99;500,20;3001,19;oui;en attente
05/09/2022;Taxi/VTC;4081,00;816,20;4897,20;non;en attente
01/06/2022;Taxi/VTC;100,50;20,10;120,60;perdu;valide
30/05/2022;Transport;1439,99;288,00;1727,99;perdu;valide
22/06/2023;Representation;500,00;100,00;600,00;non;en attente
25/03/2023;Taxi/VTC;2000,00;400,00;2400,00;photo floue;en attente
11/08/2022;Fournitures;750,99;150,20;901,19;non;rejete
01/05/2023;Informatique;9999,50;1999,90;11999,40;perdu;rejete
04/11/2023;Formation;850,50;170,10;1020,60;photo floue;en attente
01/05/2022;Restaurant;750,99;150,20;901,19;non;en attente
19/04/2022;Deplacement;1000,00;200,00;1200,00;non;en attente
29/03/2023;Informatique;4000,00;800,00;4800,00;non;rejete
15/08/2023;Transport;4090,50;818,10;4908,60;perdu;en attente
02/08/2022;Transport;200,50;40,10;240,60;perdu;rejete
22/09/2023;Informatique;9000,00;1800,00;10800,00;photo floue;en attente
20/04/2023;Transport;800,00;160,00;960,00;perdu;rejete
21/11/2022;Telecom;5500,99;1100,20;6601,19;photo floue;rejete
02/04/2022;Deplacement;9999,00;1999,80;11998,80;photo floue;valide
25/04/2023;Informatique;80,99;16,20;97,19;perdu;en attente
09/11/2022;Informatique;850,99;170,20;1021,19;photo floue;valide
19/08/2022;Deplacement;75,00;15,00;90,00;photo floue;valide
03/08/2022;Restaurant;1500,50;300,10;1800,60;photo floue;valide
16/02/2022;Taxi/VTC;3726,50;745,30;4471,80;oui;rejete
23/12/2023;Deplacement;2572,00;514,40;3086,40;non;en attente
13/01/2023;Taxi/VTC;800,50;160,10;960,60;perdu;en attente
11/08/2023;Fournitures;50,00;10,00;60,00;photo floue;en attente
21/08/2023;Representation;550,00;110,00;660,00;photo floue;rejete
18/03/2023;Formation;4187,00;837,40;5024,40;non;rejete
14/11/2022;Transport;150,00;30,00;180,00;non;en attente
04/07/2023;Informatique;450,00;90,00;540,00;perdu;valide
26/10/2022;Informatique;550,00;110,00;660,00;photo floue;rejete
28/10/2023;Hotel;900,99;180,20;1081,19;photo floue;valide
25/04/2022;Formation;2500,00;500,00;3000,00;photo floue;en attente
08/09/2022;Hotel;850,50;170,10;1020,60;photo floue;en attente
15/06/2023;Fournitures;2500,00;500,00;3000,00;photo floue;rejete
28/10/2023;Formation;7500,00;1500,00;9000,00;photo floue;en attente
15/11/2022;Taxi/VTC;2012,50;402,50;2415,00;perdu;valide
03/08/2023;Telecom;500,00;100,00;600,00;non;en attente
26/05/2023;Informatique;1000,00;200,00;1200,00;photo floue;en attente
10/09/2022;Telecom;1500,00;300,00;1800,00;oui;valide
28/10/2023;Formation;600,00;120,00;720,00;perdu;rejete
08/11/2022;Restaurant;6000,00;1200,00;7200,00;non;en attente
28/12/2023;Fournitures;1200,99;240,20;1441,19;oui;rejete
31/03/2023;Telecom;3300,00;660,00;3960,00;non;rejete
12/11/2023;Hotel;6000,99;1200,20;7201,19;oui;valide
01/01/2023;Fournitures;120,99;24,20;145,19;perdu;rejete
04/01/2023;Informatique;1500,00;300,00;1800,00;perdu;en attente
15/02/2022;Telecom;550,00;110,00;660,00;oui;valide
28/01/2022;Taxi/VTC;3378,00;675,60;4053,60;photo floue;valide
06/10/2022;Informatique;850,00;170,00;1020,00;oui;valide
30/05/2023;Representation;750,00;150,00;900,00;non;rejete
09/11/2022;Representation;850,99;170,20;1021,19;non;en attente
21/08/2023;Fournitures;4500,00;900,00;5400,00;photo floue;rejete
01/12/2022;Telecom;1200,00;240,00;1440,00;photo floue;en attente
30/09/2023;Formation;4757,99;951,60;5709,59;perdu;rejete
18/07/2022;Fournitures;4329,00;865,80;5194,80;non;valide
14/11/2023;Deplacement;800,00;160,00;960,00;photo floue;valide
21/05/2023;Fournitures;600,00;120,00;720,00;perdu;valide
20/02/2022;Telecom;4921,00;984,20;5905,20;photo floue;valide
30/04/2023;Taxi/VTC;120,00;24,00;144,00;non;rejete
21/01/2023;Formation;1854,00;370,80;2224,80;perdu;rejete
02/12/2022;Hotel;150,00;30,00;180,00;perdu;valide
18/10/2022;Taxi/VTC;250,00;50,00;300,00;oui;en attente
30/06/2023;Hotel;80,00;16,00;96,00;perdu;valide
24/04/2023;Taxi/VTC;700,00;140,00;840,00;non;en attente
11/07/2023;Taxi/VTC;750,99;150,20;901,19;non;en attente
24/01/2022;Restaurant;8500,00;1700,00;10200,00;perdu;valide
26/01/2023;Informatique;450,99;90,20;541,19;non;en attente
14/03/2022;Taxi/VTC;1800,00;360,00;2160,00;non;en attente
05/02/2022;Restaurant;1927,00;385,40;2312,40;photo floue;valide
12/11/2023;Telecom;5500,00;1100,00;6600,00;photo floue;valide
25/01/2022;Restaurant;350,00;70,00;420,00;non;en attente
04/07/2022;Representation;750,00;150,00;900,00;perdu;rejete
11/10/2022;Deplacement;2463,50;492,70;2956,20;non;valide
